0000
0001
0002
0002
0003
0004
0005
0005
0006
0007
0008
0009
0009
000a
000b
000c
000d
000d
000e
000f
0010
0010
0011
0012
0013
0014
0014
0015
0016
0017
0018
0018
0019
001a
001b
001b
001c
001d
001e
001f
001f
0020
0021
0022
0023
0023
0024
0025
0026
0026
0027
0028
0029
002a
002a
002b
002c
002d
002e
002e
002f
0030
0031
0031
0032
0033
0034
0035
0035
0036
0037
0038
0039
0039
003a
003b
003c
003c
003d
003e
003f
0040
0040
0041
0042
0043
0044
0044
0045
0046
0047
0047
0048
0049
004a
004b
004b
004c
004d
004e
004f
004f
0050
0051
0052
0052
0053
0054
0055
0056
0056
0057
0058
0059
005a
005a
005b
005c
005d
005d
005e
005f
0060
0061
0061
0062
0063
0064
0065
0065
0066
0067
0068
0068
0069
006a
006b
006c
006c
006d
006e
006f
0070
0070
0071
0072
0073
0073
0074
0075
0076
0077
0077
0078
0079
007a
007b
007b
007c
007d
007e
007e
007f
0080
0081
0082
0082
0083
0084
0085
0085
0086
0087
0088
0089
0089
008a
008b
008c
008d
008d
008e
008f
0090
0090
0091
0092
0093
0094
0094
0095
0096
0097
0098
0098
0099
009a
009b
009b
009c
009d
009e
009f
009f
00a0
00a1
00a2
00a3
00a3
00a4
00a5
00a6
00a6
00a7
00a8
00a9
00aa
00aa
00ab
00ac
00ad
00ae
00ae
00af
00b0
00b1
00b1
00b2
00b3
00b4
00b5
00b5
00b6
00b7
00b8
00b9
00b9
00ba
00bb
00bc
00bc
00bd
00be
00bf
00c0
00c0
00c1
00c2
00c3
00c4
00c4
00c5
00c6
00c7
00c7
00c8
00c9
00ca
00cb
00cb
00cc
00cd
00ce
00cf
00cf
00d0
00d1
00d2
00d2
00d3
00d4
00d5
00d6
00d6
00d7
00d8
00d9
00da
00da
00db
00dc
00dd
00dd
00de
00df
00e0
00e1
00e1
00e2
00e3
00e4
00e4
00e5
00e6
00e7
00e8
00e8
00e9
00ea
00eb
00ec
00ec
00ed
00ee
00ef
00ef
00f0
00f1
00f2
00f3
00f3
00f4
00f5
00f6
00f7
00f7
00f8
00f9
00fa
00fa
00fb
00fc
00fd
00fe
00fe
00ff
0100
0101
0102
0102
0103
0104
0105
0105
0106
0107
0108
0109
0109
010a
010b
010c
010d
010d
010e
010f
0110
0110
0111
0112
0113
0114
0114
0115
0116
0117
0118
0118
0119
011a
011b
011b
011c
011d
011e
011f
011f
0120
0121
0122
0123
0123
0124
0125
0126
0126
0127
0128
0129
012a
012a
012b
012c
012d
012d
012e
012f
0130
0131
0131
0132
0133
0134
0135
0135
0136
0137
0138
0138
0139
013a
013b
013c
013c
013d
013e
013f
0140
0140
0141
0142
0143
0143
0144
0145
0146
0147
0147
0148
0149
014a
014b
014b
014c
014d
014e
014e
014f
0150
0151
0152
0152
0153
0154
0155
0156
0156
0157
0158
0159
0159
015a
015b
015c
015d
015d
015e
015f
0160
0160
0161
0162
0163
0164
0164
0165
0166
0167
0168
0168
0169
016a
016b
016b
016c
016d
016e
016f
016f
0170
0171
0172
0173
0173
0174
0175
0176
0176
0177
0178
0179
017a
017a
017b
017c
017d
017e
017e
017f
0180
0181
0181
0182
0183
0184
0185
0185
0186
0187
0188
0189
0189
018a
018b
018c
018c
018d
018e
018f
0190
0190
0191
0192
0193
0193
0194
0195
0196
0197
0197
0198
0199
019a
019b
019b
019c
019d
019e
019e
019f
01a0
01a1
01a2
01a2
01a3
01a4
01a5
01a6
01a6
01a7
01a8
01a9
01a9
01aa
01ab
01ac
01ad
01ad
01ae
01af
01b0
01b1
01b1
01b2
01b3
01b4
01b4
01b5
01b6
01b7
01b8
01b8
01b9
01ba
01bb
01bb
01bc
01bd
01be
01bf
01bf
01c0
01c1
01c2
01c3
01c3
01c4
01c5
01c6
01c6
01c7
01c8
01c9
01ca
01ca
01cb
01cc
01cd
01ce
01ce
01cf
01d0
01d1
01d1
01d2
01d3
01d4
01d5
01d5
01d6
01d7
01d8
01d8
01d9
01da
01db
01dc
01dc
01dd
01de
01df
01e0
01e0
01e1
01e2
01e3
01e3
01e4
01e5
01e6
01e7
01e7
01e8
01e9
01ea
01eb
01eb
01ec
01ed
01ee
01ee
01ef
01f0
01f1
01f2
01f2
01f3
01f4
01f5
01f5
01f6
01f7
01f8
01f9
01f9
01fa
01fb
01fc
01fd
01fd
01fe
01ff
0200
0200
0201
0202
0203
0204
0204
0205
0206
0207
0208
0208
0209
020a
020b
020b
020c
020d
020e
020f
020f
0210
0211
0212
0212
0213
0214
0215
0216
0216
0217
0218
0219
021a
021a
021b
021c
021d
021d
021e
021f
0220
0221
0221
0222
0223
0224
0225
0225
0226
0227
0228
0228
0229
022a
022b
022c
022c
022d
022e
022f
022f
0230
0231
0232
0233
0233
0234
0235
0236
0237
0237
0238
0239
023a
023a
023b
023c
023d
023e
023e
023f
0240
0241
0242
0242
0243
0244
0245
0245
0246
0247
0248
0249
0249
024a
024b
024c
024c
024d
024e
024f
0250
0250
0251
0252
0253
0254
0254
0255
0256
0257
0257
0258
0259
025a
025b
025b
025c
025d
025e
025e
025f
0260
0261
0262
0262
0263
0264
0265
0266
0266
0267
0268
0269
0269
026a
026b
026c
026d
026d
026e
026f
0270
0270
0271
0272
0273
0274
0274
0275
0276
0277
0278
0278
0279
027a
027b
027b
027c
027d
027e
027f
027f
0280
0281
0282
0283
0283
0284
0285
0286
0286
0287
0288
0289
028a
028a
028b
028c
028d
028d
028e
028f
0290
0291
0291
0292
0293
0294
0295
0295
0296
0297
0298
0298
0299
029a
029b
029c
029c
029d
029e
029f
029f
02a0
02a1
02a2
02a3
02a3
02a4
02a5
02a6
02a7
02a7
02a8
02a9
02aa
02aa
02ab
02ac
02ad
02ae
02ae
02af
02b0
02b1
02b1
02b2
02b3
02b4
02b5
02b5
02b6
02b7
02b8
02b9
02b9
02ba
02bb
02bc
02bc
02bd
02be
02bf
02c0
02c0
02c1
02c2
02c3
02c3
02c4
02c5
02c6
02c7
02c7
02c8
02c9
02ca
02cb
02cb
02cc
02cd
02ce
02ce
02cf
02d0
02d1
02d2
02d2
02d3
02d4
02d5
02d5
02d6
02d7
02d8
02d9
02d9
02da
02db
02dc
02dc
02dd
02de
02df
02e0
02e0
02e1
02e2
02e3
02e4
02e4
02e5
02e6
02e7
02e7
02e8
02e9
02ea
02eb
02eb
02ec
02ed
02ee
02ee
02ef
02f0
02f1
02f2
02f2
02f3
02f4
02f5
02f6
02f6
02f7
02f8
02f9
02f9
02fa
02fb
02fc
02fd
02fd
02fe
02ff
0300
0300
0301
0302
0303
0304
0304
0305
0306
0307
0308
0308
0309
030a
030b
030b
030c
030d
030e
030f
030f
0310
0311
0312
0312
0313
0314
0315
0316
0316
0317
0318
0319
0319
031a
031b
031c
031d
031d
031e
031f
0320
0321
0321
0322
0323
0324
0324
0325
0326
0327
0328
0328
0329
032a
032b
032b
032c
032d
032e
032f
032f
0330
0331
0332
0332
0333
0334
0335
0336
0336
0337
0338
0339
033a
033a
033b
033c
033d
033d
033e
033f
0340
0341
0341
0342
0343
0344
0344
0345
0346
0347
0348
0348
0349
034a
034b
034b
034c
034d
034e
034f
034f
0350
0351
0352
0353
0353
0354
0355
0356
0356
0357
0358
0359
035a
035a
035b
035c
035d
035d
035e
035f
0360
0361
0361
0362
0363
0364
0364
0365
0366
0367
0368
0368
0369
036a
036b
036c
036c
036d
036e
036f
036f
0370
0371
0372
0373
0373
0374
0375
0376
0376
0377
0378
0379
037a
037a
037b
037c
037d
037d
037e
037f
0380
0381
0381
0382
0383
0384
0384
0385
0386
0387
0388
0388
0389
038a
038b
038c
038c
038d
038e
038f
038f
0390
0391
0392
0393
0393
0394
0395
0396
0396
0397
0398
0399
039a
039a
039b
039c
039d
039d
039e
039f
03a0
03a1
03a1
03a2
03a3
03a4
03a4
03a5
03a6
03a7
03a8
03a8
03a9
03aa
03ab
03ac
03ac
03ad
03ae
03af
03af
03b0
03b1
03b2
03b3
03b3
03b4
03b5
03b6
03b6
03b7
03b8
03b9
03ba
03ba
03bb
03bc
03bd
03bd
03be
03bf
03c0
03c1
03c1
03c2
03c3
03c4
03c4
03c5
03c6
03c7
03c8
03c8
03c9
03ca
03cb
03cb
03cc
03cd
03ce
03cf
03cf
03d0
03d1
03d2
03d3
03d3
03d4
03d5
03d6
03d6
03d7
03d8
03d9
03da
03da
03db
03dc
03dd
03dd
03de
03df
03e0
03e1
03e1
03e2
03e3
03e4
03e4
03e5
03e6
03e7
03e8
03e8
03e9
03ea
03eb
03eb
03ec
03ed
03ee
03ef
03ef
03f0
03f1
03f2
03f2
03f3
03f4
03f5
03f6
03f6
03f7
03f8
03f9
03f9
03fa
03fb
03fc
03fd
03fd
03fe
03ff
0400
0400
0401
0402
0403
0404
0404
0405
0406
0407
0407
0408
0409
040a
040b
040b
040c
040d
040e
040f
040f
0410
0411
0412
0412
0413
0414
0415
0416
0416
0417
0418
0419
0419
041a
041b
041c
041d
041d
041e
041f
0420
0420
0421
0422
0423
0424
0424
0425
0426
0427
0427
0428
0429
042a
042b
042b
042c
042d
042e
042e
042f
0430
0431
0432
0432
0433
0434
0435
0435
0436
0437
0438
0439
0439
043a
043b
043c
043c
043d
043e
043f
0440
0440
0441
0442
0443
0443
0444
0445
0446
0447
0447
0448
0449
044a
044a
044b
044c
044d
044e
044e
044f
0450
0451
0451
0452
0453
0454
0455
0455
0456
0457
0458
0458
0459
045a
045b
045c
045c
045d
045e
045f
045f
0460
0461
0462
0463
0463
0464
0465
0466
0466
0467
0468
0469
046a
046a
046b
046c
046d
046d
046e
046f
0470
0471
0471
0472
0473
0474
0474
0475
0476
0477
0478
0478
0479
047a
047b
047b
047c
047d
047e
047f
047f
0480
0481
0482
0482
0483
0484
0485
0486
0486
0487
0488
0489
0489
048a
048b
048c
048d
048d
048e
048f
0490
0490
0491
0492
0493
0494
0494
0495
0496
0497
0497
0498
0499
049a
049b
049b
049c
049d
049e
049e
049f
04a0
04a1
04a2
04a2
04a3
04a4
04a5
04a5
04a6
04a7
04a8
04a9
04a9
04aa
04ab
04ac
04ac
04ad
04ae
04af
04b0
04b0
04b1
04b2
04b3
04b3
04b4
04b5
04b6
04b7
04b7
04b8
04b9
04ba
04ba
04bb
04bc
04bd
04be
04be
04bf
04c0
04c1
04c1
04c2
04c3
04c4
04c5
04c5
04c6
04c7
04c8
04c8
04c9
04ca
04cb
04cb
04cc
04cd
04ce
04cf
04cf
04d0
04d1
04d2
04d2
04d3
04d4
04d5
04d6
04d6
04d7
04d8
04d9
04d9
04da
04db
04dc
04dd
04dd
04de
04df
04e0
04e0
04e1
04e2
04e3
04e4
04e4
04e5
04e6
04e7
04e7
04e8
04e9
04ea
04eb
04eb
04ec
04ed
04ee
04ee
04ef
04f0
04f1
04f2
04f2
04f3
04f4
04f5
04f5
04f6
04f7
04f8
04f9
04f9
04fa
04fb
04fc
04fc
04fd
04fe
04ff
04ff
0500
0501
0502
0503
0503
0504
0505
0506
0506
0507
0508
0509
050a
050a
050b
050c
050d
050d
050e
050f
0510
0511
0511
0512
0513
0514
0514
0515
0516
0517
0518
0518
0519
051a
051b
051b
051c
051d
051e
051f
051f
0520
0521
0522
0522
0523
0524
0525
0525
0526
0527
0528
0529
0529
052a
052b
052c
052c
052d
052e
052f
0530
0530
0531
0532
0533
0533
0534
0535
0536
0537
0537
0538
0539
053a
053a
053b
053c
053d
053e
053e
053f
0540
0541
0541
0542
0543
0544
0544
0545
0546
0547
0548
0548
0549
054a
054b
054b
054c
054d
054e
054f
054f
0550
0551
0552
0552
0553
0554
0555
0556
0556
0557
0558
0559
0559
055a
055b
055c
055c
055d
055e
055f
0560
0560
0561
0562
0563
0563
0564
0565
0566
0567
0567
0568
0569
056a
056a
056b
056c
056d
056e
056e
056f
0570
0571
0571
0572
0573
0574
0574
0575
0576
0577
0578
0578
0579
057a
057b
057b
057c
057d
057e
057f
057f
0580
0581
0582
0582
0583
0584
0585
0586
0586
0587
0588
0589
0589
058a
058b
058c
058c
058d
058e
058f
0590
0590
0591
0592
0593
0593
0594
0595
0596
0597
0597
0598
0599
059a
059a
059b
059c
059d
059d
059e
059f
05a0
05a1
05a1
05a2
05a3
05a4
05a4
05a5
05a6
05a7
05a8
05a8
05a9
05aa
05ab
05ab
05ac
05ad
05ae
05ae
05af
05b0
05b1
05b2
05b2
05b3
05b4
05b5
05b5
05b6
05b7
05b8
05b9
05b9
05ba
05bb
05bc
05bc
05bd
05be
05bf
05bf
05c0
05c1
05c2
05c3
05c3
05c4
05c5
05c6
05c6
05c7
05c8
05c9
05ca
05ca
05cb
05cc
05cd
05cd
05ce
05cf
05d0
05d0
05d1
05d2
05d3
05d4
05d4
05d5
05d6
05d7
05d7
05d8
05d9
05da
05db
05db
05dc
05dd
05de
05de
05df
05e0
05e1
05e1
05e2
05e3
05e4
05e5
05e5
05e6
05e7
05e8
05e8
05e9
05ea
05eb
05eb
05ec
05ed
05ee
05ef
05ef
05f0
05f1
05f2
05f2
05f3
05f4
05f5
05f6
05f6
05f7
05f8
05f9
05f9
05fa
05fb
05fc
05fc
05fd
05fe
05ff
0600
0600
0601
0602
0603
0603
0604
0605
0606
0606
0607
0608
0609
060a
060a
060b
060c
060d
060d
060e
060f
0610
0611
0611
0612
0613
0614
0614
0615
0616
0617
0617
0618
0619
061a
061b
061b
061c
061d
061e
061e
061f
0620
0621
0621
0622
0623
0624
0625
0625
0626
0627
0628
0628
0629
062a
062b
062b
062c
062d
062e
062f
062f
0630
0631
0632
0632
0633
0634
0635
0636
0636
0637
0638
0639
0639
063a
063b
063c
063c
063d
063e
063f
0640
0640
0641
0642
0643
0643
0644
0645
0646
0646
0647
0648
0649
064a
064a
064b
064c
064d
064d
064e
064f
0650
0650
0651
0652
0653
0654
0654
0655
0656
0657
0657
0658
0659
065a
065a
065b
065c
065d
065e
065e
065f
0660
0661
0661
0662
0663
0664
0664
0665
0666
0667
0668
0668
0669
066a
066b
066b
066c
066d
066e
066e
066f
0670
0671
0672
0672
0673
0674
0675
0675
0676
0677
0678
0678
0679
067a
067b
067c
067c
067d
067e
067f
067f
0680
0681
0682
0682
0683
0684
0685
0686
0686
0687
0688
0689
0689
068a
068b
068c
068c
068d
068e
068f
0690
0690
0691
0692
0693
0693
0694
0695
0696
0696
0697
0698
0699
069a
069a
069b
069c
069d
069d
069e
069f
06a0
06a0
06a1
06a2
06a3
06a4
06a4
06a5
06a6
06a7
06a7
06a8
06a9
06aa
06aa
06ab
06ac
06ad
06ae
06ae
06af
06b0
06b1
06b1
06b2
06b3
06b4
06b4
06b5
06b6
06b7
06b7
06b8
06b9
06ba
06bb
06bb
06bc
06bd
06be
06be
06bf
06c0
06c1
06c1
06c2
06c3
06c4
06c5
06c5
06c6
06c7
06c8
06c8
06c9
06ca
06cb
06cb
06cc
06cd
06ce
06cf
06cf
06d0
06d1
06d2
06d2
06d3
06d4
06d5
06d5
06d6
06d7
06d8
06d8
06d9
06da
06db
06dc
06dc
06dd
06de
06df
06df
06e0
06e1
06e2
06e2
06e3
06e4
06e5
06e6
06e6
06e7
06e8
06e9
06e9
06ea
06eb
06ec
06ec
06ed
06ee
06ef
06ef
06f0
06f1
06f2
06f3
06f3
06f4
06f5
06f6
06f6
06f7
06f8
06f9
06f9
06fa
06fb
06fc
06fd
06fd
06fe
06ff
0700
0700
0701
0702
0703
0703
0704
0705
0706
0706
0707
0708
0709
070a
070a
070b
070c
070d
070d
070e
070f
0710
0710
0711
0712
0713
0714
0714
0715
0716
0717
0717
0718
0719
071a
071a
071b
071c
071d
071d
071e
071f
0720
0721
0721
0722
0723
0724
0724
0725
0726
0727
0727
0728
0729
072a
072a
072b
072c
072d
072e
072e
072f
0730
0731
0731
0732
0733
0734
0734
0735
0736
0737
0737
0738
0739
073a
073b
073b
073c
073d
073e
073e
073f
0740
0741
0741
0742
0743
0744
0744
0745
0746
0747
0748
0748
0749
074a
074b
074b
074c
074d
074e
074e
074f
0750
0751
0751
0752
0753
0754
0755
0755
0756
0757
0758
0758
0759
075a
075b
075b
075c
075d
075e
075e
075f
0760
0761
0762
0762
0763
0764
0765
0765
0766
0767
0768
0768
0769
076a
076b
076b
076c
076d
076e
076f
076f
0770
0771
0772
0772
0773
0774
0775
0775
0776
0777
0778
0778
0779
077a
077b
077c
077c
077d
077e
077f
077f
0780
0781
0782
0782
0783
0784
0785
0785
0786
0787
0788
0788
0789
078a
078b
078c
078c
078d
078e
078f
078f
0790
0791
0792
0792
0793
0794
0795
0795
0796
0797
0798
0799
0799
079a
079b
079c
079c
079d
079e
079f
079f
07a0
07a1
07a2
07a2
07a3
07a4
07a5
07a5
07a6
07a7
07a8
07a9
07a9
07aa
07ab
07ac
07ac
07ad
07ae
07af
07af
07b0
07b1
07b2
07b2
07b3
07b4
07b5
07b5
07b6
07b7
07b8
07b9
07b9
07ba
07bb
07bc
07bc
07bd
07be
07bf
07bf
07c0
07c1
07c2
07c2
07c3
07c4
07c5
07c5
07c6
07c7
07c8
07c9
07c9
07ca
07cb
07cc
07cc
07cd
07ce
07cf
07cf
07d0
07d1
07d2
07d2
07d3
07d4
07d5
07d5
07d6
07d7
07d8
07d9
07d9
07da
07db
07dc
07dc
07dd
07de
07df
07df
07e0
07e1
07e2
07e2
07e3
07e4
07e5
07e5
07e6
07e7
07e8
07e9
07e9
07ea
07eb
07ec
07ec
07ed
07ee
07ef
07ef
07f0
07f1
07f2
07f2
07f3
07f4
07f5
07f5
07f6
07f7
07f8
07f8
07f9
07fa
07fb
07fc
07fc
07fd
07fe
07ff
07ff
0800
0801
0802
0802
0803
0804
0805
0805
0806
0807
0808
0808
0809
080a
080b
080b
080c
080d
080e
080f
080f
0810
0811
0812
0812
0813
0814
0815
0815
0816
0817
0818
0818
0819
081a
081b
081b
081c
081d
081e
081e
081f
0820
0821
0822
0822
0823
0824
0825
0825
0826
0827
0828
0828
0829
082a
082b
082b
082c
082d
082e
082e
082f
0830
0831
0831
0832
0833
0834
0835
0835
0836
0837
0838
0838
0839
083a
083b
083b
083c
083d
083e
083e
083f
0840
0841
0841
0842
0843
0844
0844
0845
0846
0847
0847
0848
0849
084a
084b
084b
084c
084d
084e
084e
084f
0850
0851
0851
0852
0853
0854
0854
0855
0856
0857
0857
0858
0859
085a
085a
085b
085c
085d
085d
085e
085f
0860
0861
0861
0862
0863
0864
0864
0865
0866
0867
0867
0868
0869
086a
086a
086b
086c
086d
086d
086e
086f
0870
0870
0871
0872
0873
0873
0874
0875
0876
0876
0877
0878
0879
087a
087a
087b
087c
087d
087d
087e
087f
0880
0880
0881
0882
0883
0883
0884
0885
0886
0886
0887
0888
0889
0889
088a
088b
088c
088c
088d
088e
088f
088f
0890
0891
0892
0892
0893
0894
0895
0896
0896
0897
0898
0899
0899
089a
089b
089c
089c
089d
089e
089f
089f
08a0
08a1
08a2
08a2
08a3
08a4
08a5
08a5
08a6
08a7
08a8
08a8
08a9
08aa
08ab
08ab
08ac
08ad
08ae
08ae
08af
08b0
08b1
08b1
08b2
08b3
08b4
08b5
08b5
08b6
08b7
08b8
08b8
08b9
08ba
08bb
08bb
08bc
08bd
08be
08be
08bf
08c0
08c1
08c1
08c2
08c3
08c4
08c4
08c5
08c6
08c7
08c7
08c8
08c9
08ca
08ca
08cb
08cc
08cd
08cd
08ce
08cf
08d0
08d0
08d1
08d2
08d3
08d3
08d4
08d5
08d6
08d6
08d7
08d8
08d9
08da
08da
08db
08dc
08dd
08dd
08de
08df
08e0
08e0
08e1
08e2
08e3
08e3
08e4
08e5
08e6
08e6
08e7
08e8
08e9
08e9
08ea
08eb
08ec
08ec
08ed
08ee
08ef
08ef
08f0
08f1
08f2
08f2
08f3
08f4
08f5
08f5
08f6
08f7
08f8
08f8
08f9
08fa
08fb
08fb
08fc
08fd
08fe
08fe
08ff
0900
0901
0901
0902
0903
0904
0904
0905
0906
0907
0908
0908
0909
090a
090b
090b
090c
090d
090e
090e
090f
0910
0911
0911
0912
0913
0914
0914
0915
0916
0917
0917
0918
0919
091a
091a
091b
091c
091d
091d
091e
091f
0920
0920
0921
0922
0923
0923
0924
0925
0926
0926
0927
0928
0929
0929
092a
092b
092c
092c
092d
092e
092f
092f
0930
0931
0932
0932
0933
0934
0935
0935
0936
0937
0938
0938
0939
093a
093b
093b
093c
093d
093e
093e
093f
0940
0941
0941
0942
0943
0944
0944
0945
0946
0947
0947
0948
0949
094a
094a
094b
094c
094d
094d
094e
094f
0950
0950
0951
0952
0953
0953
0954
0955
0956
0956
0957
0958
0959
0959
095a
095b
095c
095d
095d
095e
095f
0960
0960
0961
0962
0963
0963
0964
0965
0966
0966
0967
0968
0969
0969
096a
096b
096c
096c
096d
096e
096f
096f
0970
0971
0972
0972
0973
0974
0975
0975
0976
0977
0978
0978
0979
097a
097b
097b
097c
097d
097e
097e
097f
0980
0981
0981
0982
0983
0984
0984
0985
0986
0987
0987
0988
0989
098a
098a
098b
098c
098d
098d
098e
098f
0990
0990
0991
0992
0993
0993
0994
0995
0996
0996
0997
0998
0999
0999
099a
099b
099c
099c
099d
099e
099e
099f
09a0
09a1
09a1
09a2
09a3
09a4
09a4
09a5
09a6
09a7
09a7
09a8
09a9
09aa
09aa
09ab
09ac
09ad
09ad
09ae
09af
09b0
09b0
09b1
09b2
09b3
09b3
09b4
09b5
09b6
09b6
09b7
09b8
09b9
09b9
09ba
09bb
09bc
09bc
09bd
09be
09bf
09bf
09c0
09c1
09c2
09c2
09c3
09c4
09c5
09c5
09c6
09c7
09c8
09c8
09c9
09ca
09cb
09cb
09cc
09cd
09ce
09ce
09cf
09d0
09d1
09d1
09d2
09d3
09d4
09d4
09d5
09d6
09d7
09d7
09d8
09d9
09da
09da
09db
09dc
09dd
09dd
09de
09df
09e0
09e0
09e1
09e2
09e3
09e3
09e4
09e5
09e6
09e6
09e7
09e8
09e9
09e9
09ea
09eb
09ec
09ec
09ed
09ee
09ef
09ef
09f0
09f1
09f1
09f2
09f3
09f4
09f4
09f5
09f6
09f7
09f7
09f8
09f9
09fa
09fa
09fb
09fc
09fd
09fd
09fe
09ff
0a00
0a00
0a01
0a02
0a03
0a03
0a04
0a05
0a06
0a06
0a07
0a08
0a09
0a09
0a0a
0a0b
0a0c
0a0c
0a0d
0a0e
0a0f
0a0f
0a10
0a11
0a12
0a12
0a13
0a14
0a15
0a15
0a16
0a17
0a18
0a18
0a19
0a1a
0a1b
0a1b
0a1c
0a1d
0a1d
0a1e
0a1f
0a20
0a20
0a21
0a22
0a23
0a23
0a24
0a25
0a26
0a26
0a27
0a28
0a29
0a29
0a2a
0a2b
0a2c
0a2c
0a2d
0a2e
0a2f
0a2f
0a30
0a31
0a32
0a32
0a33
0a34
0a35
0a35
0a36
0a37
0a38
0a38
0a39
0a3a
0a3b
0a3b
0a3c
0a3d
0a3e
0a3e
0a3f
0a40
0a40
0a41
0a42
0a43
0a43
0a44
0a45
0a46
0a46
0a47
0a48
0a49
0a49
0a4a
0a4b
0a4c
0a4c
0a4d
0a4e
0a4f
0a4f
0a50
0a51
0a52
0a52
0a53
0a54
0a55
0a55
0a56
0a57
0a58
0a58
0a59
0a5a
0a5b
0a5b
0a5c
0a5d
0a5d
0a5e
0a5f
0a60
0a60
0a61
0a62
0a63
0a63
0a64
0a65
0a66
0a66
0a67
0a68
0a69
0a69
0a6a
0a6b
0a6c
0a6c
0a6d
0a6e
0a6f
0a6f
0a70
0a71
0a72
0a72
0a73
0a74
0a74
0a75
0a76
0a77
0a77
0a78
0a79
0a7a
0a7a
0a7b
0a7c
0a7d
0a7d
0a7e
0a7f
0a80
0a80
0a81
0a82
0a83
0a83
0a84
0a85
0a86
0a86
0a87
0a88
0a89
0a89
0a8a
0a8b
0a8b
0a8c
0a8d
0a8e
0a8e
0a8f
0a90
0a91
0a91
0a92
0a93
0a94
0a94
0a95
0a96
0a97
0a97
0a98
0a99
0a9a
0a9a
0a9b
0a9c
0a9d
0a9d
0a9e
0a9f
0aa0
0aa0
0aa1
0aa2
0aa2
0aa3
0aa4
0aa5
0aa5
0aa6
0aa7
0aa8
0aa8
0aa9
0aaa
0aab
0aab
0aac
0aad
0aae
0aae
0aaf
0ab0
0ab1
0ab1
0ab2
0ab3
0ab3
0ab4
0ab5
0ab6
0ab6
0ab7
0ab8
0ab9
0ab9
0aba
0abb
0abc
0abc
0abd
0abe
0abf
0abf
0ac0
0ac1
0ac2
0ac2
0ac3
0ac4
0ac5
0ac5
0ac6
0ac7
0ac7
0ac8
0ac9
0aca
0aca
0acb
0acc
0acd
0acd
0ace
0acf
0ad0
0ad0
0ad1
0ad2
0ad3
0ad3
0ad4
0ad5
0ad6
0ad6
0ad7
0ad8
0ad8
0ad9
0ada
0adb
0adb
0adc
0add
0ade
0ade
0adf
0ae0
0ae1
0ae1
0ae2
0ae3
0ae4
0ae4
0ae5
0ae6
0ae6
0ae7
0ae8
0ae9
0ae9
0aea
0aeb
0aec
0aec
0aed
0aee
0aef
0aef
0af0
0af1
0af2
0af2
0af3
0af4
0af5
0af5
0af6
0af7
0af7
0af8
0af9
0afa
0afa
0afb
0afc
0afd
0afd
0afe
0aff
0b00
0b00
0b01
0b02
0b03
0b03
0b04
0b05
0b05
0b06
0b07
0b08
0b08
0b09
0b0a
0b0b
0b0b
0b0c
0b0d
0b0e
0b0e
0b0f
0b10
0b11
0b11
0b12
0b13
0b13
0b14
0b15
0b16
0b16
0b17
0b18
0b19
0b19
0b1a
0b1b
0b1c
0b1c
0b1d
0b1e
0b1f
0b1f
0b20
0b21
0b21
0b22
0b23
0b24
0b24
0b25
0b26
0b27
0b27
0b28
0b29
0b2a
0b2a
0b2b
0b2c
0b2d
0b2d
0b2e
0b2f
0b2f
0b30
0b31
0b32
0b32
0b33
0b34
0b35
0b35
0b36
0b37
0b38
0b38
0b39
0b3a
0b3a
0b3b
0b3c
0b3d
0b3d
0b3e
0b3f
0b40
0b40
0b41
0b42
0b43
0b43
0b44
0b45
0b46
0b46
0b47
0b48
0b48
0b49
0b4a
0b4b
0b4b
0b4c
0b4d
0b4e
0b4e
0b4f
0b50
0b51
0b51
0b52
0b53
0b53
0b54
0b55
0b56
0b56
0b57
0b58
0b59
0b59
0b5a
0b5b
0b5c
0b5c
0b5d
0b5e
0b5e
0b5f
0b60
0b61
0b61
0b62
0b63
0b64
0b64
0b65
0b66
0b67
0b67
0b68
0b69
0b6a
0b6a
0b6b
0b6c
0b6c
0b6d
0b6e
0b6f
0b6f
0b70
0b71
0b72
0b72
0b73
0b74
0b75
0b75
0b76
0b77
0b77
0b78
0b79
0b7a
0b7a
0b7b
0b7c
0b7d
0b7d
0b7e
0b7f
0b80
0b80
0b81
0b82
0b82
0b83
0b84
0b85
0b85
0b86
0b87
0b88
0b88
0b89
0b8a
0b8a
0b8b
0b8c
0b8d
0b8d
0b8e
0b8f
0b90
0b90
0b91
0b92
0b93
0b93
0b94
0b95
0b95
0b96
0b97
0b98
0b98
0b99
0b9a
0b9b
0b9b
0b9c
0b9d
0b9e
0b9e
0b9f
0ba0
0ba0
0ba1
0ba2
0ba3
0ba3
0ba4
0ba5
0ba6
0ba6
0ba7
0ba8
0ba9
0ba9
0baa
0bab
0bab
0bac
0bad
0bae
0bae
0baf
0bb0
0bb1
0bb1
0bb2
0bb3
0bb3
0bb4
0bb5
0bb6
0bb6
0bb7
0bb8
0bb9
0bb9
0bba
0bbb
0bbc
0bbc
0bbd
0bbe
0bbe
0bbf
0bc0
0bc1
0bc1
0bc2
0bc3
0bc4
0bc4
0bc5
0bc6
0bc6
0bc7
0bc8
0bc9
0bc9
0bca
0bcb
0bcc
0bcc
0bcd
0bce
0bce
0bcf
0bd0
0bd1
0bd1
0bd2
0bd3
0bd4
0bd4
0bd5
0bd6
0bd7
0bd7
0bd8
0bd9
0bd9
0bda
0bdb
0bdc
0bdc
0bdd
0bde
0bdf
0bdf
0be0
0be1
0be1
0be2
0be3
0be4
0be4
0be5
0be6
0be7
0be7
0be8
0be9
0be9
0bea
0beb
0bec
0bec
0bed
0bee
0bef
0bef
0bf0
0bf1
0bf1
0bf2
0bf3
0bf4
0bf4
0bf5
0bf6
0bf7
0bf7
0bf8
0bf9
0bfa
0bfa
0bfb
0bfc
0bfc
0bfd
0bfe
0bff
0bff
0c00
0c01
0c02
0c02
0c03
0c04
0c04
0c05
0c06
0c07
0c07
0c08
0c09
0c0a
0c0a
0c0b
0c0c
0c0c
0c0d
0c0e
0c0f
0c0f
0c10
0c11
0c12
0c12
0c13
0c14
0c14
0c15
0c16
0c17
0c17
0c18
0c19
0c1a
0c1a
0c1b
0c1c
0c1c
0c1d
0c1e
0c1f
0c1f
0c20
0c21
0c22
0c22
0c23
0c24
0c24
0c25
0c26
0c27
0c27
0c28
0c29
0c2a
0c2a
0c2b
0c2c
0c2c
0c2d
0c2e
0c2f
0c2f
0c30
0c31
0c31
0c32
0c33
0c34
0c34
0c35
0c36
0c37
0c37
0c38
0c39
0c39
0c3a
0c3b
0c3c
0c3c
0c3d
0c3e
0c3f
0c3f
0c40
0c41
0c41
0c42
0c43
0c44
0c44
0c45
0c46
0c47
0c47
0c48
0c49
0c49
0c4a
0c4b
0c4c
0c4c
0c4d
0c4e
0c4f
0c4f
0c50
0c51
0c51
0c52
0c53
0c54
0c54
0c55
0c56
0c56
0c57
0c58
0c59
0c59
0c5a
0c5b
0c5c
0c5c
0c5d
0c5e
0c5e
0c5f
0c60
0c61
0c61
0c62
0c63
0c64
0c64
0c65
0c66
0c66
0c67
0c68
0c69
0c69
0c6a
0c6b
0c6b
0c6c
0c6d
0c6e
0c6e
0c6f
0c70
0c71
0c71
0c72
0c73
0c73
0c74
0c75
0c76
0c76
0c77
0c78
0c79
0c79
0c7a
0c7b
0c7b
0c7c
0c7d
0c7e
0c7e
0c7f
0c80
0c80
0c81
0c82
0c83
0c83
0c84
0c85
0c86
0c86
0c87
0c88
0c88
0c89
0c8a
0c8b
0c8b
0c8c
0c8d
0c8d
0c8e
0c8f
0c90
0c90
0c91
0c92
0c93
0c93
0c94
0c95
0c95
0c96
0c97
0c98
0c98
0c99
0c9a
0c9a
0c9b
0c9c
0c9d
0c9d
0c9e
0c9f
0ca0
0ca0
0ca1
0ca2
0ca2
0ca3
0ca4
0ca5
0ca5
0ca6
0ca7
0ca7
0ca8
0ca9
0caa
0caa
0cab
0cac
0cad
0cad
0cae
0caf
0caf
0cb0
0cb1
0cb2
0cb2
0cb3
0cb4
0cb4
0cb5
0cb6
0cb7
0cb7
0cb8
0cb9
0cb9
0cba
0cbb
0cbc
0cbc
0cbd
0cbe
0cbf
0cbf
0cc0
0cc1
0cc1
0cc2
0cc3
0cc4
0cc4
0cc5
0cc6
0cc6
0cc7
0cc8
0cc9
0cc9
0cca
0ccb
0ccb
0ccc
0ccd
0cce
0cce
0ccf
0cd0
0cd1
0cd1
0cd2
0cd3
0cd3
0cd4
0cd5
0cd6
0cd6
0cd7
0cd8
0cd8
0cd9
0cda
0cdb
0cdb
0cdc
0cdd
0cdd
0cde
0cdf
0ce0
0ce0
0ce1
0ce2
0ce2
0ce3
0ce4
0ce5
0ce5
0ce6
0ce7
0ce8
0ce8
0ce9
0cea
0cea
0ceb
0cec
0ced
0ced
0cee
0cef
0cef
0cf0
0cf1
0cf2
0cf2
0cf3
0cf4
0cf4
0cf5
0cf6
0cf7
0cf7
0cf8
0cf9
0cf9
0cfa
0cfb
0cfc
0cfc
0cfd
0cfe
0cff
0cff
0d00
0d01
0d01
0d02
0d03
0d04
0d04
0d05
0d06
0d06
0d07
0d08
0d09
0d09
0d0a
0d0b
0d0b
0d0c
0d0d
0d0e
0d0e
0d0f
0d10
0d10
0d11
0d12
0d13
0d13
0d14
0d15
0d15
0d16
0d17
0d18
0d18
0d19
0d1a
0d1a
0d1b
0d1c
0d1d
0d1d
0d1e
0d1f
0d1f
0d20
0d21
0d22
0d22
0d23
0d24
0d25
0d25
0d26
0d27
0d27
0d28
0d29
0d2a
0d2a
0d2b
0d2c
0d2c
0d2d
0d2e
0d2f
0d2f
0d30
0d31
0d31
0d32
0d33
0d34
0d34
0d35
0d36
0d36
0d37
0d38
0d39
0d39
0d3a
0d3b
0d3b
0d3c
0d3d
0d3e
0d3e
0d3f
0d40
0d40
0d41
0d42
0d43
0d43
0d44
0d45
0d45
0d46
0d47
0d48
0d48
0d49
0d4a
0d4a
0d4b
0d4c
0d4d
0d4d
0d4e
0d4f
0d4f
0d50
0d51
0d52
0d52
0d53
0d54
0d54
0d55
0d56
0d57
0d57
0d58
0d59
0d59
0d5a
0d5b
0d5c
0d5c
0d5d
0d5e
0d5e
0d5f
0d60
0d61
0d61
0d62
0d63
0d63
0d64
0d65
0d66
0d66
0d67
0d68
0d68
0d69
0d6a
0d6b
0d6b
0d6c
0d6d
0d6d
0d6e
0d6f
0d70
0d70
0d71
0d72
0d72
0d73
0d74
0d74
0d75
0d76
0d77
0d77
0d78
0d79
0d79
0d7a
0d7b
0d7c
0d7c
0d7d
0d7e
0d7e
0d7f
0d80
0d81
0d81
0d82
0d83
0d83
0d84
0d85
0d86
0d86
0d87
0d88
0d88
0d89
0d8a
0d8b
0d8b
0d8c
0d8d
0d8d
0d8e
0d8f
0d90
0d90
0d91
0d92
0d92
0d93
0d94
0d95
0d95
0d96
0d97
0d97
0d98
0d99
0d9a
0d9a
0d9b
0d9c
0d9c
0d9d
0d9e
0d9e
0d9f
0da0
0da1
0da1
0da2
0da3
0da3
0da4
0da5
0da6
0da6
0da7
0da8
0da8
0da9
0daa
0dab
0dab
0dac
0dad
0dad
0dae
0daf
0db0
0db0
0db1
0db2
0db2
0db3
0db4
0db4
0db5
0db6
0db7
0db7
0db8
0db9
0db9
0dba
0dbb
0dbc
0dbc
0dbd
0dbe
0dbe
0dbf
0dc0
0dc1
0dc1
0dc2
0dc3
0dc3
0dc4
0dc5
0dc6
0dc6
0dc7
0dc8
0dc8
0dc9
0dca
0dca
0dcb
0dcc
0dcd
0dcd
0dce
0dcf
0dcf
0dd0
0dd1
0dd2
0dd2
0dd3
0dd4
0dd4
0dd5
0dd6
0dd7
0dd7
0dd8
0dd9
0dd9
0dda
0ddb
0ddb
0ddc
0ddd
0dde
0dde
0ddf
0de0
0de0
0de1
0de2
0de3
0de3
0de4
0de5
0de5
0de6
0de7
0de7
0de8
0de9
0dea
0dea
0deb
0dec
0dec
0ded
0dee
0def
0def
0df0
0df1
0df1
0df2
0df3
0df4
0df4
0df5
0df6
0df6
0df7
0df8
0df8
0df9
0dfa
0dfb
0dfb
0dfc
0dfd
0dfd
0dfe
0dff
0e00
0e00
0e01
0e02
0e02
0e03
0e04
0e04
0e05
0e06
0e07
0e07
0e08
0e09
0e09
0e0a
0e0b
0e0c
0e0c
0e0d
0e0e
0e0e
0e0f
0e10
0e10
0e11
0e12
0e13
0e13
0e14
0e15
0e15
0e16
0e17
0e18
0e18
0e19
0e1a
0e1a
0e1b
0e1c
0e1c
0e1d
0e1e
0e1f
0e1f
0e20
0e21
0e21
0e22
0e23
0e23
0e24
0e25
0e26
0e26
0e27
0e28
0e28
0e29
0e2a
0e2b
0e2b
0e2c
0e2d
0e2d
0e2e
0e2f
0e2f
0e30
0e31
0e32
0e32
0e33
0e34
0e34
0e35
0e36
0e37
0e37
0e38
0e39
0e39
0e3a
0e3b
0e3b
0e3c
0e3d
0e3e
0e3e
0e3f
0e40
0e40
0e41
0e42
0e42
0e43
0e44
0e45
0e45
0e46
0e47
0e47
0e48
0e49
0e49
0e4a
0e4b
0e4c
0e4c
0e4d
0e4e
0e4e
0e4f
0e50
0e51
0e51
0e52
0e53
0e53
0e54
0e55
0e55
0e56
0e57
0e58
0e58
0e59
0e5a
0e5a
0e5b
0e5c
0e5c
0e5d
0e5e
0e5f
0e5f
0e60
0e61
0e61
0e62
0e63
0e63
0e64
0e65
0e66
0e66
0e67
0e68
0e68
0e69
0e6a
0e6a
0e6b
0e6c
0e6d
0e6d
0e6e
0e6f
0e6f
0e70
0e71
0e71
0e72
0e73
0e74
0e74
0e75
0e76
0e76
0e77
0e78
0e78
0e79
0e7a
0e7b
0e7b
0e7c
0e7d
0e7d
0e7e
0e7f
0e7f
0e80
0e81
0e82
0e82
0e83
0e84
0e84
0e85
0e86
0e86
0e87
0e88
0e89
0e89
0e8a
0e8b
0e8b
0e8c
0e8d
0e8d
0e8e
0e8f
0e90
0e90
0e91
0e92
0e92
0e93
0e94
0e94
0e95
0e96
0e97
0e97
0e98
0e99
0e99
0e9a
0e9b
0e9b
0e9c
0e9d
0e9e
0e9e
0e9f
0ea0
0ea0
0ea1
0ea2
0ea2
0ea3
0ea4
0ea5
0ea5
0ea6
0ea7
0ea7
0ea8
0ea9
0ea9
0eaa
0eab
0eac
0eac
0ead
0eae
0eae
0eaf
0eb0
0eb0
0eb1
0eb2
0eb3
0eb3
0eb4
0eb5
0eb5
0eb6
0eb7
0eb7
0eb8
0eb9
0eb9
0eba
0ebb
0ebc
0ebc
0ebd
0ebe
0ebe
0ebf
0ec0
0ec0
0ec1
0ec2
0ec3
0ec3
0ec4
0ec5
0ec5
0ec6
0ec7
0ec7
0ec8
0ec9
0eca
0eca
0ecb
0ecc
0ecc
0ecd
0ece
0ece
0ecf
0ed0
0ed0
0ed1
0ed2
0ed3
0ed3
0ed4
0ed5
0ed5
0ed6
0ed7
0ed7
0ed8
0ed9
0eda
0eda
0edb
0edc
0edc
0edd
0ede
0ede
0edf
0ee0
0ee0
0ee1
0ee2
0ee3
0ee3
0ee4
0ee5
0ee5
0ee6
0ee7
0ee7
0ee8
0ee9
0eea
0eea
0eeb
0eec
0eec
0eed
0eee
0eee
0eef
0ef0
0ef0
0ef1
0ef2
0ef3
0ef3
0ef4
0ef5
0ef5
0ef6
0ef7
0ef7
0ef8
0ef9
0ef9
0efa
0efb
0efc
0efc
0efd
0efe
0efe
0eff
0f00
0f00
0f01
0f02
0f02
0f03
0f04
0f05
0f05
0f06
0f07
0f07
0f08
0f09
0f09
0f0a
0f0b
0f0c
0f0c
0f0d
0f0e
0f0e
0f0f
0f10
0f10
0f11
0f12
0f12
0f13
0f14
0f15
0f15
0f16
0f17
0f17
0f18
0f19
0f19
0f1a
0f1b
0f1b
0f1c
0f1d
0f1e
0f1e
0f1f
0f20
0f20
0f21
0f22
0f22
0f23
0f24
0f24
0f25
0f26
0f27
0f27
0f28
0f29
0f29
0f2a
0f2b
0f2b
0f2c
0f2d
0f2d
0f2e
0f2f
0f30
0f30
0f31
0f32
0f32
0f33
0f34
0f34
0f35
0f36
0f36
0f37
0f38
0f38
0f39
0f3a
0f3b
0f3b
0f3c
0f3d
0f3d
0f3e
0f3f
0f3f
0f40
0f41
0f41
0f42
0f43
0f44
0f44
0f45
0f46
0f46
0f47
0f48
0f48
0f49
0f4a
0f4a
0f4b
0f4c
0f4d
0f4d
0f4e
0f4f
0f4f
0f50
0f51
0f51
0f52
0f53
0f53
0f54
0f55
0f55
0f56
0f57
0f58
0f58
0f59
0f5a
0f5a
0f5b
0f5c
0f5c
0f5d
0f5e
0f5e
0f5f
0f60
0f60
0f61
0f62
0f63
0f63
0f64
0f65
0f65
0f66
0f67
0f67
0f68
0f69
0f69
0f6a
0f6b
0f6c
0f6c
0f6d
0f6e
0f6e
0f6f
0f70
0f70
0f71
0f72
0f72
0f73
0f74
0f74
0f75
0f76
0f77
0f77
0f78
0f79
0f79
0f7a
0f7b
0f7b
0f7c
0f7d
0f7d
0f7e
0f7f
0f7f
0f80
0f81
0f82
0f82
0f83
0f84
0f84
0f85
0f86
0f86
0f87
0f88
0f88
0f89
0f8a
0f8a
0f8b
0f8c
0f8c
0f8d
0f8e
0f8f
0f8f
0f90
0f91
0f91
0f92
0f93
0f93
0f94
0f95
0f95
0f96
0f97
0f97
0f98
0f99
0f9a
0f9a
0f9b
0f9c
0f9c
0f9d
0f9e
0f9e
0f9f
0fa0
0fa0
0fa1
0fa2
0fa2
0fa3
0fa4
0fa4
0fa5
0fa6
0fa7
0fa7
0fa8
0fa9
0fa9
0faa
0fab
0fab
0fac
0fad
0fad
0fae
0faf
0faf
0fb0
0fb1
0fb1
0fb2
0fb3
0fb4
0fb4
0fb5
0fb6
0fb6
0fb7
0fb8
0fb8
0fb9
0fba
0fba
0fbb
0fbc
0fbc
0fbd
0fbe
0fbe
0fbf
0fc0
0fc1
0fc1
0fc2
0fc3
0fc3
0fc4
0fc5
0fc5
0fc6
0fc7
0fc7
0fc8
0fc9
0fc9
0fca
0fcb
0fcb
0fcc
0fcd
0fce
0fce
0fcf
0fd0
0fd0
0fd1
0fd2
0fd2
0fd3
0fd4
0fd4
0fd5
0fd6
0fd6
0fd7
0fd8
0fd8
0fd9
0fda
0fda
0fdb
0fdc
0fdd
0fdd
0fde
0fdf
0fdf
0fe0
0fe1
0fe1
0fe2
0fe3
0fe3
0fe4
0fe5
0fe5
0fe6
0fe7
0fe7
0fe8
0fe9
0fe9
0fea
0feb
0fec
0fec
0fed
0fee
0fee
0fef
0ff0
0ff0
0ff1
0ff2
0ff2
0ff3
0ff4
0ff4
0ff5
0ff6
0ff6
0ff7
0ff8
0ff8
0ff9
0ffa
0ffb
0ffb
0ffc
0ffd
0ffd
0ffe
0fff
0fff
1000
1001
1001
1002
1003
1003
1004
1005
1005
1006
1007
1007
1008
1009
1009
100a
100b
100c
100c
100d
100e
100e
100f
1010
1010
1011
1012
1012
1013
1014
1014
1015
1016
1016
1017
1018
1018
1019
101a
101a
101b
101c
101c
101d
101e
101f
101f
1020
1021
1021
1022
1023
1023
1024
1025
1025
1026
1027
1027
1028
1029
1029
102a
102b
102b
102c
102d
102d
102e
102f
102f
1030
1031
1031
1032
1033
1034
1034
1035
1036
1036
1037
1038
1038
1039
103a
103a
103b
103c
103c
103d
103e
103e
103f
1040
1040
1041
1042
1042
1043
1044
1044
1045
1046
1046
1047
1048
1049
1049
104a
104b
104b
104c
104d
104d
104e
104f
104f
1050
1051
1051
1052
1053
1053
1054
1055
1055
1056
1057
1057
1058
1059
1059
105a
105b
105b
105c
105d
105d
105e
105f
105f
1060
1061
1061
1062
1063
1064
1064
1065
1066
1066
1067
1068
1068
1069
106a
106a
106b
106c
106c
106d
106e
106e
106f
1070
1070
1071
1072
1072
1073
1074
1074
1075
1076
1076
1077
1078
1078
1079
107a
107a
107b
107c
107c
107d
107e
107e
107f
1080
1080
1081
1082
1082
1083
1084
1085
1085
1086
1087
1087
1088
1089
1089
108a
108b
108b
108c
108d
108d
108e
108f
108f
1090
1091
1091
1092
1093
1093
1094
1095
1095
1096
1097
1097
1098
1099
1099
109a
109b
109b
109c
109d
109d
109e
109f
109f
10a0
10a1
10a1
10a2
10a3
10a3
10a4
10a5
10a5
10a6
10a7
10a7
10a8
10a9
10a9
10aa
10ab
10ab
10ac
10ad
10ad
10ae
10af
10af
10b0
10b1
10b1
10b2
10b3
10b3
10b4
10b5
10b6
10b6
10b7
10b8
10b8
10b9
10ba
10ba
10bb
10bc
10bc
10bd
10be
10be
10bf
10c0
10c0
10c1
10c2
10c2
10c3
10c4
10c4
10c5
10c6
10c6
10c7
10c8
10c8
10c9
10ca
10ca
10cb
10cc
10cc
10cd
10ce
10ce
10cf
10d0
10d0
10d1
10d2
10d2
10d3
10d4
10d4
10d5
10d6
10d6
10d7
10d8
10d8
10d9
10da
10da
10db
10dc
10dc
10dd
10de
10de
10df
10e0
10e0
10e1
10e2
10e2
10e3
10e4
10e4
10e5
10e6
10e6
10e7
10e8
10e8
10e9
10ea
10ea
10eb
10ec
10ec
10ed
10ee
10ee
10ef
10f0
10f0
10f1
10f2
10f2
10f3
10f4
10f4
10f5
10f6
10f6
10f7
10f8
10f8
10f9
10fa
10fa
10fb
10fc
10fc
10fd
10fe
10fe
10ff
1100
1100
1101
1102
1102
1103
1104
1104
1105
1106
1106
1107
1108
1108
1109
110a
110a
110b
110c
110c
110d
110e
110e
110f
1110
1110
1111
1112
1112
1113
1114
1114
1115
1116
1116
1117
1118
1118
1119
111a
111a
111b
111c
111c
111d
111e
111e
111f
111f
1120
1121
1121
1122
1123
1123
1124
1125
1125
1126
1127
1127
1128
1129
1129
112a
112b
112b
112c
112d
112d
112e
112f
112f
1130
1131
1131
1132
1133
1133
1134
1135
1135
1136
1137
1137
1138
1139
1139
113a
113b
113b
113c
113d
113d
113e
113f
113f
1140
1141
1141
1142
1143
1143
1144
1145
1145
1146
1147
1147
1148
1149
1149
114a
114b
114b
114c
114d
114d
114e
114e
114f
1150
1150
1151
1152
1152
1153
1154
1154
1155
1156
1156
1157
1158
1158
1159
115a
115a
115b
115c
115c
115d
115e
115e
115f
1160
1160
1161
1162
1162
1163
1164
1164
1165
1166
1166
1167
1168
1168
1169
116a
116a
116b
116c
116c
116d
116d
116e
116f
116f
1170
1171
1171
1172
1173
1173
1174
1175
1175
1176
1177
1177
1178
1179
1179
117a
117b
117b
117c
117d
117d
117e
117f
117f
1180
1181
1181
1182
1183
1183
1184
1185
1185
1186
1186
1187
1188
1188
1189
118a
118a
118b
118c
118c
118d
118e
118e
118f
1190
1190
1191
1192
1192
1193
1194
1194
1195
1196
1196
1197
1198
1198
1199
119a
119a
119b
119b
119c
119d
119d
119e
119f
119f
11a0
11a1
11a1
11a2
11a3
11a3
11a4
11a5
11a5
11a6
11a7
11a7
11a8
11a9
11a9
11aa
11ab
11ab
11ac
11ad
11ad
11ae
11ae
11af
11b0
11b0
11b1
11b2
11b2
11b3
11b4
11b4
11b5
11b6
11b6
11b7
11b8
11b8
11b9
11ba
11ba
11bb
11bc
11bc
11bd
11be
11be
11bf
11bf
11c0
11c1
11c1
11c2
11c3
11c3
11c4
11c5
11c5
11c6
11c7
11c7
11c8
11c9
11c9
11ca
11cb
11cb
11cc
11cd
11cd
11ce
11cf
11cf
11d0
11d0
11d1
11d2
11d2
11d3
11d4
11d4
11d5
11d6
11d6
11d7
11d8
11d8
11d9
11da
11da
11db
11dc
11dc
11dd
11de
11de
11df
11df
11e0
11e1
11e1
11e2
11e3
11e3
11e4
11e5
11e5
11e6
11e7
11e7
11e8
11e9
11e9
11ea
11eb
11eb
11ec
11ec
11ed
11ee
11ee
11ef
11f0
11f0
11f1
11f2
11f2
11f3
11f4
11f4
11f5
11f6
11f6
11f7
11f8
11f8
11f9
11f9
11fa
11fb
11fb
11fc
11fd
11fd
11fe
11ff
11ff
1200
1201
1201
1202
1203
1203
1204
1205
1205
1206
1206
1207
1208
1208
1209
120a
120a
120b
120c
120c
120d
120e
120e
120f
1210
1210
1211
1211
1212
1213
1213
1214
1215
1215
1216
1217
1217
1218
1219
1219
121a
121b
121b
121c
121c
121d
121e
121e
121f
1220
1220
1221
1222
1222
1223
1224
1224
1225
1226
1226
1227
1227
1228
1229
1229
122a
122b
122b
122c
122d
122d
122e
122f
122f
1230
1231
1231
1232
1232
1233
1234
1234
1235
1236
1236
1237
1238
1238
1239
123a
123a
123b
123c
123c
123d
123d
123e
123f
123f
1240
1241
1241
1242
1243
1243
1244
1245
1245
1246
1246
1247
1248
1248
1249
124a
124a
124b
124c
124c
124d
124e
124e
124f
1250
1250
1251
1251
1252
1253
1253
1254
1255
1255
1256
1257
1257
1258
1259
1259
125a
125a
125b
125c
125c
125d
125e
125e
125f
1260
1260
1261
1262
1262
1263
1263
1264
1265
1265
1266
1267
1267
1268
1269
1269
126a
126b
126b
126c
126c
126d
126e
126e
126f
1270
1270
1271
1272
1272
1273
1274
1274
1275
1275
1276
1277
1277
1278
1279
1279
127a
127b
127b
127c
127c
127d
127e
127e
127f
1280
1280
1281
1282
1282
1283
1284
1284
1285
1285
1286
1287
1287
1288
1289
1289
128a
128b
128b
128c
128c
128d
128e
128e
128f
1290
1290
1291
1292
1292
1293
1294
1294
1295
1295
1296
1297
1297
1298
1299
1299
129a
129b
129b
129c
129c
129d
129e
129e
129f
12a0
12a0
12a1
12a2
12a2
12a3
12a4
12a4
12a5
12a5
12a6
12a7
12a7
12a8
12a9
12a9
12aa
12ab
12ab
12ac
12ac
12ad
12ae
12ae
12af
12b0
12b0
12b1
12b2
12b2
12b3
12b3
12b4
12b5
12b5
12b6
12b7
12b7
12b8
12b9
12b9
12ba
12ba
12bb
12bc
12bc
12bd
12be
12be
12bf
12c0
12c0
12c1
12c1
12c2
12c3
12c3
12c4
12c5
12c5
12c6
12c7
12c7
12c8
12c8
12c9
12ca
12ca
12cb
12cc
12cc
12cd
12ce
12ce
12cf
12cf
12d0
12d1
12d1
12d2
12d3
12d3
12d4
12d5
12d5
12d6
12d6
12d7
12d8
12d8
12d9
12da
12da
12db
12dc
12dc
12dd
12dd
12de
12df
12df
12e0
12e1
12e1
12e2
12e2
12e3
12e4
12e4
12e5
12e6
12e6
12e7
12e8
12e8
12e9
12e9
12ea
12eb
12eb
12ec
12ed
12ed
12ee
12ef
12ef
12f0
12f0
12f1
12f2
12f2
12f3
12f4
12f4
12f5
12f5
12f6
12f7
12f7
12f8
12f9
12f9
12fa
12fb
12fb
12fc
12fc
12fd
12fe
12fe
12ff
1300
1300
1301
1301
1302
1303
1303
1304
1305
1305
1306
1307
1307
1308
1308
1309
130a
130a
130b
130c
130c
130d
130d
130e
130f
130f
1310
1311
1311
1312
1313
1313
1314
1314
1315
1316
1316
1317
1318
1318
1319
1319
131a
131b
131b
131c
131d
131d
131e
131e
131f
1320
1320
1321
1322
1322
1323
1324
1324
1325
1325
1326
1327
1327
1328
1329
1329
132a
132a
132b
132c
132c
132d
132e
132e
132f
132f
1330
1331
1331
1332
1333
1333
1334
1335
1335
1336
1336
1337
1338
1338
1339
133a
133a
133b
133b
133c
133d
133d
133e
133f
133f
1340
1340
1341
1342
1342
1343
1344
1344
1345
1345
1346
1347
1347
1348
1349
1349
134a
134a
134b
134c
134c
134d
134e
134e
134f
134f
1350
1351
1351
1352
1353
1353
1354
1354
1355
1356
1356
1357
1358
1358
1359
1359
135a
135b
135b
135c
135d
135d
135e
135e
135f
1360
1360
1361
1362
1362
1363
1363
1364
1365
1365
1366
1367
1367
1368
1368
1369
136a
136a
136b
136c
136c
136d
136d
136e
136f
136f
1370
1371
1371
1372
1372
1373
1374
1374
1375
1376
1376
1377
1377
1378
1379
1379
137a
137b
137b
137c
137c
137d
137e
137e
137f
1380
1380
1381
1381
1382
1383
1383
1384
1385
1385
1386
1386
1387
1388
1388
1389
138a
138a
138b
138b
138c
138d
138d
138e
138e
138f
1390
1390
1391
1392
1392
1393
1393
1394
1395
1395
1396
1397
1397
1398
1398
1399
139a
139a
139b
139c
139c
139d
139d
139e
139f
139f
13a0
13a0
13a1
13a2
13a2
13a3
13a4
13a4
13a5
13a5
13a6
13a7
13a7
13a8
13a9
13a9
13aa
13aa
13ab
13ac
13ac
13ad
13ae
13ae
13af
13af
13b0
13b1
13b1
13b2
13b2
13b3
13b4
13b4
13b5
13b6
13b6
13b7
13b7
13b8
13b9
13b9
13ba
13ba
13bb
13bc
13bc
13bd
13be
13be
13bf
13bf
13c0
13c1
13c1
13c2
13c3
13c3
13c4
13c4
13c5
13c6
13c6
13c7
13c7
13c8
13c9
13c9
13ca
13cb
13cb
13cc
13cc
13cd
13ce
13ce
13cf
13cf
13d0
13d1
13d1
13d2
13d3
13d3
13d4
13d4
13d5
13d6
13d6
13d7
13d8
13d8
13d9
13d9
13da
13db
13db
13dc
13dc
13dd
13de
13de
13df
13e0
13e0
13e1
13e1
13e2
13e3
13e3
13e4
13e4
13e5
13e6
13e6
13e7
13e8
13e8
13e9
13e9
13ea
13eb
13eb
13ec
13ec
13ed
13ee
13ee
13ef
13ef
13f0
13f1
13f1
13f2
13f3
13f3
13f4
13f4
13f5
13f6
13f6
13f7
13f7
13f8
13f9
13f9
13fa
13fb
13fb
13fc
13fc
13fd
13fe
13fe
13ff
13ff
1400
1401
1401
1402
1403
1403
1404
1404
1405
1406
1406
1407
1407
1408
1409
1409
140a
140a
140b
140c
140c
140d
140e
140e
140f
140f
1410
1411
1411
1412
1412
1413
1414
1414
1415
1415
1416
1417
1417
1418
1419
1419
141a
141a
141b
141c
141c
141d
141d
141e
141f
141f
1420
1420
1421
1422
1422
1423
1424
1424
1425
1425
1426
1427
1427
1428
1428
1429
142a
142a
142b
142b
142c
142d
142d
142e
142f
142f
1430
1430
1431
1432
1432
1433
1433
1434
1435
1435
1436
1436
1437
1438
1438
1439
1439
143a
143b
143b
143c
143d
143d
143e
143e
143f
1440
1440
1441
1441
1442
1443
1443
1444
1444
1445
1446
1446
1447
1447
1448
1449
1449
144a
144a
144b
144c
144c
144d
144e
144e
144f
144f
1450
1451
1451
1452
1452
1453
1454
1454
1455
1455
1456
1457
1457
1458
1458
1459
145a
145a
145b
145b
145c
145d
145d
145e
145f
145f
1460
1460
1461
1462
1462
1463
1463
1464
1465
1465
1466
1466
1467
1468
1468
1469
1469
146a
146b
146b
146c
146c
146d
146e
146e
146f
146f
1470
1471
1471
1472
1472
1473
1474
1474
1475
1475
1476
1477
1477
1478
1479
1479
147a
147a
147b
147c
147c
147d
147d
147e
147f
147f
1480
1480
1481
1482
1482
1483
1483
1484
1485
1485
1486
1486
1487
1488
1488
1489
1489
148a
148b
148b
148c
148c
148d
148e
148e
148f
148f
1490
1491
1491
1492
1492
1493
1494
1494
1495
1495
1496
1497
1497
1498
1498
1499
149a
149a
149b
149b
149c
149d
149d
149e
149e
149f
14a0
14a0
14a1
14a1
14a2
14a3
14a3
14a4
14a4
14a5
14a6
14a6
14a7
14a7
14a8
14a9
14a9
14aa
14aa
14ab
14ac
14ac
14ad
14ad
14ae
14af
14af
14b0
14b0
14b1
14b2
14b2
14b3
14b3
14b4
14b5
14b5
14b6
14b6
14b7
14b8
14b8
14b9
14b9
14ba
14bb
14bb
14bc
14bc
14bd
14be
14be
14bf
14bf
14c0
14c1
14c1
14c2
14c2
14c3
14c4
14c4
14c5
14c5
14c6
14c7
14c7
14c8
14c8
14c9
14ca
14ca
14cb
14cb
14cc
14cd
14cd
14ce
14ce
14cf
14d0
14d0
14d1
14d1
14d2
14d2
14d3
14d4
14d4
14d5
14d5
14d6
14d7
14d7
14d8
14d8
14d9
14da
14da
14db
14db
14dc
14dd
14dd
14de
14de
14df
14e0
14e0
14e1
14e1
14e2
14e3
14e3
14e4
14e4
14e5
14e6
14e6
14e7
14e7
14e8
14e9
14e9
14ea
14ea
14eb
14eb
14ec
14ed
14ed
14ee
14ee
14ef
14f0
14f0
14f1
14f1
14f2
14f3
14f3
14f4
14f4
14f5
14f6
14f6
14f7
14f7
14f8
14f9
14f9
14fa
14fa
14fb
14fc
14fc
14fd
14fd
14fe
14fe
14ff
1500
1500
1501
1501
1502
1503
1503
1504
1504
1505
1506
1506
1507
1507
1508
1509
1509
150a
150a
150b
150c
150c
150d
150d
150e
150e
150f
1510
1510
1511
1511
1512
1513
1513
1514
1514
1515
1516
1516
1517
1517
1518
1519
1519
151a
151a
151b
151b
151c
151d
151d
151e
151e
151f
1520
1520
1521
1521
1522
1523
1523
1524
1524
1525
1525
1526
1527
1527
1528
1528
1529
152a
152a
152b
152b
152c
152d
152d
152e
152e
152f
152f
1530
1531
1531
1532
1532
1533
1534
1534
1535
1535
1536
1537
1537
1538
1538
1539
1539
153a
153b
153b
153c
153c
153d
153e
153e
153f
153f
1540
1541
1541
1542
1542
1543
1543
1544
1545
1545
1546
1546
1547
1548
1548
1549
1549
154a
154b
154b
154c
154c
154d
154d
154e
154f
154f
1550
1550
1551
1552
1552
1553
1553
1554
1554
1555
1556
1556
1557
1557
1558
1559
1559
155a
155a
155b
155b
155c
155d
155d
155e
155e
155f
1560
1560
1561
1561
1562
1563
1563
1564
1564
1565
1565
1566
1567
1567
1568
1568
1569
156a
156a
156b
156b
156c
156c
156d
156e
156e
156f
156f
1570
1571
1571
1572
1572
1573
1573
1574
1575
1575
1576
1576
1577
1578
1578
1579
1579
157a
157a
157b
157c
157c
157d
157d
157e
157e
157f
1580
1580
1581
1581
1582
1583
1583
1584
1584
1585
1585
1586
1587
1587
1588
1588
1589
158a
158a
158b
158b
158c
158c
158d
158e
158e
158f
158f
1590
1590
1591
1592
1592
1593
1593
1594
1595
1595
1596
1596
1597
1597
1598
1599
1599
159a
159a
159b
159c
159c
159d
159d
159e
159e
159f
15a0
15a0
15a1
15a1
15a2
15a2
15a3
15a4
15a4
15a5
15a5
15a6
15a7
15a7
15a8
15a8
15a9
15a9
15aa
15ab
15ab
15ac
15ac
15ad
15ad
15ae
15af
15af
15b0
15b0
15b1
15b1
15b2
15b3
15b3
15b4
15b4
15b5
15b6
15b6
15b7
15b7
15b8
15b8
15b9
15ba
15ba
15bb
15bb
15bc
15bc
15bd
15be
15be
15bf
15bf
15c0
15c0
15c1
15c2
15c2
15c3
15c3
15c4
15c5
15c5
15c6
15c6
15c7
15c7
15c8
15c9
15c9
15ca
15ca
15cb
15cb
15cc
15cd
15cd
15ce
15ce
15cf
15cf
15d0
15d1
15d1
15d2
15d2
15d3
15d3
15d4
15d5
15d5
15d6
15d6
15d7
15d7
15d8
15d9
15d9
15da
15da
15db
15db
15dc
15dd
15dd
15de
15de
15df
15df
15e0
15e1
15e1
15e2
15e2
15e3
15e4
15e4
15e5
15e5
15e6
15e6
15e7
15e8
15e8
15e9
15e9
15ea
15ea
15eb
15ec
15ec
15ed
15ed
15ee
15ee
15ef
15f0
15f0
15f1
15f1
15f2
15f2
15f3
15f4
15f4
15f5
15f5
15f6
15f6
15f7
15f8
15f8
15f9
15f9
15fa
15fa
15fb
15fc
15fc
15fd
15fd
15fe
15fe
15ff
1600
1600
1601
1601
1602
1602
1603
1604
1604
1605
1605
1606
1606
1607
1607
1608
1609
1609
160a
160a
160b
160b
160c
160d
160d
160e
160e
160f
160f
1610
1611
1611
1612
1612
1613
1613
1614
1615
1615
1616
1616
1617
1617
1618
1619
1619
161a
161a
161b
161b
161c
161d
161d
161e
161e
161f
161f
1620
1620
1621
1622
1622
1623
1623
1624
1624
1625
1626
1626
1627
1627
1628
1628
1629
162a
162a
162b
162b
162c
162c
162d
162e
162e
162f
162f
1630
1630
1631
1631
1632
1633
1633
1634
1634
1635
1635
1636
1637
1637
1638
1638
1639
1639
163a
163b
163b
163c
163c
163d
163d
163e
163e
163f
1640
1640
1641
1641
1642
1642
1643
1644
1644
1645
1645
1646
1646
1647
1648
1648
1649
1649
164a
164a
164b
164b
164c
164d
164d
164e
164e
164f
164f
1650
1651
1651
1652
1652
1653
1653
1654
1654
1655
1656
1656
1657
1657
1658
1658
1659
165a
165a
165b
165b
165c
165c
165d
165d
165e
165f
165f
1660
1660
1661
1661
1662
1663
1663
1664
1664
1665
1665
1666
1666
1667
1668
1668
1669
1669
166a
166a
166b
166b
166c
166d
166d
166e
166e
166f
166f
1670
1671
1671
1672
1672
1673
1673
1674
1674
1675
1676
1676
1677
1677
1678
1678
1679
1679
167a
167b
167b
167c
167c
167d
167d
167e
167e
167f
1680
1680
1681
1681
1682
1682
1683
1684
1684
1685
1685
1686
1686
1687
1687
1688
1689
1689
168a
168a
168b
168b
168c
168c
168d
168e
168e
168f
168f
1690
1690
1691
1691
1692
1693
1693
1694
1694
1695
1695
1696
1696
1697
1698
1698
1699
1699
169a
169a
169b
169b
169c
169d
169d
169e
169e
169f
169f
16a0
16a0
16a1
16a2
16a2
16a3
16a3
16a4
16a4
16a5
16a5
16a6
16a7
16a7
16a8
16a8
16a9
16a9
16aa
16aa
16ab
16ac
16ac
16ad
16ad
16ae
16ae
16af
16af
16b0
16b1
16b1
16b2
16b2
16b3
16b3
16b4
16b4
16b5
16b6
16b6
16b7
16b7
16b8
16b8
16b9
16b9
16ba
16bb
16bb
16bc
16bc
16bd
16bd
16be
16be
16bf
16bf
16c0
16c1
16c1
16c2
16c2
16c3
16c3
16c4
16c4
16c5
16c6
16c6
16c7
16c7
16c8
16c8
16c9
16c9
16ca
16cb
16cb
16cc
16cc
16cd
16cd
16ce
16ce
16cf
16cf
16d0
16d1
16d1
16d2
16d2
16d3
16d3
16d4
16d4
16d5
16d6
16d6
16d7
16d7
16d8
16d8
16d9
16d9
16da
16da
16db
16dc
16dc
16dd
16dd
16de
16de
16df
16df
16e0
16e1
16e1
16e2
16e2
16e3
16e3
16e4
16e4
16e5
16e5
16e6
16e7
16e7
16e8
16e8
16e9
16e9
16ea
16ea
16eb
16eb
16ec
16ed
16ed
16ee
16ee
16ef
16ef
16f0
16f0
16f1
16f2
16f2
16f3
16f3
16f4
16f4
16f5
16f5
16f6
16f6
16f7
16f8
16f8
16f9
16f9
16fa
16fa
16fb
16fb
16fc
16fc
16fd
16fe
16fe
16ff
16ff
1700
1700
1701
1701
1702
1702
1703
1704
1704
1705
1705
1706
1706
1707
1707
1708
1708
1709
170a
170a
170b
170b
170c
170c
170d
170d
170e
170e
170f
1710
1710
1711
1711
1712
1712
1713
1713
1714
1714
1715
1716
1716
1717
1717
1718
1718
1719
1719
171a
171a
171b
171b
171c
171d
171d
171e
171e
171f
171f
1720
1720
1721
1721
1722
1723
1723
1724
1724
1725
1725
1726
1726
1727
1727
1728
1729
1729
172a
172a
172b
172b
172c
172c
172d
172d
172e
172e
172f
1730
1730
1731
1731
1732
1732
1733
1733
1734
1734
1735
1736
1736
1737
1737
1738
1738
1739
1739
173a
173a
173b
173b
173c
173d
173d
173e
173e
173f
173f
1740
1740
1741
1741
1742
1742
1743
1744
1744
1745
1745
1746
1746
1747
1747
1748
1748
1749
1749
174a
174b
174b
174c
174c
174d
174d
174e
174e
174f
174f
1750
1750
1751
1752
1752
1753
1753
1754
1754
1755
1755
1756
1756
1757
1757
1758
1759
1759
175a
175a
175b
175b
175c
175c
175d
175d
175e
175e
175f
1760
1760
1761
1761
1762
1762
1763
1763
1764
1764
1765
1765
1766
1766
1767
1768
1768
1769
1769
176a
176a
176b
176b
176c
176c
176d
176d
176e
176e
176f
1770
1770
1771
1771
1772
1772
1773
1773
1774
1774
1775
1775
1776
1777
1777
1778
1778
1779
1779
177a
177a
177b
177b
177c
177c
177d
177d
177e
177f
177f
1780
1780
1781
1781
1782
1782
1783
1783
1784
1784
1785
1785
1786
1787
1787
1788
1788
1789
1789
178a
178a
178b
178b
178c
178c
178d
178d
178e
178e
178f
1790
1790
1791
1791
1792
1792
1793
1793
1794
1794
1795
1795
1796
1796
1797
1798
1798
1799
1799
179a
179a
179b
179b
179c
179c
179d
179d
179e
179e
179f
179f
17a0
17a1
17a1
17a2
17a2
17a3
17a3
17a4
17a4
17a5
17a5
17a6
17a6
17a7
17a7
17a8
17a8
17a9
17aa
17aa
17ab
17ab
17ac
17ac
17ad
17ad
17ae
17ae
17af
17af
17b0
17b0
17b1
17b1
17b2
17b2
17b3
17b4
17b4
17b5
17b5
17b6
17b6
17b7
17b7
17b8
17b8
17b9
17b9
17ba
17ba
17bb
17bb
17bc
17bd
17bd
17be
17be
17bf
17bf
17c0
17c0
17c1
17c1
17c2
17c2
17c3
17c3
17c4
17c4
17c5
17c5
17c6
17c7
17c7
17c8
17c8
17c9
17c9
17ca
17ca
17cb
17cb
17cc
17cc
17cd
17cd
17ce
17ce
17cf
17cf
17d0
17d0
17d1
17d2
17d2
17d3
17d3
17d4
17d4
17d5
17d5
17d6
17d6
17d7
17d7
17d8
17d8
17d9
17d9
17da
17da
17db
17db
17dc
17dd
17dd
17de
17de
17df
17df
17e0
17e0
17e1
17e1
17e2
17e2
17e3
17e3
17e4
17e4
17e5
17e5
17e6
17e6
17e7
17e8
17e8
17e9
17e9
17ea
17ea
17eb
17eb
17ec
17ec
17ed
17ed
17ee
17ee
17ef
17ef
17f0
17f0
17f1
17f1
17f2
17f2
17f3
17f3
17f4
17f5
17f5
17f6
17f6
17f7
17f7
17f8
17f8
17f9
17f9
17fa
17fa
17fb
17fb
17fc
17fc
17fd
17fd
17fe
17fe
17ff
17ff
1800
1800
1801
1802
1802
1803
1803
1804
1804
1805
1805
1806
1806
1807
1807
1808
1808
1809
1809
180a
180a
180b
180b
180c
180c
180d
180d
180e
180e
180f
1810
1810
1811
1811
1812
1812
1813
1813
1814
1814
1815
1815
1816
1816
1817
1817
1818
1818
1819
1819
181a
181a
181b
181b
181c
181c
181d
181d
181e
181f
181f
1820
1820
1821
1821
1822
1822
1823
1823
1824
1824
1825
1825
1826
1826
1827
1827
1828
1828
1829
1829
182a
182a
182b
182b
182c
182c
182d
182d
182e
182e
182f
1830
1830
1831
1831
1832
1832
1833
1833
1834
1834
1835
1835
1836
1836
1837
1837
1838
1838
1839
1839
183a
183a
183b
183b
183c
183c
183d
183d
183e
183e
183f
183f
1840
1840
1841
1841
1842
1842
1843
1844
1844
1845
1845
1846
1846
1847
1847
1848
1848
1849
1849
184a
184a
184b
184b
184c
184c
184d
184d
184e
184e
184f
184f
1850
1850
1851
1851
1852
1852
1853
1853
1854
1854
1855
1855
1856
1856
1857
1857
1858
1858
1859
1859
185a
185a
185b
185c
185c
185d
185d
185e
185e
185f
185f
1860
1860
1861
1861
1862
1862
1863
1863
1864
1864
1865
1865
1866
1866
1867
1867
1868
1868
1869
1869
186a
186a
186b
186b
186c
186c
186d
186d
186e
186e
186f
186f
1870
1870
1871
1871
1872
1872
1873
1873
1874
1874
1875
1875
1876
1876
1877
1877
1878
1878
1879
1879
187a
187a
187b
187b
187c
187c
187d
187e
187e
187f
187f
1880
1880
1881
1881
1882
1882
1883
1883
1884
1884
1885
1885
1886
1886
1887
1887
1888
1888
1889
1889
188a
188a
188b
188b
188c
188c
188d
188d
188e
188e
188f
188f
1890
1890
1891
1891
1892
1892
1893
1893
1894
1894
1895
1895
1896
1896
1897
1897
1898
1898
1899
1899
189a
189a
189b
189b
189c
189c
189d
189d
189e
189e
189f
189f
18a0
18a0
18a1
18a1
18a2
18a2
18a3
18a3
18a4
18a4
18a5
18a5
18a6
18a6
18a7
18a7
18a8
18a8
18a9
18a9
18aa
18aa
18ab
18ab
18ac
18ac
18ad
18ad
18ae
18ae
18af
18af
18b0
18b0
18b1
18b1
18b2
18b2
18b3
18b3
18b4
18b4
18b5
18b5
18b6
18b6
18b7
18b7
18b8
18b8
18b9
18b9
18ba
18ba
18bb
18bb
18bc
18bc
18bd
18bd
18be
18be
18bf
18bf
18c0
18c0
18c1
18c1
18c2
18c2
18c3
18c3
18c4
18c4
18c5
18c5
18c6
18c6
18c7
18c7
18c8
18c8
18c9
18c9
18ca
18ca
18cb
18cb
18cc
18cc
18cd
18cd
18ce
18ce
18cf
18cf
18d0
18d0
18d1
18d1
18d2
18d2
18d3
18d3
18d4
18d4
18d5
18d5
18d6
18d6
18d7
18d7
18d8
18d8
18d9
18d9
18da
18da
18db
18db
18db
18dc
18dc
18dd
18dd
18de
18de
18df
18df
18e0
18e0
18e1
18e1
18e2
18e2
18e3
18e3
18e4
18e4
18e5
18e5
18e6
18e6
18e7
18e7
18e8
18e8
18e9
18e9
18ea
18ea
18eb
18eb
18ec
18ec
18ed
18ed
18ee
18ee
18ef
18ef
18f0
18f0
18f1
18f1
18f2
18f2
18f3
18f3
18f4
18f4
18f5
18f5
18f6
18f6
18f7
18f7
18f8
18f8
18f9
18f9
18fa
18fa
18fb
18fb
18fc
18fc
18fc
18fd
18fd
18fe
18fe
18ff
18ff
1900
1900
1901
1901
1902
1902
1903
1903
1904
1904
1905
1905
1906
1906
1907
1907
1908
1908
1909
1909
190a
190a
190b
190b
190c
190c
190d
190d
190e
190e
190f
190f
1910
1910
1911
1911
1912
1912
1913
1913
1913
1914
1914
1915
1915
1916
1916
1917
1917
1918
1918
1919
1919
191a
191a
191b
191b
191c
191c
191d
191d
191e
191e
191f
191f
1920
1920
1921
1921
1922
1922
1923
1923
1924
1924
1925
1925
1925
1926
1926
1927
1927
1928
1928
1929
1929
192a
192a
192b
192b
192c
192c
192d
192d
192e
192e
192f
192f
1930
1930
1931
1931
1932
1932
1933
1933
1934
1934
1935
1935
1935
1936
1936
1937
1937
1938
1938
1939
1939
193a
193a
193b
193b
193c
193c
193d
193d
193e
193e
193f
193f
1940
1940
1941
1941
1942
1942
1943
1943
1943
1944
1944
1945
1945
1946
1946
1947
1947
1948
1948
1949
1949
194a
194a
194b
194b
194c
194c
194d
194d
194e
194e
194f
194f
1950
1950
1950
1951
1951
1952
1952
1953
1953
1954
1954
1955
1955
1956
1956
1957
1957
1958
1958
1959
1959
195a
195a
195b
195b
195b
195c
195c
195d
195d
195e
195e
195f
195f
1960
1960
1961
1961
1962
1962
1963
1963
1964
1964
1965
1965
1966
1966
1966
1967
1967
1968
1968
1969
1969
196a
196a
196b
196b
196c
196c
196d
196d
196e
196e
196f
196f
1970
1970
1971
1971
1971
1972
1972
1973
1973
1974
1974
1975
1975
1976
1976
1977
1977
1978
1978
1979
1979
197a
197a
197b
197b
197b
197c
197c
197d
197d
197e
197e
197f
197f
1980
1980
1981
1981
1982
1982
1983
1983
1984
1984
1984
1985
1985
1986
1986
1987
1987
1988
1988
1989
1989
198a
198a
198b
198b
198c
198c
198d
198d
198d
198e
198e
198f
198f
1990
1990
1991
1991
1992
1992
1993
1993
1994
1994
1995
1995
1995
1996
1996
1997
1997
1998
1998
1999
1999
199a
199a
199b
199b
199c
199c
199d
199d
199d
199e
199e
199f
199f
19a0
19a0
19a1
19a1
19a2
19a2
19a3
19a3
19a4
19a4
19a5
19a5
19a5
19a6
19a6
19a7
19a7
19a8
19a8
19a9
19a9
19aa
19aa
19ab
19ab
19ac
19ac
19ad
19ad
19ad
19ae
19ae
19af
19af
19b0
19b0
19b1
19b1
19b2
19b2
19b3
19b3
19b4
19b4
19b4
19b5
19b5
19b6
19b6
19b7
19b7
19b8
19b8
19b9
19b9
19ba
19ba
19bb
19bb
19bb
19bc
19bc
19bd
19bd
19be
19be
19bf
19bf
19c0
19c0
19c1
19c1
19c2
19c2
19c2
19c3
19c3
19c4
19c4
19c5
19c5
19c6
19c6
19c7
19c7
19c8
19c8
19c9
19c9
19c9
19ca
19ca
19cb
19cb
19cc
19cc
19cd
19cd
19ce
19ce
19cf
19cf
19cf
19d0
19d0
19d1
19d1
19d2
19d2
19d3
19d3
19d4
19d4
19d5
19d5
19d6
19d6
19d6
19d7
19d7
19d8
19d8
19d9
19d9
19da
19da
19db
19db
19dc
19dc
19dc
19dd
19dd
19de
19de
19df
19df
19e0
19e0
19e1
19e1
19e2
19e2
19e2
19e3
19e3
19e4
19e4
19e5
19e5
19e6
19e6
19e7
19e7
19e8
19e8
19e8
19e9
19e9
19ea
19ea
19eb
19eb
19ec
19ec
19ed
19ed
19ee
19ee
19ee
19ef
19ef
19f0
19f0
19f1
19f1
19f2
19f2
19f3
19f3
19f4
19f4
19f4
19f5
19f5
19f6
19f6
19f7
19f7
19f8
19f8
19f9
19f9
19f9
19fa
19fa
19fb
19fb
19fc
19fc
19fd
19fd
19fe
19fe
19ff
19ff
19ff
1a00
1a00
1a01
1a01
1a02
1a02
1a03
1a03
1a04
1a04
1a04
1a05
1a05
1a06
1a06
1a07
1a07
1a08
1a08
1a09
1a09
1a09
1a0a
1a0a
1a0b
1a0b
1a0c
1a0c
1a0d
1a0d
1a0e
1a0e
1a0f
1a0f
1a0f
1a10
1a10
1a11
1a11
1a12
1a12
1a13
1a13
1a14
1a14
1a14
1a15
1a15
1a16
1a16
1a17
1a17
1a18
1a18
1a19
1a19
1a19
1a1a
1a1a
1a1b
1a1b
1a1c
1a1c
1a1d
1a1d
1a1e
1a1e
1a1e
1a1f
1a1f
1a20
1a20
1a21
1a21
1a22
1a22
1a23
1a23
1a23
1a24
1a24
1a25
1a25
1a26
1a26
1a27
1a27
1a27
1a28
1a28
1a29
1a29
1a2a
1a2a
1a2b
1a2b
1a2c
1a2c
1a2c
1a2d
1a2d
1a2e
1a2e
1a2f
1a2f
1a30
1a30
1a31
1a31
1a31
1a32
1a32
1a33
1a33
1a34
1a34
1a35
1a35
1a35
1a36
1a36
1a37
1a37
1a38
1a38
1a39
1a39
1a3a
1a3a
1a3a
1a3b
1a3b
1a3c
1a3c
1a3d
1a3d
1a3e
1a3e
1a3e
1a3f
1a3f
1a40
1a40
1a41
1a41
1a42
1a42
1a43
1a43
1a43
1a44
1a44
1a45
1a45
1a46
1a46
1a47
1a47
1a47
1a48
1a48
1a49
1a49
1a4a
1a4a
1a4b
1a4b
1a4b
1a4c
1a4c
1a4d
1a4d
1a4e
1a4e
1a4f
1a4f
1a4f
1a50
1a50
1a51
1a51
1a52
1a52
1a53
1a53
1a54
1a54
1a54
1a55
1a55
1a56
1a56
1a57
1a57
1a58
1a58
1a58
1a59
1a59
1a5a
1a5a
1a5b
1a5b
1a5c
1a5c
1a5c
1a5d
1a5d
1a5e
1a5e
1a5f
1a5f
1a60
1a60
1a60
1a61
1a61
1a62
1a62
1a63
1a63
1a64
1a64
1a64
1a65
1a65
1a66
1a66
1a67
1a67
1a68
1a68
1a68
1a69
1a69
1a6a
1a6a
1a6b
1a6b
1a6c
1a6c
1a6c
1a6d
1a6d
1a6e
1a6e
1a6f
1a6f
1a70
1a70
1a70
1a71
1a71
1a72
1a72
1a73
1a73
1a73
1a74
1a74
1a75
1a75
1a76
1a76
1a77
1a77
1a77
1a78
1a78
1a79
1a79
1a7a
1a7a
1a7b
1a7b
1a7b
1a7c
1a7c
1a7d
1a7d
1a7e
1a7e
1a7f
1a7f
1a7f
1a80
1a80
1a81
1a81
1a82
1a82
1a82
1a83
1a83
1a84
1a84
1a85
1a85
1a86
1a86
1a86
1a87
1a87
1a88
1a88
1a89
1a89
1a8a
1a8a
1a8a
1a8b
1a8b
1a8c
1a8c
1a8d
1a8d
1a8d
1a8e
1a8e
1a8f
1a8f
1a90
1a90
1a91
1a91
1a91
1a92
1a92
1a93
1a93
1a94
1a94
1a94
1a95
1a95
1a96
1a96
1a97
1a97
1a98
1a98
1a98
1a99
1a99
1a9a
1a9a
1a9b
1a9b
1a9b
1a9c
1a9c
1a9d
1a9d
1a9e
1a9e
1a9e
1a9f
1a9f
1aa0
1aa0
1aa1
1aa1
1aa2
1aa2
1aa2
1aa3
1aa3
1aa4
1aa4
1aa5
1aa5
1aa5
1aa6
1aa6
1aa7
1aa7
1aa8
1aa8
1aa8
1aa9
1aa9
1aaa
1aaa
1aab
1aab
1aac
1aac
1aac
1aad
1aad
1aae
1aae
1aaf
1aaf
1aaf
1ab0
1ab0
1ab1
1ab1
1ab2
1ab2
1ab2
1ab3
1ab3
1ab4
1ab4
1ab5
1ab5
1ab5
1ab6
1ab6
1ab7
1ab7
1ab8
1ab8
1ab9
1ab9
1ab9
1aba
1aba
1abb
1abb
1abc
1abc
1abc
1abd
1abd
1abe
1abe
1abf
1abf
1abf
1ac0
1ac0
1ac1
1ac1
1ac2
1ac2
1ac2
1ac3
1ac3
1ac4
1ac4
1ac5
1ac5
1ac5
1ac6
1ac6
1ac7
1ac7
1ac8
1ac8
1ac8
1ac9
1ac9
1aca
1aca
1acb
1acb
1acb
1acc
1acc
1acd
1acd
1ace
1ace
1ace
1acf
1acf
1ad0
1ad0
1ad1
1ad1
1ad1
1ad2
1ad2
1ad3
1ad3
1ad4
1ad4
1ad4
1ad5
1ad5
1ad6
1ad6
1ad7
1ad7
1ad7
1ad8
1ad8
1ad9
1ad9
1ada
1ada
1ada
1adb
1adb
1adc
1adc
1add
1add
1add
1ade
1ade
1adf
1adf
1ae0
1ae0
1ae0
1ae1
1ae1
1ae2
1ae2
1ae3
1ae3
1ae3
1ae4
1ae4
1ae5
1ae5
1ae6
1ae6
1ae6
1ae7
1ae7
1ae8
1ae8
1ae9
1ae9
1ae9
1aea
1aea
1aeb
1aeb
1aeb
1aec
1aec
1aed
1aed
1aee
1aee
1aee
1aef
1aef
1af0
1af0
1af1
1af1
1af1
1af2
1af2
1af3
1af3
1af4
1af4
1af4
1af5
1af5
1af6
1af6
1af6
1af7
1af7
1af8
1af8
1af9
1af9
1af9
1afa
1afa
1afb
1afb
1afc
1afc
1afc
1afd
1afd
1afe
1afe
1aff
1aff
1aff
1b00
1b00
1b01
1b01
1b01
1b02
1b02
1b03
1b03
1b04
1b04
1b04
1b05
1b05
1b06
1b06
1b07
1b07
1b07
1b08
1b08
1b09
1b09
1b09
1b0a
1b0a
1b0b
1b0b
1b0c
1b0c
1b0c
1b0d
1b0d
1b0e
1b0e
1b0e
1b0f
1b0f
1b10
1b10
1b11
1b11
1b11
1b12
1b12
1b13
1b13
1b14
1b14
1b14
1b15
1b15
1b16
1b16
1b16
1b17
1b17
1b18
1b18
1b19
1b19
1b19
1b1a
1b1a
1b1b
1b1b
1b1b
1b1c
1b1c
1b1d
1b1d
1b1e
1b1e
1b1e
1b1f
1b1f
1b20
1b20
1b20
1b21
1b21
1b22
1b22
1b23
1b23
1b23
1b24
1b24
1b25
1b25
1b25
1b26
1b26
1b27
1b27
1b28
1b28
1b28
1b29
1b29
1b2a
1b2a
1b2a
1b2b
1b2b
1b2c
1b2c
1b2d
1b2d
1b2d
1b2e
1b2e
1b2f
1b2f
1b2f
1b30
1b30
1b31
1b31
1b31
1b32
1b32
1b33
1b33
1b34
1b34
1b34
1b35
1b35
1b36
1b36
1b36
1b37
1b37
1b38
1b38
1b39
1b39
1b39
1b3a
1b3a
1b3b
1b3b
1b3b
1b3c
1b3c
1b3d
1b3d
1b3d
1b3e
1b3e
1b3f
1b3f
1b40
1b40
1b40
1b41
1b41
1b42
1b42
1b42
1b43
1b43
1b44
1b44
1b44
1b45
1b45
1b46
1b46
1b46
1b47
1b47
1b48
1b48
1b49
1b49
1b49
1b4a
1b4a
1b4b
1b4b
1b4b
1b4c
1b4c
1b4d
1b4d
1b4d
1b4e
1b4e
1b4f
1b4f
1b50
1b50
1b50
1b51
1b51
1b52
1b52
1b52
1b53
1b53
1b54
1b54
1b54
1b55
1b55
1b56
1b56
1b56
1b57
1b57
1b58
1b58
1b59
1b59
1b59
1b5a
1b5a
1b5b
1b5b
1b5b
1b5c
1b5c
1b5d
1b5d
1b5d
1b5e
1b5e
1b5f
1b5f
1b5f
1b60
1b60
1b61
1b61
1b61
1b62
1b62
1b63
1b63
1b63
1b64
1b64
1b65
1b65
1b66
1b66
1b66
1b67
1b67
1b68
1b68
1b68
1b69
1b69
1b6a
1b6a
1b6a
1b6b
1b6b
1b6c
1b6c
1b6c
1b6d
1b6d
1b6e
1b6e
1b6e
1b6f
1b6f
1b70
1b70
1b70
1b71
1b71
1b72
1b72
1b72
1b73
1b73
1b74
1b74
1b74
1b75
1b75
1b76
1b76
1b76
1b77
1b77
1b78
1b78
1b79
1b79
1b79
1b7a
1b7a
1b7b
1b7b
1b7b
1b7c
1b7c
1b7d
1b7d
1b7d
1b7e
1b7e
1b7f
1b7f
1b7f
1b80
1b80
1b81
1b81
1b81
1b82
1b82
1b83
1b83
1b83
1b84
1b84
1b85
1b85
1b85
1b86
1b86
1b87
1b87
1b87
1b88
1b88
1b89
1b89
1b89
1b8a
1b8a
1b8b
1b8b
1b8b
1b8c
1b8c
1b8d
1b8d
1b8d
1b8e
1b8e
1b8f
1b8f
1b8f
1b90
1b90
1b91
1b91
1b91
1b92
1b92
1b93
1b93
1b93
1b94
1b94
1b95
1b95
1b95
1b96
1b96
1b97
1b97
1b97
1b98
1b98
1b99
1b99
1b99
1b9a
1b9a
1b9a
1b9b
1b9b
1b9c
1b9c
1b9c
1b9d
1b9d
1b9e
1b9e
1b9e
1b9f
1b9f
1ba0
1ba0
1ba0
1ba1
1ba1
1ba2
1ba2
1ba2
1ba3
1ba3
1ba4
1ba4
1ba4
1ba5
1ba5
1ba6
1ba6
1ba6
1ba7
1ba7
1ba8
1ba8
1ba8
1ba9
1ba9
1baa
1baa
1baa
1bab
1bab
1bac
1bac
1bac
1bad
1bad
1bad
1bae
1bae
1baf
1baf
1baf
1bb0
1bb0
1bb1
1bb1
1bb1
1bb2
1bb2
1bb3
1bb3
1bb3
1bb4
1bb4
1bb5
1bb5
1bb5
1bb6
1bb6
1bb7
1bb7
1bb7
1bb8
1bb8
1bb8
1bb9
1bb9
1bba
1bba
1bba
1bbb
1bbb
1bbc
1bbc
1bbc
1bbd
1bbd
1bbe
1bbe
1bbe
1bbf
1bbf
1bc0
1bc0
1bc0
1bc1
1bc1
1bc1
1bc2
1bc2
1bc3
1bc3
1bc3
1bc4
1bc4
1bc5
1bc5
1bc5
1bc6
1bc6
1bc7
1bc7
1bc7
1bc8
1bc8
1bc9
1bc9
1bc9
1bca
1bca
1bca
1bcb
1bcb
1bcc
1bcc
1bcc
1bcd
1bcd
1bce
1bce
1bce
1bcf
1bcf
1bd0
1bd0
1bd0
1bd1
1bd1
1bd1
1bd2
1bd2
1bd3
1bd3
1bd3
1bd4
1bd4
1bd5
1bd5
1bd5
1bd6
1bd6
1bd6
1bd7
1bd7
1bd8
1bd8
1bd8
1bd9
1bd9
1bda
1bda
1bda
1bdb
1bdb
1bdc
1bdc
1bdc
1bdd
1bdd
1bdd
1bde
1bde
1bdf
1bdf
1bdf
1be0
1be0
1be1
1be1
1be1
1be2
1be2
1be2
1be3
1be3
1be4
1be4
1be4
1be5
1be5
1be6
1be6
1be6
1be7
1be7
1be7
1be8
1be8
1be9
1be9
1be9
1bea
1bea
1beb
1beb
1beb
1bec
1bec
1bec
1bed
1bed
1bee
1bee
1bee
1bef
1bef
1bf0
1bf0
1bf0
1bf1
1bf1
1bf1
1bf2
1bf2
1bf3
1bf3
1bf3
1bf4
1bf4
1bf4
1bf5
1bf5
1bf6
1bf6
1bf6
1bf7
1bf7
1bf8
1bf8
1bf8
1bf9
1bf9
1bf9
1bfa
1bfa
1bfb
1bfb
1bfb
1bfc
1bfc
1bfd
1bfd
1bfd
1bfe
1bfe
1bfe
1bff
1bff
1c00
1c00
1c00
1c01
1c01
1c01
1c02
1c02
1c03
1c03
1c03
1c04
1c04
1c04
1c05
1c05
1c06
1c06
1c06
1c07
1c07
1c08
1c08
1c08
1c09
1c09
1c09
1c0a
1c0a
1c0b
1c0b
1c0b
1c0c
1c0c
1c0c
1c0d
1c0d
1c0e
1c0e
1c0e
1c0f
1c0f
1c0f
1c10
1c10
1c11
1c11
1c11
1c12
1c12
1c12
1c13
1c13
1c14
1c14
1c14
1c15
1c15
1c15
1c16
1c16
1c17
1c17
1c17
1c18
1c18
1c18
1c19
1c19
1c1a
1c1a
1c1a
1c1b
1c1b
1c1b
1c1c
1c1c
1c1d
1c1d
1c1d
1c1e
1c1e
1c1e
1c1f
1c1f
1c20
1c20
1c20
1c21
1c21
1c21
1c22
1c22
1c23
1c23
1c23
1c24
1c24
1c24
1c25
1c25
1c26
1c26
1c26
1c27
1c27
1c27
1c28
1c28
1c29
1c29
1c29
1c2a
1c2a
1c2a
1c2b
1c2b
1c2c
1c2c
1c2c
1c2d
1c2d
1c2d
1c2e
1c2e
1c2f
1c2f
1c2f
1c30
1c30
1c30
1c31
1c31
1c32
1c32
1c32
1c33
1c33
1c33
1c34
1c34
1c34
1c35
1c35
1c36
1c36
1c36
1c37
1c37
1c37
1c38
1c38
1c39
1c39
1c39
1c3a
1c3a
1c3a
1c3b
1c3b
1c3c
1c3c
1c3c
1c3d
1c3d
1c3d
1c3e
1c3e
1c3e
1c3f
1c3f
1c40
1c40
1c40
1c41
1c41
1c41
1c42
1c42
1c43
1c43
1c43
1c44
1c44
1c44
1c45
1c45
1c45
1c46
1c46
1c47
1c47
1c47
1c48
1c48
1c48
1c49
1c49
1c4a
1c4a
1c4a
1c4b
1c4b
1c4b
1c4c
1c4c
1c4c
1c4d
1c4d
1c4e
1c4e
1c4e
1c4f
1c4f
1c4f
1c50
1c50
1c50
1c51
1c51
1c52
1c52
1c52
1c53
1c53
1c53
1c54
1c54
1c54
1c55
1c55
1c56
1c56
1c56
1c57
1c57
1c57
1c58
1c58
1c59
1c59
1c59
1c5a
1c5a
1c5a
1c5b
1c5b
1c5b
1c5c
1c5c
1c5d
1c5d
1c5d
1c5e
1c5e
1c5e
1c5f
1c5f
1c5f
1c60
1c60
1c60
1c61
1c61
1c62
1c62
1c62
1c63
1c63
1c63
1c64
1c64
1c64
1c65
1c65
1c66
1c66
1c66
1c67
1c67
1c67
1c68
1c68
1c68
1c69
1c69
1c6a
1c6a
1c6a
1c6b
1c6b
1c6b
1c6c
1c6c
1c6c
1c6d
1c6d
1c6e
1c6e
1c6e
1c6f
1c6f
1c6f
1c70
1c70
1c70
1c71
1c71
1c71
1c72
1c72
1c73
1c73
1c73
1c74
1c74
1c74
1c75
1c75
1c75
1c76
1c76
1c77
1c77
1c77
1c78
1c78
1c78
1c79
1c79
1c79
1c7a
1c7a
1c7a
1c7b
1c7b
1c7c
1c7c
1c7c
1c7d
1c7d
1c7d
1c7e
1c7e
1c7e
1c7f
1c7f
1c7f
1c80
1c80
1c81
1c81
1c81
1c82
1c82
1c82
1c83
1c83
1c83
1c84
1c84
1c84
1c85
1c85
1c86
1c86
1c86
1c87
1c87
1c87
1c88
1c88
1c88
1c89
1c89
1c89
1c8a
1c8a
1c8a
1c8b
1c8b
1c8c
1c8c
1c8c
1c8d
1c8d
1c8d
1c8e
1c8e
1c8e
1c8f
1c8f
1c8f
1c90
1c90
1c91
1c91
1c91
1c92
1c92
1c92
1c93
1c93
1c93
1c94
1c94
1c94
1c95
1c95
1c95
1c96
1c96
1c97
1c97
1c97
1c98
1c98
1c98
1c99
1c99
1c99
1c9a
1c9a
1c9a
1c9b
1c9b
1c9b
1c9c
1c9c
1c9d
1c9d
1c9d
1c9e
1c9e
1c9e
1c9f
1c9f
1c9f
1ca0
1ca0
1ca0
1ca1
1ca1
1ca1
1ca2
1ca2
1ca2
1ca3
1ca3
1ca4
1ca4
1ca4
1ca5
1ca5
1ca5
1ca6
1ca6
1ca6
1ca7
1ca7
1ca7
1ca8
1ca8
1ca8
1ca9
1ca9
1ca9
1caa
1caa
1cab
1cab
1cab
1cac
1cac
1cac
1cad
1cad
1cad
1cae
1cae
1cae
1caf
1caf
1caf
1cb0
1cb0
1cb0
1cb1
1cb1
1cb1
1cb2
1cb2
1cb3
1cb3
1cb3
1cb4
1cb4
1cb4
1cb5
1cb5
1cb5
1cb6
1cb6
1cb6
1cb7
1cb7
1cb7
1cb8
1cb8
1cb8
1cb9
1cb9
1cb9
1cba
1cba
1cba
1cbb
1cbb
1cbc
1cbc
1cbc
1cbd
1cbd
1cbd
1cbe
1cbe
1cbe
1cbf
1cbf
1cbf
1cc0
1cc0
1cc0
1cc1
1cc1
1cc1
1cc2
1cc2
1cc2
1cc3
1cc3
1cc3
1cc4
1cc4
1cc4
1cc5
1cc5
1cc6
1cc6
1cc6
1cc7
1cc7
1cc7
1cc8
1cc8
1cc8
1cc9
1cc9
1cc9
1cca
1cca
1cca
1ccb
1ccb
1ccb
1ccc
1ccc
1ccc
1ccd
1ccd
1ccd
1cce
1cce
1cce
1ccf
1ccf
1ccf
1cd0
1cd0
1cd0
1cd1
1cd1
1cd1
1cd2
1cd2
1cd3
1cd3
1cd3
1cd4
1cd4
1cd4
1cd5
1cd5
1cd5
1cd6
1cd6
1cd6
1cd7
1cd7
1cd7
1cd8
1cd8
1cd8
1cd9
1cd9
1cd9
1cda
1cda
1cda
1cdb
1cdb
1cdb
1cdc
1cdc
1cdc
1cdd
1cdd
1cdd
1cde
1cde
1cde
1cdf
1cdf
1cdf
1ce0
1ce0
1ce0
1ce1
1ce1
1ce1
1ce2
1ce2
1ce2
1ce3
1ce3
1ce3
1ce4
1ce4
1ce4
1ce5
1ce5
1ce6
1ce6
1ce6
1ce7
1ce7
1ce7
1ce8
1ce8
1ce8
1ce9
1ce9
1ce9
1cea
1cea
1cea
1ceb
1ceb
1ceb
1cec
1cec
1cec
1ced
1ced
1ced
1cee
1cee
1cee
1cef
1cef
1cef
1cf0
1cf0
1cf0
1cf1
1cf1
1cf1
1cf2
1cf2
1cf2
1cf3
1cf3
1cf3
1cf4
1cf4
1cf4
1cf5
1cf5
1cf5
1cf6
1cf6
1cf6
1cf7
1cf7
1cf7
1cf8
1cf8
1cf8
1cf9
1cf9
1cf9
1cfa
1cfa
1cfa
1cfb
1cfb
1cfb
1cfc
1cfc
1cfc
1cfd
1cfd
1cfd
1cfe
1cfe
1cfe
1cff
1cff
1cff
1d00
1d00
1d00
1d01
1d01
1d01
1d02
1d02
1d02
1d03
1d03
1d03
1d04
1d04
1d04
1d05
1d05
1d05
1d06
1d06
1d06
1d07
1d07
1d07
1d08
1d08
1d08
1d09
1d09
1d09
1d0a
1d0a
1d0a
1d0b
1d0b
1d0b
1d0c
1d0c
1d0c
1d0c
1d0d
1d0d
1d0d
1d0e
1d0e
1d0e
1d0f
1d0f
1d0f
1d10
1d10
1d10
1d11
1d11
1d11
1d12
1d12
1d12
1d13
1d13
1d13
1d14
1d14
1d14
1d15
1d15
1d15
1d16
1d16
1d16
1d17
1d17
1d17
1d18
1d18
1d18
1d19
1d19
1d19
1d1a
1d1a
1d1a
1d1b
1d1b
1d1b
1d1c
1d1c
1d1c
1d1d
1d1d
1d1d
1d1e
1d1e
1d1e
1d1e
1d1f
1d1f
1d1f
1d20
1d20
1d20
1d21
1d21
1d21
1d22
1d22
1d22
1d23
1d23
1d23
1d24
1d24
1d24
1d25
1d25
1d25
1d26
1d26
1d26
1d27
1d27
1d27
1d28
1d28
1d28
1d29
1d29
1d29
1d2a
1d2a
1d2a
1d2a
1d2b
1d2b
1d2b
1d2c
1d2c
1d2c
1d2d
1d2d
1d2d
1d2e
1d2e
1d2e
1d2f
1d2f
1d2f
1d30
1d30
1d30
1d31
1d31
1d31
1d32
1d32
1d32
1d33
1d33
1d33
1d34
1d34
1d34
1d34
1d35
1d35
1d35
1d36
1d36
1d36
1d37
1d37
1d37
1d38
1d38
1d38
1d39
1d39
1d39
1d3a
1d3a
1d3a
1d3b
1d3b
1d3b
1d3c
1d3c
1d3c
1d3c
1d3d
1d3d
1d3d
1d3e
1d3e
1d3e
1d3f
1d3f
1d3f
1d40
1d40
1d40
1d41
1d41
1d41
1d42
1d42
1d42
1d43
1d43
1d43
1d43
1d44
1d44
1d44
1d45
1d45
1d45
1d46
1d46
1d46
1d47
1d47
1d47
1d48
1d48
1d48
1d49
1d49
1d49
1d49
1d4a
1d4a
1d4a
1d4b
1d4b
1d4b
1d4c
1d4c
1d4c
1d4d
1d4d
1d4d
1d4e
1d4e
1d4e
1d4f
1d4f
1d4f
1d4f
1d50
1d50
1d50
1d51
1d51
1d51
1d52
1d52
1d52
1d53
1d53
1d53
1d54
1d54
1d54
1d55
1d55
1d55
1d55
1d56
1d56
1d56
1d57
1d57
1d57
1d58
1d58
1d58
1d59
1d59
1d59
1d5a
1d5a
1d5a
1d5a
1d5b
1d5b
1d5b
1d5c
1d5c
1d5c
1d5d
1d5d
1d5d
1d5e
1d5e
1d5e
1d5f
1d5f
1d5f
1d5f
1d60
1d60
1d60
1d61
1d61
1d61
1d62
1d62
1d62
1d63
1d63
1d63
1d64
1d64
1d64
1d64
1d65
1d65
1d65
1d66
1d66
1d66
1d67
1d67
1d67
1d68
1d68
1d68
1d68
1d69
1d69
1d69
1d6a
1d6a
1d6a
1d6b
1d6b
1d6b
1d6c
1d6c
1d6c
1d6c
1d6d
1d6d
1d6d
1d6e
1d6e
1d6e
1d6f
1d6f
1d6f
1d70
1d70
1d70
1d70
1d71
1d71
1d71
1d72
1d72
1d72
1d73
1d73
1d73
1d74
1d74
1d74
1d74
1d75
1d75
1d75
1d76
1d76
1d76
1d77
1d77
1d77
1d78
1d78
1d78
1d78
1d79
1d79
1d79
1d7a
1d7a
1d7a
1d7b
1d7b
1d7b
1d7c
1d7c
1d7c
1d7c
1d7d
1d7d
1d7d
1d7e
1d7e
1d7e
1d7f
1d7f
1d7f
1d7f
1d80
1d80
1d80
1d81
1d81
1d81
1d82
1d82
1d82
1d83
1d83
1d83
1d83
1d84
1d84
1d84
1d85
1d85
1d85
1d86
1d86
1d86
1d86
1d87
1d87
1d87
1d88
1d88
1d88
1d89
1d89
1d89
1d89
1d8a
1d8a
1d8a
1d8b
1d8b
1d8b
1d8c
1d8c
1d8c
1d8c
1d8d
1d8d
1d8d
1d8e
1d8e
1d8e
1d8f
1d8f
1d8f
1d8f
1d90
1d90
1d90
1d91
1d91
1d91
1d92
1d92
1d92
1d92
1d93
1d93
1d93
1d94
1d94
1d94
1d95
1d95
1d95
1d95
1d96
1d96
1d96
1d97
1d97
1d97
1d98
1d98
1d98
1d98
1d99
1d99
1d99
1d9a
1d9a
1d9a
1d9b
1d9b
1d9b
1d9b
1d9c
1d9c
1d9c
1d9d
1d9d
1d9d
1d9e
1d9e
1d9e
1d9e
1d9f
1d9f
1d9f
1da0
1da0
1da0
1da1
1da1
1da1
1da1
1da2
1da2
1da2
1da3
1da3
1da3
1da3
1da4
1da4
1da4
1da5
1da5
1da5
1da6
1da6
1da6
1da6
1da7
1da7
1da7
1da8
1da8
1da8
1da8
1da9
1da9
1da9
1daa
1daa
1daa
1dab
1dab
1dab
1dab
1dac
1dac
1dac
1dad
1dad
1dad
1dad
1dae
1dae
1dae
1daf
1daf
1daf
1db0
1db0
1db0
1db0
1db1
1db1
1db1
1db2
1db2
1db2
1db2
1db3
1db3
1db3
1db4
1db4
1db4
1db5
1db5
1db5
1db5
1db6
1db6
1db6
1db7
1db7
1db7
1db7
1db8
1db8
1db8
1db9
1db9
1db9
1db9
1dba
1dba
1dba
1dbb
1dbb
1dbb
1dbc
1dbc
1dbc
1dbc
1dbd
1dbd
1dbd
1dbe
1dbe
1dbe
1dbe
1dbf
1dbf
1dbf
1dc0
1dc0
1dc0
1dc0
1dc1
1dc1
1dc1
1dc2
1dc2
1dc2
1dc2
1dc3
1dc3
1dc3
1dc4
1dc4
1dc4
1dc4
1dc5
1dc5
1dc5
1dc6
1dc6
1dc6
1dc6
1dc7
1dc7
1dc7
1dc8
1dc8
1dc8
1dc8
1dc9
1dc9
1dc9
1dca
1dca
1dca
1dca
1dcb
1dcb
1dcb
1dcc
1dcc
1dcc
1dcc
1dcd
1dcd
1dcd
1dce
1dce
1dce
1dce
1dcf
1dcf
1dcf
1dd0
1dd0
1dd0
1dd0
1dd1
1dd1
1dd1
1dd2
1dd2
1dd2
1dd2
1dd3
1dd3
1dd3
1dd4
1dd4
1dd4
1dd4
1dd5
1dd5
1dd5
1dd6
1dd6
1dd6
1dd6
1dd7
1dd7
1dd7
1dd8
1dd8
1dd8
1dd8
1dd9
1dd9
1dd9
1dda
1dda
1dda
1dda
1ddb
1ddb
1ddb
1ddc
1ddc
1ddc
1ddc
1ddd
1ddd
1ddd
1dde
1dde
1dde
1dde
1ddf
1ddf
1ddf
1de0
1de0
1de0
1de0
1de1
1de1
1de1
1de1
1de2
1de2
1de2
1de3
1de3
1de3
1de3
1de4
1de4
1de4
1de5
1de5
1de5
1de5
1de6
1de6
1de6
1de7
1de7
1de7
1de7
1de8
1de8
1de8
1de8
1de9
1de9
1de9
1dea
1dea
1dea
1dea
1deb
1deb
1deb
1dec
1dec
1dec
1dec
1ded
1ded
1ded
1ded
1dee
1dee
1dee
1def
1def
1def
1def
1df0
1df0
1df0
1df1
1df1
1df1
1df1
1df2
1df2
1df2
1df2
1df3
1df3
1df3
1df4
1df4
1df4
1df4
1df5
1df5
1df5
1df6
1df6
1df6
1df6
1df7
1df7
1df7
1df7
1df8
1df8
1df8
1df9
1df9
1df9
1df9
1dfa
1dfa
1dfa
1dfa
1dfb
1dfb
1dfb
1dfc
1dfc
1dfc
1dfc
1dfd
1dfd
1dfd
1dfd
1dfe
1dfe
1dfe
1dff
1dff
1dff
1dff
1e00
1e00
1e00
1e00
1e01
1e01
1e01
1e02
1e02
1e02
1e02
1e03
1e03
1e03
1e03
1e04
1e04
1e04
1e05
1e05
1e05
1e05
1e06
1e06
1e06
1e06
1e07
1e07
1e07
1e08
1e08
1e08
1e08
1e09
1e09
1e09
1e09
1e0a
1e0a
1e0a
1e0b
1e0b
1e0b
1e0b
1e0c
1e0c
1e0c
1e0c
1e0d
1e0d
1e0d
1e0d
1e0e
1e0e
1e0e
1e0f
1e0f
1e0f
1e0f
1e10
1e10
1e10
1e10
1e11
1e11
1e11
1e12
1e12
1e12
1e12
1e13
1e13
1e13
1e13
1e14
1e14
1e14
1e14
1e15
1e15
1e15
1e16
1e16
1e16
1e16
1e17
1e17
1e17
1e17
1e18
1e18
1e18
1e18
1e19
1e19
1e19
1e1a
1e1a
1e1a
1e1a
1e1b
1e1b
1e1b
1e1b
1e1c
1e1c
1e1c
1e1c
1e1d
1e1d
1e1d
1e1e
1e1e
1e1e
1e1e
1e1f
1e1f
1e1f
1e1f
1e20
1e20
1e20
1e20
1e21
1e21
1e21
1e22
1e22
1e22
1e22
1e23
1e23
1e23
1e23
1e24
1e24
1e24
1e24
1e25
1e25
1e25
1e25
1e26
1e26
1e26
1e27
1e27
1e27
1e27
1e28
1e28
1e28
1e28
1e29
1e29
1e29
1e29
1e2a
1e2a
1e2a
1e2a
1e2b
1e2b
1e2b
1e2b
1e2c
1e2c
1e2c
1e2d
1e2d
1e2d
1e2d
1e2e
1e2e
1e2e
1e2e
1e2f
1e2f
1e2f
1e2f
1e30
1e30
1e30
1e30
1e31
1e31
1e31
1e31
1e32
1e32
1e32
1e33
1e33
1e33
1e33
1e34
1e34
1e34
1e34
1e35
1e35
1e35
1e35
1e36
1e36
1e36
1e36
1e37
1e37
1e37
1e37
1e38
1e38
1e38
1e38
1e39
1e39
1e39
1e3a
1e3a
1e3a
1e3a
1e3b
1e3b
1e3b
1e3b
1e3c
1e3c
1e3c
1e3c
1e3d
1e3d
1e3d
1e3d
1e3e
1e3e
1e3e
1e3e
1e3f
1e3f
1e3f
1e3f
1e40
1e40
1e40
1e40
1e41
1e41
1e41
1e41
1e42
1e42
1e42
1e42
1e43
1e43
1e43
1e44
1e44
1e44
1e44
1e45
1e45
1e45
1e45
1e46
1e46
1e46
1e46
1e47
1e47
1e47
1e47
1e48
1e48
1e48
1e48
1e49
1e49
1e49
1e49
1e4a
1e4a
1e4a
1e4a
1e4b
1e4b
1e4b
1e4b
1e4c
1e4c
1e4c
1e4c
1e4d
1e4d
1e4d
1e4d
1e4e
1e4e
1e4e
1e4e
1e4f
1e4f
1e4f
1e4f
1e50
1e50
1e50
1e50
1e51
1e51
1e51
1e51
1e52
1e52
1e52
1e52
1e53
1e53
1e53
1e53
1e54
1e54
1e54
1e54
1e55
1e55
1e55
1e55
1e56
1e56
1e56
1e56
1e57
1e57
1e57
1e57
1e58
1e58
1e58
1e58
1e59
1e59
1e59
1e59
1e5a
1e5a
1e5a
1e5a
1e5b
1e5b
1e5b
1e5b
1e5c
1e5c
1e5c
1e5c
1e5d
1e5d
1e5d
1e5d
1e5e
1e5e
1e5e
1e5e
1e5f
1e5f
1e5f
1e5f
1e60
1e60
1e60
1e60
1e61
1e61
1e61
1e61
1e62
1e62
1e62
1e62
1e63
1e63
1e63
1e63
1e64
1e64
1e64
1e64
1e65
1e65
1e65
1e65
1e66
1e66
1e66
1e66
1e66
1e67
1e67
1e67
1e67
1e68
1e68
1e68
1e68
1e69
1e69
1e69
1e69
1e6a
1e6a
1e6a
1e6a
1e6b
1e6b
1e6b
1e6b
1e6c
1e6c
1e6c
1e6c
1e6d
1e6d
1e6d
1e6d
1e6e
1e6e
1e6e
1e6e
1e6f
1e6f
1e6f
1e6f
1e70
1e70
1e70
1e70
1e70
1e71
1e71
1e71
1e71
1e72
1e72
1e72
1e72
1e73
1e73
1e73
1e73
1e74
1e74
1e74
1e74
1e75
1e75
1e75
1e75
1e76
1e76
1e76
1e76
1e77
1e77
1e77
1e77
1e77
1e78
1e78
1e78
1e78
1e79
1e79
1e79
1e79
1e7a
1e7a
1e7a
1e7a
1e7b
1e7b
1e7b
1e7b
1e7c
1e7c
1e7c
1e7c
1e7c
1e7d
1e7d
1e7d
1e7d
1e7e
1e7e
1e7e
1e7e
1e7f
1e7f
1e7f
1e7f
1e80
1e80
1e80
1e80
1e81
1e81
1e81
1e81
1e81
1e82
1e82
1e82
1e82
1e83
1e83
1e83
1e83
1e84
1e84
1e84
1e84
1e85
1e85
1e85
1e85
1e85
1e86
1e86
1e86
1e86
1e87
1e87
1e87
1e87
1e88
1e88
1e88
1e88
1e89
1e89
1e89
1e89
1e89
1e8a
1e8a
1e8a
1e8a
1e8b
1e8b
1e8b
1e8b
1e8c
1e8c
1e8c
1e8c
1e8d
1e8d
1e8d
1e8d
1e8d
1e8e
1e8e
1e8e
1e8e
1e8f
1e8f
1e8f
1e8f
1e90
1e90
1e90
1e90
1e90
1e91
1e91
1e91
1e91
1e92
1e92
1e92
1e92
1e93
1e93
1e93
1e93
1e94
1e94
1e94
1e94
1e94
1e95
1e95
1e95
1e95
1e96
1e96
1e96
1e96
1e97
1e97
1e97
1e97
1e97
1e98
1e98
1e98
1e98
1e99
1e99
1e99
1e99
1e99
1e9a
1e9a
1e9a
1e9a
1e9b
1e9b
1e9b
1e9b
1e9c
1e9c
1e9c
1e9c
1e9c
1e9d
1e9d
1e9d
1e9d
1e9e
1e9e
1e9e
1e9e
1e9f
1e9f
1e9f
1e9f
1e9f
1ea0
1ea0
1ea0
1ea0
1ea1
1ea1
1ea1
1ea1
1ea1
1ea2
1ea2
1ea2
1ea2
1ea3
1ea3
1ea3
1ea3
1ea4
1ea4
1ea4
1ea4
1ea4
1ea5
1ea5
1ea5
1ea5
1ea6
1ea6
1ea6
1ea6
1ea6
1ea7
1ea7
1ea7
1ea7
1ea8
1ea8
1ea8
1ea8
1ea8
1ea9
1ea9
1ea9
1ea9
1eaa
1eaa
1eaa
1eaa
1eab
1eab
1eab
1eab
1eab
1eac
1eac
1eac
1eac
1ead
1ead
1ead
1ead
1ead
1eae
1eae
1eae
1eae
1eaf
1eaf
1eaf
1eaf
1eaf
1eb0
1eb0
1eb0
1eb0
1eb1
1eb1
1eb1
1eb1
1eb1
1eb2
1eb2
1eb2
1eb2
1eb3
1eb3
1eb3
1eb3
1eb3
1eb4
1eb4
1eb4
1eb4
1eb5
1eb5
1eb5
1eb5
1eb5
1eb6
1eb6
1eb6
1eb6
1eb6
1eb7
1eb7
1eb7
1eb7
1eb8
1eb8
1eb8
1eb8
1eb8
1eb9
1eb9
1eb9
1eb9
1eba
1eba
1eba
1eba
1eba
1ebb
1ebb
1ebb
1ebb
1ebc
1ebc
1ebc
1ebc
1ebc
1ebd
1ebd
1ebd
1ebd
1ebe
1ebe
1ebe
1ebe
1ebe
1ebf
1ebf
1ebf
1ebf
1ebf
1ec0
1ec0
1ec0
1ec0
1ec1
1ec1
1ec1
1ec1
1ec1
1ec2
1ec2
1ec2
1ec2
1ec2
1ec3
1ec3
1ec3
1ec3
1ec4
1ec4
1ec4
1ec4
1ec4
1ec5
1ec5
1ec5
1ec5
1ec6
1ec6
1ec6
1ec6
1ec6
1ec7
1ec7
1ec7
1ec7
1ec7
1ec8
1ec8
1ec8
1ec8
1ec9
1ec9
1ec9
1ec9
1ec9
1eca
1eca
1eca
1eca
1eca
1ecb
1ecb
1ecb
1ecb
1ecc
1ecc
1ecc
1ecc
1ecc
1ecd
1ecd
1ecd
1ecd
1ecd
1ece
1ece
1ece
1ece
1ece
1ecf
1ecf
1ecf
1ecf
1ed0
1ed0
1ed0
1ed0
1ed0
1ed1
1ed1
1ed1
1ed1
1ed1
1ed2
1ed2
1ed2
1ed2
1ed3
1ed3
1ed3
1ed3
1ed3
1ed4
1ed4
1ed4
1ed4
1ed4
1ed5
1ed5
1ed5
1ed5
1ed5
1ed6
1ed6
1ed6
1ed6
1ed6
1ed7
1ed7
1ed7
1ed7
1ed8
1ed8
1ed8
1ed8
1ed8
1ed9
1ed9
1ed9
1ed9
1ed9
1eda
1eda
1eda
1eda
1eda
1edb
1edb
1edb
1edb
1edc
1edc
1edc
1edc
1edc
1edd
1edd
1edd
1edd
1edd
1ede
1ede
1ede
1ede
1ede
1edf
1edf
1edf
1edf
1edf
1ee0
1ee0
1ee0
1ee0
1ee0
1ee1
1ee1
1ee1
1ee1
1ee1
1ee2
1ee2
1ee2
1ee2
1ee3
1ee3
1ee3
1ee3
1ee3
1ee4
1ee4
1ee4
1ee4
1ee4
1ee5
1ee5
1ee5
1ee5
1ee5
1ee6
1ee6
1ee6
1ee6
1ee6
1ee7
1ee7
1ee7
1ee7
1ee7
1ee8
1ee8
1ee8
1ee8
1ee8
1ee9
1ee9
1ee9
1ee9
1ee9
1eea
1eea
1eea
1eea
1eea
1eeb
1eeb
1eeb
1eeb
1eeb
1eec
1eec
1eec
1eec
1eec
1eed
1eed
1eed
1eed
1eed
1eee
1eee
1eee
1eee
1eee
1eef
1eef
1eef
1eef
1ef0
1ef0
1ef0
1ef0
1ef0
1ef1
1ef1
1ef1
1ef1
1ef1
1ef2
1ef2
1ef2
1ef2
1ef2
1ef3
1ef3
1ef3
1ef3
1ef3
1ef3
1ef4
1ef4
1ef4
1ef4
1ef4
1ef5
1ef5
1ef5
1ef5
1ef5
1ef6
1ef6
1ef6
1ef6
1ef6
1ef7
1ef7
1ef7
1ef7
1ef7
1ef8
1ef8
1ef8
1ef8
1ef8
1ef9
1ef9
1ef9
1ef9
1ef9
1efa
1efa
1efa
1efa
1efa
1efb
1efb
1efb
1efb
1efb
1efc
1efc
1efc
1efc
1efc
1efd
1efd
1efd
1efd
1efd
1efe
1efe
1efe
1efe
1efe
1eff
1eff
1eff
1eff
1eff
1f00
1f00
1f00
1f00
1f00
1f00
1f01
1f01
1f01
1f01
1f01
1f02
1f02
1f02
1f02
1f02
1f03
1f03
1f03
1f03
1f03
1f04
1f04
1f04
1f04
1f04
1f05
1f05
1f05
1f05
1f05
1f06
1f06
1f06
1f06
1f06
1f06
1f07
1f07
1f07
1f07
1f07
1f08
1f08
1f08
1f08
1f08
1f09
1f09
1f09
1f09
1f09
1f0a
1f0a
1f0a
1f0a
1f0a
1f0a
1f0b
1f0b
1f0b
1f0b
1f0b
1f0c
1f0c
1f0c
1f0c
1f0c
1f0d
1f0d
1f0d
1f0d
1f0d
1f0e
1f0e
1f0e
1f0e
1f0e
1f0e
1f0f
1f0f
1f0f
1f0f
1f0f
1f10
1f10
1f10
1f10
1f10
1f11
1f11
1f11
1f11
1f11
1f11
1f12
1f12
1f12
1f12
1f12
1f13
1f13
1f13
1f13
1f13
1f14
1f14
1f14
1f14
1f14
1f14
1f15
1f15
1f15
1f15
1f15
1f16
1f16
1f16
1f16
1f16
1f17
1f17
1f17
1f17
1f17
1f17
1f18
1f18
1f18
1f18
1f18
1f19
1f19
1f19
1f19
1f19
1f19
1f1a
1f1a
1f1a
1f1a
1f1a
1f1b
1f1b
1f1b
1f1b
1f1b
1f1c
1f1c
1f1c
1f1c
1f1c
1f1c
1f1d
1f1d
1f1d
1f1d
1f1d
1f1e
1f1e
1f1e
1f1e
1f1e
1f1e
1f1f
1f1f
1f1f
1f1f
1f1f
1f20
1f20
1f20
1f20
1f20
1f20
1f21
1f21
1f21
1f21
1f21
1f22
1f22
1f22
1f22
1f22
1f22
1f23
1f23
1f23
1f23
1f23
1f24
1f24
1f24
1f24
1f24
1f24
1f25
1f25
1f25
1f25
1f25
1f26
1f26
1f26
1f26
1f26
1f26
1f27
1f27
1f27
1f27
1f27
1f27
1f28
1f28
1f28
1f28
1f28
1f29
1f29
1f29
1f29
1f29
1f29
1f2a
1f2a
1f2a
1f2a
1f2a
1f2b
1f2b
1f2b
1f2b
1f2b
1f2b
1f2c
1f2c
1f2c
1f2c
1f2c
1f2c
1f2d
1f2d
1f2d
1f2d
1f2d
1f2e
1f2e
1f2e
1f2e
1f2e
1f2e
1f2f
1f2f
1f2f
1f2f
1f2f
1f2f
1f30
1f30
1f30
1f30
1f30
1f31
1f31
1f31
1f31
1f31
1f31
1f32
1f32
1f32
1f32
1f32
1f32
1f33
1f33
1f33
1f33
1f33
1f33
1f34
1f34
1f34
1f34
1f34
1f35
1f35
1f35
1f35
1f35
1f35
1f36
1f36
1f36
1f36
1f36
1f36
1f37
1f37
1f37
1f37
1f37
1f37
1f38
1f38
1f38
1f38
1f38
1f38
1f39
1f39
1f39
1f39
1f39
1f3a
1f3a
1f3a
1f3a
1f3a
1f3a
1f3b
1f3b
1f3b
1f3b
1f3b
1f3b
1f3c
1f3c
1f3c
1f3c
1f3c
1f3c
1f3d
1f3d
1f3d
1f3d
1f3d
1f3d
1f3e
1f3e
1f3e
1f3e
1f3e
1f3e
1f3f
1f3f
1f3f
1f3f
1f3f
1f3f
1f40
1f40
1f40
1f40
1f40
1f40
1f41
1f41
1f41
1f41
1f41
1f41
1f42
1f42
1f42
1f42
1f42
1f43
1f43
1f43
1f43
1f43
1f43
1f44
1f44
1f44
1f44
1f44
1f44
1f45
1f45
1f45
1f45
1f45
1f45
1f46
1f46
1f46
1f46
1f46
1f46
1f47
1f47
1f47
1f47
1f47
1f47
1f47
1f48
1f48
1f48
1f48
1f48
1f48
1f49
1f49
1f49
1f49
1f49
1f49
1f4a
1f4a
1f4a
1f4a
1f4a
1f4a
1f4b
1f4b
1f4b
1f4b
1f4b
1f4b
1f4c
1f4c
1f4c
1f4c
1f4c
1f4c
1f4d
1f4d
1f4d
1f4d
1f4d
1f4d
1f4e
1f4e
1f4e
1f4e
1f4e
1f4e
1f4f
1f4f
1f4f
1f4f
1f4f
1f4f
1f50
1f50
1f50
1f50
1f50
1f50
1f50
1f51
1f51
1f51
1f51
1f51
1f51
1f52
1f52
1f52
1f52
1f52
1f52
1f53
1f53
1f53
1f53
1f53
1f53
1f54
1f54
1f54
1f54
1f54
1f54
1f54
1f55
1f55
1f55
1f55
1f55
1f55
1f56
1f56
1f56
1f56
1f56
1f56
1f57
1f57
1f57
1f57
1f57
1f57
1f57
1f58
1f58
1f58
1f58
1f58
1f58
1f59
1f59
1f59
1f59
1f59
1f59
1f5a
1f5a
1f5a
1f5a
1f5a
1f5a
1f5a
1f5b
1f5b
1f5b
1f5b
1f5b
1f5b
1f5c
1f5c
1f5c
1f5c
1f5c
1f5c
1f5d
1f5d
1f5d
1f5d
1f5d
1f5d
1f5d
1f5e
1f5e
1f5e
1f5e
1f5e
1f5e
1f5f
1f5f
1f5f
1f5f
1f5f
1f5f
1f5f
1f60
1f60
1f60
1f60
1f60
1f60
1f61
1f61
1f61
1f61
1f61
1f61
1f61
1f62
1f62
1f62
1f62
1f62
1f62
1f63
1f63
1f63
1f63
1f63
1f63
1f63
1f64
1f64
1f64
1f64
1f64
1f64
1f65
1f65
1f65
1f65
1f65
1f65
1f65
1f66
1f66
1f66
1f66
1f66
1f66
1f66
1f67
1f67
1f67
1f67
1f67
1f67
1f68
1f68
1f68
1f68
1f68
1f68
1f68
1f69
1f69
1f69
1f69
1f69
1f69
1f69
1f6a
1f6a
1f6a
1f6a
1f6a
1f6a
1f6b
1f6b
1f6b
1f6b
1f6b
1f6b
1f6b
1f6c
1f6c
1f6c
1f6c
1f6c
1f6c
1f6c
1f6d
1f6d
1f6d
1f6d
1f6d
1f6d
1f6d
1f6e
1f6e
1f6e
1f6e
1f6e
1f6e
1f6f
1f6f
1f6f
1f6f
1f6f
1f6f
1f6f
1f70
1f70
1f70
1f70
1f70
1f70
1f70
1f71
1f71
1f71
1f71
1f71
1f71
1f71
1f72
1f72
1f72
1f72
1f72
1f72
1f72
1f73
1f73
1f73
1f73
1f73
1f73
1f73
1f74
1f74
1f74
1f74
1f74
1f74
1f74
1f75
1f75
1f75
1f75
1f75
1f75
1f75
1f76
1f76
1f76
1f76
1f76
1f76
1f76
1f77
1f77
1f77
1f77
1f77
1f77
1f77
1f78
1f78
1f78
1f78
1f78
1f78
1f78
1f79
1f79
1f79
1f79
1f79
1f79
1f79
1f7a
1f7a
1f7a
1f7a
1f7a
1f7a
1f7a
1f7b
1f7b
1f7b
1f7b
1f7b
1f7b
1f7b
1f7c
1f7c
1f7c
1f7c
1f7c
1f7c
1f7c
1f7d
1f7d
1f7d
1f7d
1f7d
1f7d
1f7d
1f7e
1f7e
1f7e
1f7e
1f7e
1f7e
1f7e
1f7e
1f7f
1f7f
1f7f
1f7f
1f7f
1f7f
1f7f
1f80
1f80
1f80
1f80
1f80
1f80
1f80
1f81
1f81
1f81
1f81
1f81
1f81
1f81
1f82
1f82
1f82
1f82
1f82
1f82
1f82
1f82
1f83
1f83
1f83
1f83
1f83
1f83
1f83
1f84
1f84
1f84
1f84
1f84
1f84
1f84
1f85
1f85
1f85
1f85
1f85
1f85
1f85
1f85
1f86
1f86
1f86
1f86
1f86
1f86
1f86
1f87
1f87
1f87
1f87
1f87
1f87
1f87
1f87
1f88
1f88
1f88
1f88
1f88
1f88
1f88
1f89
1f89
1f89
1f89
1f89
1f89
1f89
1f89
1f8a
1f8a
1f8a
1f8a
1f8a
1f8a
1f8a
1f8b
1f8b
1f8b
1f8b
1f8b
1f8b
1f8b
1f8b
1f8c
1f8c
1f8c
1f8c
1f8c
1f8c
1f8c
1f8d
1f8d
1f8d
1f8d
1f8d
1f8d
1f8d
1f8d
1f8e
1f8e
1f8e
1f8e
1f8e
1f8e
1f8e
1f8e
1f8f
1f8f
1f8f
1f8f
1f8f
1f8f
1f8f
1f8f
1f90
1f90
1f90
1f90
1f90
1f90
1f90
1f91
1f91
1f91
1f91
1f91
1f91
1f91
1f91
1f92
1f92
1f92
1f92
1f92
1f92
1f92
1f92
1f93
1f93
1f93
1f93
1f93
1f93
1f93
1f93
1f94
1f94
1f94
1f94
1f94
1f94
1f94
1f94
1f95
1f95
1f95
1f95
1f95
1f95
1f95
1f95
1f96
1f96
1f96
1f96
1f96
1f96
1f96
1f96
1f97
1f97
1f97
1f97
1f97
1f97
1f97
1f97
1f98
1f98
1f98
1f98
1f98
1f98
1f98
1f98
1f99
1f99
1f99
1f99
1f99
1f99
1f99
1f99
1f9a
1f9a
1f9a
1f9a
1f9a
1f9a
1f9a
1f9a
1f9b
1f9b
1f9b
1f9b
1f9b
1f9b
1f9b
1f9b
1f9c
1f9c
1f9c
1f9c
1f9c
1f9c
1f9c
1f9c
1f9d
1f9d
1f9d
1f9d
1f9d
1f9d
1f9d
1f9d
1f9d
1f9e
1f9e
1f9e
1f9e
1f9e
1f9e
1f9e
1f9e
1f9f
1f9f
1f9f
1f9f
1f9f
1f9f
1f9f
1f9f
1fa0
1fa0
1fa0
1fa0
1fa0
1fa0
1fa0
1fa0
1fa0
1fa1
1fa1
1fa1
1fa1
1fa1
1fa1
1fa1
1fa1
1fa2
1fa2
1fa2
1fa2
1fa2
1fa2
1fa2
1fa2
1fa3
1fa3
1fa3
1fa3
1fa3
1fa3
1fa3
1fa3
1fa3
1fa4
1fa4
1fa4
1fa4
1fa4
1fa4
1fa4
1fa4
1fa4
1fa5
1fa5
1fa5
1fa5
1fa5
1fa5
1fa5
1fa5
1fa6
1fa6
1fa6
1fa6
1fa6
1fa6
1fa6
1fa6
1fa6
1fa7
1fa7
1fa7
1fa7
1fa7
1fa7
1fa7
1fa7
1fa7
1fa8
1fa8
1fa8
1fa8
1fa8
1fa8
1fa8
1fa8
1fa9
1fa9
1fa9
1fa9
1fa9
1fa9
1fa9
1fa9
1fa9
1faa
1faa
1faa
1faa
1faa
1faa
1faa
1faa
1faa
1fab
1fab
1fab
1fab
1fab
1fab
1fab
1fab
1fab
1fac
1fac
1fac
1fac
1fac
1fac
1fac
1fac
1fac
1fad
1fad
1fad
1fad
1fad
1fad
1fad
1fad
1fad
1fae
1fae
1fae
1fae
1fae
1fae
1fae
1fae
1fae
1faf
1faf
1faf
1faf
1faf
1faf
1faf
1faf
1faf
1fb0
1fb0
1fb0
1fb0
1fb0
1fb0
1fb0
1fb0
1fb0
1fb1
1fb1
1fb1
1fb1
1fb1
1fb1
1fb1
1fb1
1fb1
1fb1
1fb2
1fb2
1fb2
1fb2
1fb2
1fb2
1fb2
1fb2
1fb2
1fb3
1fb3
1fb3
1fb3
1fb3
1fb3
1fb3
1fb3
1fb3
1fb4
1fb4
1fb4
1fb4
1fb4
1fb4
1fb4
1fb4
1fb4
1fb4
1fb5
1fb5
1fb5
1fb5
1fb5
1fb5
1fb5
1fb5
1fb5
1fb6
1fb6
1fb6
1fb6
1fb6
1fb6
1fb6
1fb6
1fb6
1fb6
1fb7
1fb7
1fb7
1fb7
1fb7
1fb7
1fb7
1fb7
1fb7
1fb8
1fb8
1fb8
1fb8
1fb8
1fb8
1fb8
1fb8
1fb8
1fb8
1fb9
1fb9
1fb9
1fb9
1fb9
1fb9
1fb9
1fb9
1fb9
1fb9
1fba
1fba
1fba
1fba
1fba
1fba
1fba
1fba
1fba
1fba
1fbb
1fbb
1fbb
1fbb
1fbb
1fbb
1fbb
1fbb
1fbb
1fbb
1fbc
1fbc
1fbc
1fbc
1fbc
1fbc
1fbc
1fbc
1fbc
1fbd
1fbd
1fbd
1fbd
1fbd
1fbd
1fbd
1fbd
1fbd
1fbd
1fbd
1fbe
1fbe
1fbe
1fbe
1fbe
1fbe
1fbe
1fbe
1fbe
1fbe
1fbf
1fbf
1fbf
1fbf
1fbf
1fbf
1fbf
1fbf
1fbf
1fbf
1fc0
1fc0
1fc0
1fc0
1fc0
1fc0
1fc0
1fc0
1fc0
1fc0
1fc1
1fc1
1fc1
1fc1
1fc1
1fc1
1fc1
1fc1
1fc1
1fc1
1fc1
1fc2
1fc2
1fc2
1fc2
1fc2
1fc2
1fc2
1fc2
1fc2
1fc2
1fc3
1fc3
1fc3
1fc3
1fc3
1fc3
1fc3
1fc3
1fc3
1fc3
1fc3
1fc4
1fc4
1fc4
1fc4
1fc4
1fc4
1fc4
1fc4
1fc4
1fc4
1fc5
1fc5
1fc5
1fc5
1fc5
1fc5
1fc5
1fc5
1fc5
1fc5
1fc5
1fc6
1fc6
1fc6
1fc6
1fc6
1fc6
1fc6
1fc6
1fc6
1fc6
1fc6
1fc7
1fc7
1fc7
1fc7
1fc7
1fc7
1fc7
1fc7
1fc7
1fc7
1fc7
1fc8
1fc8
1fc8
1fc8
1fc8
1fc8
1fc8
1fc8
1fc8
1fc8
1fc8
1fc9
1fc9
1fc9
1fc9
1fc9
1fc9
1fc9
1fc9
1fc9
1fc9
1fc9
1fca
1fca
1fca
1fca
1fca
1fca
1fca
1fca
1fca
1fca
1fca
1fcb
1fcb
1fcb
1fcb
1fcb
1fcb
1fcb
1fcb
1fcb
1fcb
1fcb
1fcc
1fcc
1fcc
1fcc
1fcc
1fcc
1fcc
1fcc
1fcc
1fcc
1fcc
1fcc
1fcd
1fcd
1fcd
1fcd
1fcd
1fcd
1fcd
1fcd
1fcd
1fcd
1fcd
1fce
1fce
1fce
1fce
1fce
1fce
1fce
1fce
1fce
1fce
1fce
1fce
1fcf
1fcf
1fcf
1fcf
1fcf
1fcf
1fcf
1fcf
1fcf
1fcf
1fcf
1fcf
1fd0
1fd0
1fd0
1fd0
1fd0
1fd0
1fd0
1fd0
1fd0
1fd0
1fd0
1fd0
1fd1
1fd1
1fd1
1fd1
1fd1
1fd1
1fd1
1fd1
1fd1
1fd1
1fd1
1fd1
1fd2
1fd2
1fd2
1fd2
1fd2
1fd2
1fd2
1fd2
1fd2
1fd2
1fd2
1fd2
1fd3
1fd3
1fd3
1fd3
1fd3
1fd3
1fd3
1fd3
1fd3
1fd3
1fd3
1fd3
1fd4
1fd4
1fd4
1fd4
1fd4
1fd4
1fd4
1fd4
1fd4
1fd4
1fd4
1fd4
1fd4
1fd5
1fd5
1fd5
1fd5
1fd5
1fd5
1fd5
1fd5
1fd5
1fd5
1fd5
1fd5
1fd6
1fd6
1fd6
1fd6
1fd6
1fd6
1fd6
1fd6
1fd6
1fd6
1fd6
1fd6
1fd6
1fd7
1fd7
1fd7
1fd7
1fd7
1fd7
1fd7
1fd7
1fd7
1fd7
1fd7
1fd7
1fd7
1fd8
1fd8
1fd8
1fd8
1fd8
1fd8
1fd8
1fd8
1fd8
1fd8
1fd8
1fd8
1fd8
1fd9
1fd9
1fd9
1fd9
1fd9
1fd9
1fd9
1fd9
1fd9
1fd9
1fd9
1fd9
1fd9
1fda
1fda
1fda
1fda
1fda
1fda
1fda
1fda
1fda
1fda
1fda
1fda
1fda
1fdb
1fdb
1fdb
1fdb
1fdb
1fdb
1fdb
1fdb
1fdb
1fdb
1fdb
1fdb
1fdb
1fdb
1fdc
1fdc
1fdc
1fdc
1fdc
1fdc
1fdc
1fdc
1fdc
1fdc
1fdc
1fdc
1fdc
1fdc
1fdd
1fdd
1fdd
1fdd
1fdd
1fdd
1fdd
1fdd
1fdd
1fdd
1fdd
1fdd
1fdd
1fdd
1fde
1fde
1fde
1fde
1fde
1fde
1fde
1fde
1fde
1fde
1fde
1fde
1fde
1fde
1fdf
1fdf
1fdf
1fdf
1fdf
1fdf
1fdf
1fdf
1fdf
1fdf
1fdf
1fdf
1fdf
1fdf
1fe0
1fe0
1fe0
1fe0
1fe0
1fe0
1fe0
1fe0
1fe0
1fe0
1fe0
1fe0
1fe0
1fe0
1fe0
1fe1
1fe1
1fe1
1fe1
1fe1
1fe1
1fe1
1fe1
1fe1
1fe1
1fe1
1fe1
1fe1
1fe1
1fe1
1fe2
1fe2
1fe2
1fe2
1fe2
1fe2
1fe2
1fe2
1fe2
1fe2
1fe2
1fe2
1fe2
1fe2
1fe2
1fe3
1fe3
1fe3
1fe3
1fe3
1fe3
1fe3
1fe3
1fe3
1fe3
1fe3
1fe3
1fe3
1fe3
1fe3
1fe3
1fe4
1fe4
1fe4
1fe4
1fe4
1fe4
1fe4
1fe4
1fe4
1fe4
1fe4
1fe4
1fe4
1fe4
1fe4
1fe5
1fe5
1fe5
1fe5
1fe5
1fe5
1fe5
1fe5
1fe5
1fe5
1fe5
1fe5
1fe5
1fe5
1fe5
1fe5
1fe6
1fe6
1fe6
1fe6
1fe6
1fe6
1fe6
1fe6
1fe6
1fe6
1fe6
1fe6
1fe6
1fe6
1fe6
1fe6
1fe6
1fe7
1fe7
1fe7
1fe7
1fe7
1fe7
1fe7
1fe7
1fe7
1fe7
1fe7
1fe7
1fe7
1fe7
1fe7
1fe7
1fe8
1fe8
1fe8
1fe8
1fe8
1fe8
1fe8
1fe8
1fe8
1fe8
1fe8
1fe8
1fe8
1fe8
1fe8
1fe8
1fe8
1fe9
1fe9
1fe9
1fe9
1fe9
1fe9
1fe9
1fe9
1fe9
1fe9
1fe9
1fe9
1fe9
1fe9
1fe9
1fe9
1fe9
1fe9
1fea
1fea
1fea
1fea
1fea
1fea
1fea
1fea
1fea
1fea
1fea
1fea
1fea
1fea
1fea
1fea
1fea
1feb
1feb
1feb
1feb
1feb
1feb
1feb
1feb
1feb
1feb
1feb
1feb
1feb
1feb
1feb
1feb
1feb
1feb
1feb
1fec
1fec
1fec
1fec
1fec
1fec
1fec
1fec
1fec
1fec
1fec
1fec
1fec
1fec
1fec
1fec
1fec
1fec
1fed
1fed
1fed
1fed
1fed
1fed
1fed
1fed
1fed
1fed
1fed
1fed
1fed
1fed
1fed
1fed
1fed
1fed
1fed
1fed
1fee
1fee
1fee
1fee
1fee
1fee
1fee
1fee
1fee
1fee
1fee
1fee
1fee
1fee
1fee
1fee
1fee
1fee
1fee
1fef
1fef
1fef
1fef
1fef
1fef
1fef
1fef
1fef
1fef
1fef
1fef
1fef
1fef
1fef
1fef
1fef
1fef
1fef
1fef
1fef
1ff0
1ff0
1ff0
1ff0
1ff0
1ff0
1ff0
1ff0
1ff0
1ff0
1ff0
1ff0
1ff0
1ff0
1ff0
1ff0
1ff0
1ff0
1ff0
1ff0
1ff0
1ff1
1ff1
1ff1
1ff1
1ff1
1ff1
1ff1
1ff1
1ff1
1ff1
1ff1
1ff1
1ff1
1ff1
1ff1
1ff1
1ff1
1ff1
1ff1
1ff1
1ff1
1ff1
1ff2
1ff2
1ff2
1ff2
1ff2
1ff2
1ff2
1ff2
1ff2
1ff2
1ff2
1ff2
1ff2
1ff2
1ff2
1ff2
1ff2
1ff2
1ff2
1ff2
1ff2
1ff2
1ff3
1ff3
1ff3
1ff3
1ff3
1ff3
1ff3
1ff3
1ff3
1ff3
1ff3
1ff3
1ff3
1ff3
1ff3
1ff3
1ff3
1ff3
1ff3
1ff3
1ff3
1ff3
1ff3
1ff3
1ff4
1ff4
1ff4
1ff4
1ff4
1ff4
1ff4
1ff4
1ff4
1ff4
1ff4
1ff4
1ff4
1ff4
1ff4
1ff4
1ff4
1ff4
1ff4
1ff4
1ff4
1ff4
1ff4
1ff4
1ff5
1ff5
1ff5
1ff5
1ff5
1ff5
1ff5
1ff5
1ff5
1ff5
1ff5
1ff5
1ff5
1ff5
1ff5
1ff5
1ff5
1ff5
1ff5
1ff5
1ff5
1ff5
1ff5
1ff5
1ff5
1ff5
1ff6
1ff6
1ff6
1ff6
1ff6
1ff6
1ff6
1ff6
1ff6
1ff6
1ff6
1ff6
1ff6
1ff6
1ff6
1ff6
1ff6
1ff6
1ff6
1ff6
1ff6
1ff6
1ff6
1ff6
1ff6
1ff6
1ff6
1ff7
1ff7
1ff7
1ff7
1ff7
1ff7
1ff7
1ff7
1ff7
1ff7
1ff7
1ff7
1ff7
1ff7
1ff7
1ff7
1ff7
1ff7
1ff7
1ff7
1ff7
1ff7
1ff7
1ff7
1ff7
1ff7
1ff7
1ff7
1ff7
1ff8
1ff8
1ff8
1ff8
1ff8
1ff8
1ff8
1ff8
1ff8
1ff8
1ff8
1ff8
1ff8
1ff8
1ff8
1ff8
1ff8
1ff8
1ff8
1ff8
1ff8
1ff8
1ff8
1ff8
1ff8
1ff8
1ff8
1ff8
1ff8
1ff8
1ff8
1ff9
1ff9
1ff9
1ff9
1ff9
1ff9
1ff9
1ff9
1ff9
1ff9
1ff9
1ff9
1ff9
1ff9
1ff9
1ff9
1ff9
1ff9
1ff9
1ff9
1ff9
1ff9
1ff9
1ff9
1ff9
1ff9
1ff9
1ff9
1ff9
1ff9
1ff9
1ff9
1ff9
1ffa
1ffa
1ffa
1ffa
1ffa
1ffa
1ffa
1ffa
1ffa
1ffa
1ffa
1ffa
1ffa
1ffa
1ffa
1ffa
1ffa
1ffa
1ffa
1ffa
1ffa
1ffa
1ffa
1ffa
1ffa
1ffa
1ffa
1ffa
1ffa
1ffa
1ffa
1ffa
1ffa
1ffa
1ffa
1ffa
1ffa
1ffb
1ffb
1ffb
1ffb
1ffb
1ffb
1ffb
1ffb
1ffb
1ffb
1ffb
1ffb
1ffb
1ffb
1ffb
1ffb
1ffb
1ffb
1ffb
1ffb
1ffb
1ffb
1ffb
1ffb
1ffb
1ffb
1ffb
1ffb
1ffb
1ffb
1ffb
1ffb
1ffb
1ffb
1ffb
1ffb
1ffb
1ffb
1ffb
1ffb
1ffb
1ffc
1ffc
1ffc
1ffc
1ffc
1ffc
1ffc
1ffc
1ffc
1ffc
1ffc
1ffc
1ffc
1ffc
1ffc
1ffc
1ffc
1ffc
1ffc
1ffc
1ffc
1ffc
1ffc
1ffc
1ffc
1ffc
1ffc
1ffc
1ffc
1ffc
1ffc
1ffc
1ffc
1ffc
1ffc
1ffc
1ffc
1ffc
1ffc
1ffc
1ffc
1ffc
1ffc
1ffc
1ffc
1ffc
1ffc
1ffd
1ffd
1ffd
1ffd
1ffd
1ffd
1ffd
1ffd
1ffd
1ffd
1ffd
1ffd
1ffd
1ffd
1ffd
1ffd
1ffd
1ffd
1ffd
1ffd
1ffd
1ffd
1ffd
1ffd
1ffd
1ffd
1ffd
1ffd
1ffd
1ffd
1ffd
1ffd
1ffd
1ffd
1ffd
1ffd
1ffd
1ffd
1ffd
1ffd
1ffd
1ffd
1ffd
1ffd
1ffd
1ffd
1ffd
1ffd
1ffd
1ffd
1ffd
1ffd
1ffd
1ffd
1ffd
1ffd
1ffd
1ffd
1ffe
1ffe
1ffe
1ffe
1ffe
1ffe
1ffe
1ffe
1ffe
1ffe
1ffe
1ffe
1ffe
1ffe
1ffe
1ffe
1ffe
1ffe
1ffe
1ffe
1ffe
1ffe
1ffe
1ffe
1ffe
1ffe
1ffe
1ffe
1ffe
1ffe
1ffe
1ffe
1ffe
1ffe
1ffe
1ffe
1ffe
1ffe
1ffe
1ffe
1ffe
1ffe
1ffe
1ffe
1ffe
1ffe
1ffe
1ffe
1ffe
1ffe
1ffe
1ffe
1ffe
1ffe
1ffe
1ffe
1ffe
1ffe
1ffe
1ffe
1ffe
1ffe
1ffe
1ffe
1ffe
1ffe
1ffe
1ffe
1ffe
1ffe
1ffe
1ffe
1ffe
1ffe
1ffe
1ffe
1ffe
1ffe
1ffe
1ffe
1ffe
1ffe
1ffe
1ffe
1fff
1fff
1fff
1fff
1fff
1fff
1fff
1fff
1fff
1fff
1fff
1fff
1fff
1fff
1fff
1fff
1fff
1fff
1fff
1fff
1fff
1fff
1fff
1fff
1fff
1fff
1fff
1fff
1fff
1fff
1fff
1fff
1fff
1fff
1fff
1fff
1fff
1fff
1fff
1fff
1fff
1fff
1fff
1fff
1fff
1fff
1fff
1fff
1fff
1fff
1fff
1fff
1fff
1fff
1fff
1fff
1fff
1fff
1fff
1fff
1fff
1fff
1fff
1fff
1fff
1fff
1fff
1fff
1fff
1fff
1fff
1fff
1fff
1fff
1fff
1fff
1fff
1fff
1fff
1fff
1fff
1fff
1fff
1fff
1fff
1fff
1fff
1fff
1fff
1fff
1fff
1fff
1fff
1fff
1fff
1fff
1fff
1fff
1fff
1fff
1fff
1fff
1fff
1fff
1fff
1fff
1fff
1fff
1fff
1fff
1fff
1fff
1fff
1fff
1fff
1fff
1fff
1fff
1fff
1fff
1fff
1fff
1fff
1fff
1fff
1fff
1fff
1fff
1fff
1fff
1fff
1fff
1fff
1fff
1fff
1fff
1fff
1fff
1fff
1fff
1fff
1fff
1fff
1fff
1fff
1fff
1fff
1fff
1fff
1fff
1fff
1fff
1fff
1fff
1fff
1fff
1fff
1fff
1fff
1fff
1fff
1fff
1fff
1fff
1fff
1fff
1fff
1fff
1fff
1fff
1fff
1fff
1fff
1fff
1fff
1fff
1fff
1fff
1fff
1fff
1fff
1fff
1fff
1fff
1fff
1fff
1fff
1fff
1fff
1fff
1fff
1fff
1fff
1fff
1fff
1fff
1fff
1fff
1fff
1fff
1fff
1fff
1fff
1fff
1fff
1fff
1fff
1fff
1fff
1fff
1fff
1fff
1fff
1fff
1fff
1fff
1fff
1fff
1fff
1fff
1fff
1fff
1fff
1fff
1fff
1fff
1fff
1fff
1fff
1fff
1fff
1ffe
1ffe
1ffe
1ffe
1ffe
1ffe
1ffe
1ffe
1ffe
1ffe
1ffe
1ffe
1ffe
1ffe
1ffe
1ffe
1ffe
1ffe
1ffe
1ffe
1ffe
1ffe
1ffe
1ffe
1ffe
1ffe
1ffe
1ffe
1ffe
1ffe
1ffe
1ffe
1ffe
1ffe
1ffe
1ffe
1ffe
1ffe
1ffe
1ffe
1ffe
1ffe
1ffe
1ffe
1ffe
1ffe
1ffe
1ffe
1ffe
1ffe
1ffe
1ffe
1ffe
1ffe
1ffe
1ffe
1ffe
1ffe
1ffe
1ffe
1ffe
1ffe
1ffe
1ffe
1ffe
1ffe
1ffe
1ffe
1ffe
1ffe
1ffe
1ffe
1ffe
1ffe
1ffe
1ffe
1ffe
1ffe
1ffe
1ffe
1ffe
1ffe
1ffe
1ffe
1ffd
1ffd
1ffd
1ffd
1ffd
1ffd
1ffd
1ffd
1ffd
1ffd
1ffd
1ffd
1ffd
1ffd
1ffd
1ffd
1ffd
1ffd
1ffd
1ffd
1ffd
1ffd
1ffd
1ffd
1ffd
1ffd
1ffd
1ffd
1ffd
1ffd
1ffd
1ffd
1ffd
1ffd
1ffd
1ffd
1ffd
1ffd
1ffd
1ffd
1ffd
1ffd
1ffd
1ffd
1ffd
1ffd
1ffd
1ffd
1ffd
1ffd
1ffd
1ffd
1ffd
1ffd
1ffd
1ffd
1ffd
1ffd
1ffc
1ffc
1ffc
1ffc
1ffc
1ffc
1ffc
1ffc
1ffc
1ffc
1ffc
1ffc
1ffc
1ffc
1ffc
1ffc
1ffc
1ffc
1ffc
1ffc
1ffc
1ffc
1ffc
1ffc
1ffc
1ffc
1ffc
1ffc
1ffc
1ffc
1ffc
1ffc
1ffc
1ffc
1ffc
1ffc
1ffc
1ffc
1ffc
1ffc
1ffc
1ffc
1ffc
1ffc
1ffc
1ffc
1ffc
1ffb
1ffb
1ffb
1ffb
1ffb
1ffb
1ffb
1ffb
1ffb
1ffb
1ffb
1ffb
1ffb
1ffb
1ffb
1ffb
1ffb
1ffb
1ffb
1ffb
1ffb
1ffb
1ffb
1ffb
1ffb
1ffb
1ffb
1ffb
1ffb
1ffb
1ffb
1ffb
1ffb
1ffb
1ffb
1ffb
1ffb
1ffb
1ffb
1ffb
1ffb
1ffa
1ffa
1ffa
1ffa
1ffa
1ffa
1ffa
1ffa
1ffa
1ffa
1ffa
1ffa
1ffa
1ffa
1ffa
1ffa
1ffa
1ffa
1ffa
1ffa
1ffa
1ffa
1ffa
1ffa
1ffa
1ffa
1ffa
1ffa
1ffa
1ffa
1ffa
1ffa
1ffa
1ffa
1ffa
1ffa
1ffa
1ff9
1ff9
1ff9
1ff9
1ff9
1ff9
1ff9
1ff9
1ff9
1ff9
1ff9
1ff9
1ff9
1ff9
1ff9
1ff9
1ff9
1ff9
1ff9
1ff9
1ff9
1ff9
1ff9
1ff9
1ff9
1ff9
1ff9
1ff9
1ff9
1ff9
1ff9
1ff9
1ff9
1ff8
1ff8
1ff8
1ff8
1ff8
1ff8
1ff8
1ff8
1ff8
1ff8
1ff8
1ff8
1ff8
1ff8
1ff8
1ff8
1ff8
1ff8
1ff8
1ff8
1ff8
1ff8
1ff8
1ff8
1ff8
1ff8
1ff8
1ff8
1ff8
1ff8
1ff8
1ff7
1ff7
1ff7
1ff7
1ff7
1ff7
1ff7
1ff7
1ff7
1ff7
1ff7
1ff7
1ff7
1ff7
1ff7
1ff7
1ff7
1ff7
1ff7
1ff7
1ff7
1ff7
1ff7
1ff7
1ff7
1ff7
1ff7
1ff7
1ff7
1ff6
1ff6
1ff6
1ff6
1ff6
1ff6
1ff6
1ff6
1ff6
1ff6
1ff6
1ff6
1ff6
1ff6
1ff6
1ff6
1ff6
1ff6
1ff6
1ff6
1ff6
1ff6
1ff6
1ff6
1ff6
1ff6
1ff6
1ff5
1ff5
1ff5
1ff5
1ff5
1ff5
1ff5
1ff5
1ff5
1ff5
1ff5
1ff5
1ff5
1ff5
1ff5
1ff5
1ff5
1ff5
1ff5
1ff5
1ff5
1ff5
1ff5
1ff5
1ff5
1ff5
1ff4
1ff4
1ff4
1ff4
1ff4
1ff4
1ff4
1ff4
1ff4
1ff4
1ff4
1ff4
1ff4
1ff4
1ff4
1ff4
1ff4
1ff4
1ff4
1ff4
1ff4
1ff4
1ff4
1ff4
1ff3
1ff3
1ff3
1ff3
1ff3
1ff3
1ff3
1ff3
1ff3
1ff3
1ff3
1ff3
1ff3
1ff3
1ff3
1ff3
1ff3
1ff3
1ff3
1ff3
1ff3
1ff3
1ff3
1ff3
1ff2
1ff2
1ff2
1ff2
1ff2
1ff2
1ff2
1ff2
1ff2
1ff2
1ff2
1ff2
1ff2
1ff2
1ff2
1ff2
1ff2
1ff2
1ff2
1ff2
1ff2
1ff2
1ff1
1ff1
1ff1
1ff1
1ff1
1ff1
1ff1
1ff1
1ff1
1ff1
1ff1
1ff1
1ff1
1ff1
1ff1
1ff1
1ff1
1ff1
1ff1
1ff1
1ff1
1ff1
1ff0
1ff0
1ff0
1ff0
1ff0
1ff0
1ff0
1ff0
1ff0
1ff0
1ff0
1ff0
1ff0
1ff0
1ff0
1ff0
1ff0
1ff0
1ff0
1ff0
1ff0
1fef
1fef
1fef
1fef
1fef
1fef
1fef
1fef
1fef
1fef
1fef
1fef
1fef
1fef
1fef
1fef
1fef
1fef
1fef
1fef
1fef
1fee
1fee
1fee
1fee
1fee
1fee
1fee
1fee
1fee
1fee
1fee
1fee
1fee
1fee
1fee
1fee
1fee
1fee
1fee
1fed
1fed
1fed
1fed
1fed
1fed
1fed
1fed
1fed
1fed
1fed
1fed
1fed
1fed
1fed
1fed
1fed
1fed
1fed
1fed
1fec
1fec
1fec
1fec
1fec
1fec
1fec
1fec
1fec
1fec
1fec
1fec
1fec
1fec
1fec
1fec
1fec
1fec
1feb
1feb
1feb
1feb
1feb
1feb
1feb
1feb
1feb
1feb
1feb
1feb
1feb
1feb
1feb
1feb
1feb
1feb
1feb
1fea
1fea
1fea
1fea
1fea
1fea
1fea
1fea
1fea
1fea
1fea
1fea
1fea
1fea
1fea
1fea
1fea
1fe9
1fe9
1fe9
1fe9
1fe9
1fe9
1fe9
1fe9
1fe9
1fe9
1fe9
1fe9
1fe9
1fe9
1fe9
1fe9
1fe9
1fe9
1fe8
1fe8
1fe8
1fe8
1fe8
1fe8
1fe8
1fe8
1fe8
1fe8
1fe8
1fe8
1fe8
1fe8
1fe8
1fe8
1fe8
1fe7
1fe7
1fe7
1fe7
1fe7
1fe7
1fe7
1fe7
1fe7
1fe7
1fe7
1fe7
1fe7
1fe7
1fe7
1fe7
1fe6
1fe6
1fe6
1fe6
1fe6
1fe6
1fe6
1fe6
1fe6
1fe6
1fe6
1fe6
1fe6
1fe6
1fe6
1fe6
1fe6
1fe5
1fe5
1fe5
1fe5
1fe5
1fe5
1fe5
1fe5
1fe5
1fe5
1fe5
1fe5
1fe5
1fe5
1fe5
1fe5
1fe4
1fe4
1fe4
1fe4
1fe4
1fe4
1fe4
1fe4
1fe4
1fe4
1fe4
1fe4
1fe4
1fe4
1fe4
1fe3
1fe3
1fe3
1fe3
1fe3
1fe3
1fe3
1fe3
1fe3
1fe3
1fe3
1fe3
1fe3
1fe3
1fe3
1fe3
1fe2
1fe2
1fe2
1fe2
1fe2
1fe2
1fe2
1fe2
1fe2
1fe2
1fe2
1fe2
1fe2
1fe2
1fe2
1fe1
1fe1
1fe1
1fe1
1fe1
1fe1
1fe1
1fe1
1fe1
1fe1
1fe1
1fe1
1fe1
1fe1
1fe1
1fe0
1fe0
1fe0
1fe0
1fe0
1fe0
1fe0
1fe0
1fe0
1fe0
1fe0
1fe0
1fe0
1fe0
1fe0
1fdf
1fdf
1fdf
1fdf
1fdf
1fdf
1fdf
1fdf
1fdf
1fdf
1fdf
1fdf
1fdf
1fdf
1fde
1fde
1fde
1fde
1fde
1fde
1fde
1fde
1fde
1fde
1fde
1fde
1fde
1fde
1fdd
1fdd
1fdd
1fdd
1fdd
1fdd
1fdd
1fdd
1fdd
1fdd
1fdd
1fdd
1fdd
1fdd
1fdc
1fdc
1fdc
1fdc
1fdc
1fdc
1fdc
1fdc
1fdc
1fdc
1fdc
1fdc
1fdc
1fdc
1fdb
1fdb
1fdb
1fdb
1fdb
1fdb
1fdb
1fdb
1fdb
1fdb
1fdb
1fdb
1fdb
1fdb
1fda
1fda
1fda
1fda
1fda
1fda
1fda
1fda
1fda
1fda
1fda
1fda
1fda
1fd9
1fd9
1fd9
1fd9
1fd9
1fd9
1fd9
1fd9
1fd9
1fd9
1fd9
1fd9
1fd9
1fd8
1fd8
1fd8
1fd8
1fd8
1fd8
1fd8
1fd8
1fd8
1fd8
1fd8
1fd8
1fd8
1fd7
1fd7
1fd7
1fd7
1fd7
1fd7
1fd7
1fd7
1fd7
1fd7
1fd7
1fd7
1fd7
1fd6
1fd6
1fd6
1fd6
1fd6
1fd6
1fd6
1fd6
1fd6
1fd6
1fd6
1fd6
1fd6
1fd5
1fd5
1fd5
1fd5
1fd5
1fd5
1fd5
1fd5
1fd5
1fd5
1fd5
1fd5
1fd4
1fd4
1fd4
1fd4
1fd4
1fd4
1fd4
1fd4
1fd4
1fd4
1fd4
1fd4
1fd4
1fd3
1fd3
1fd3
1fd3
1fd3
1fd3
1fd3
1fd3
1fd3
1fd3
1fd3
1fd3
1fd2
1fd2
1fd2
1fd2
1fd2
1fd2
1fd2
1fd2
1fd2
1fd2
1fd2
1fd2
1fd1
1fd1
1fd1
1fd1
1fd1
1fd1
1fd1
1fd1
1fd1
1fd1
1fd1
1fd1
1fd0
1fd0
1fd0
1fd0
1fd0
1fd0
1fd0
1fd0
1fd0
1fd0
1fd0
1fd0
1fcf
1fcf
1fcf
1fcf
1fcf
1fcf
1fcf
1fcf
1fcf
1fcf
1fcf
1fcf
1fce
1fce
1fce
1fce
1fce
1fce
1fce
1fce
1fce
1fce
1fce
1fce
1fcd
1fcd
1fcd
1fcd
1fcd
1fcd
1fcd
1fcd
1fcd
1fcd
1fcd
1fcc
1fcc
1fcc
1fcc
1fcc
1fcc
1fcc
1fcc
1fcc
1fcc
1fcc
1fcc
1fcb
1fcb
1fcb
1fcb
1fcb
1fcb
1fcb
1fcb
1fcb
1fcb
1fcb
1fca
1fca
1fca
1fca
1fca
1fca
1fca
1fca
1fca
1fca
1fca
1fc9
1fc9
1fc9
1fc9
1fc9
1fc9
1fc9
1fc9
1fc9
1fc9
1fc9
1fc8
1fc8
1fc8
1fc8
1fc8
1fc8
1fc8
1fc8
1fc8
1fc8
1fc8
1fc7
1fc7
1fc7
1fc7
1fc7
1fc7
1fc7
1fc7
1fc7
1fc7
1fc7
1fc6
1fc6
1fc6
1fc6
1fc6
1fc6
1fc6
1fc6
1fc6
1fc6
1fc6
1fc5
1fc5
1fc5
1fc5
1fc5
1fc5
1fc5
1fc5
1fc5
1fc5
1fc5
1fc4
1fc4
1fc4
1fc4
1fc4
1fc4
1fc4
1fc4
1fc4
1fc4
1fc3
1fc3
1fc3
1fc3
1fc3
1fc3
1fc3
1fc3
1fc3
1fc3
1fc3
1fc2
1fc2
1fc2
1fc2
1fc2
1fc2
1fc2
1fc2
1fc2
1fc2
1fc1
1fc1
1fc1
1fc1
1fc1
1fc1
1fc1
1fc1
1fc1
1fc1
1fc1
1fc0
1fc0
1fc0
1fc0
1fc0
1fc0
1fc0
1fc0
1fc0
1fc0
1fbf
1fbf
1fbf
1fbf
1fbf
1fbf
1fbf
1fbf
1fbf
1fbf
1fbe
1fbe
1fbe
1fbe
1fbe
1fbe
1fbe
1fbe
1fbe
1fbe
1fbd
1fbd
1fbd
1fbd
1fbd
1fbd
1fbd
1fbd
1fbd
1fbd
1fbd
1fbc
1fbc
1fbc
1fbc
1fbc
1fbc
1fbc
1fbc
1fbc
1fbb
1fbb
1fbb
1fbb
1fbb
1fbb
1fbb
1fbb
1fbb
1fbb
1fba
1fba
1fba
1fba
1fba
1fba
1fba
1fba
1fba
1fba
1fb9
1fb9
1fb9
1fb9
1fb9
1fb9
1fb9
1fb9
1fb9
1fb9
1fb8
1fb8
1fb8
1fb8
1fb8
1fb8
1fb8
1fb8
1fb8
1fb8
1fb7
1fb7
1fb7
1fb7
1fb7
1fb7
1fb7
1fb7
1fb7
1fb6
1fb6
1fb6
1fb6
1fb6
1fb6
1fb6
1fb6
1fb6
1fb6
1fb5
1fb5
1fb5
1fb5
1fb5
1fb5
1fb5
1fb5
1fb5
1fb4
1fb4
1fb4
1fb4
1fb4
1fb4
1fb4
1fb4
1fb4
1fb4
1fb3
1fb3
1fb3
1fb3
1fb3
1fb3
1fb3
1fb3
1fb3
1fb2
1fb2
1fb2
1fb2
1fb2
1fb2
1fb2
1fb2
1fb2
1fb1
1fb1
1fb1
1fb1
1fb1
1fb1
1fb1
1fb1
1fb1
1fb1
1fb0
1fb0
1fb0
1fb0
1fb0
1fb0
1fb0
1fb0
1fb0
1faf
1faf
1faf
1faf
1faf
1faf
1faf
1faf
1faf
1fae
1fae
1fae
1fae
1fae
1fae
1fae
1fae
1fae
1fad
1fad
1fad
1fad
1fad
1fad
1fad
1fad
1fad
1fac
1fac
1fac
1fac
1fac
1fac
1fac
1fac
1fac
1fab
1fab
1fab
1fab
1fab
1fab
1fab
1fab
1fab
1faa
1faa
1faa
1faa
1faa
1faa
1faa
1faa
1faa
1fa9
1fa9
1fa9
1fa9
1fa9
1fa9
1fa9
1fa9
1fa9
1fa8
1fa8
1fa8
1fa8
1fa8
1fa8
1fa8
1fa8
1fa7
1fa7
1fa7
1fa7
1fa7
1fa7
1fa7
1fa7
1fa7
1fa6
1fa6
1fa6
1fa6
1fa6
1fa6
1fa6
1fa6
1fa6
1fa5
1fa5
1fa5
1fa5
1fa5
1fa5
1fa5
1fa5
1fa4
1fa4
1fa4
1fa4
1fa4
1fa4
1fa4
1fa4
1fa4
1fa3
1fa3
1fa3
1fa3
1fa3
1fa3
1fa3
1fa3
1fa3
1fa2
1fa2
1fa2
1fa2
1fa2
1fa2
1fa2
1fa2
1fa1
1fa1
1fa1
1fa1
1fa1
1fa1
1fa1
1fa1
1fa0
1fa0
1fa0
1fa0
1fa0
1fa0
1fa0
1fa0
1fa0
1f9f
1f9f
1f9f
1f9f
1f9f
1f9f
1f9f
1f9f
1f9e
1f9e
1f9e
1f9e
1f9e
1f9e
1f9e
1f9e
1f9d
1f9d
1f9d
1f9d
1f9d
1f9d
1f9d
1f9d
1f9d
1f9c
1f9c
1f9c
1f9c
1f9c
1f9c
1f9c
1f9c
1f9b
1f9b
1f9b
1f9b
1f9b
1f9b
1f9b
1f9b
1f9a
1f9a
1f9a
1f9a
1f9a
1f9a
1f9a
1f9a
1f99
1f99
1f99
1f99
1f99
1f99
1f99
1f99
1f98
1f98
1f98
1f98
1f98
1f98
1f98
1f98
1f97
1f97
1f97
1f97
1f97
1f97
1f97
1f97
1f96
1f96
1f96
1f96
1f96
1f96
1f96
1f96
1f95
1f95
1f95
1f95
1f95
1f95
1f95
1f95
1f94
1f94
1f94
1f94
1f94
1f94
1f94
1f94
1f93
1f93
1f93
1f93
1f93
1f93
1f93
1f93
1f92
1f92
1f92
1f92
1f92
1f92
1f92
1f92
1f91
1f91
1f91
1f91
1f91
1f91
1f91
1f91
1f90
1f90
1f90
1f90
1f90
1f90
1f90
1f8f
1f8f
1f8f
1f8f
1f8f
1f8f
1f8f
1f8f
1f8e
1f8e
1f8e
1f8e
1f8e
1f8e
1f8e
1f8e
1f8d
1f8d
1f8d
1f8d
1f8d
1f8d
1f8d
1f8d
1f8c
1f8c
1f8c
1f8c
1f8c
1f8c
1f8c
1f8b
1f8b
1f8b
1f8b
1f8b
1f8b
1f8b
1f8b
1f8a
1f8a
1f8a
1f8a
1f8a
1f8a
1f8a
1f89
1f89
1f89
1f89
1f89
1f89
1f89
1f89
1f88
1f88
1f88
1f88
1f88
1f88
1f88
1f87
1f87
1f87
1f87
1f87
1f87
1f87
1f87
1f86
1f86
1f86
1f86
1f86
1f86
1f86
1f85
1f85
1f85
1f85
1f85
1f85
1f85
1f85
1f84
1f84
1f84
1f84
1f84
1f84
1f84
1f83
1f83
1f83
1f83
1f83
1f83
1f83
1f82
1f82
1f82
1f82
1f82
1f82
1f82
1f82
1f81
1f81
1f81
1f81
1f81
1f81
1f81
1f80
1f80
1f80
1f80
1f80
1f80
1f80
1f7f
1f7f
1f7f
1f7f
1f7f
1f7f
1f7f
1f7e
1f7e
1f7e
1f7e
1f7e
1f7e
1f7e
1f7e
1f7d
1f7d
1f7d
1f7d
1f7d
1f7d
1f7d
1f7c
1f7c
1f7c
1f7c
1f7c
1f7c
1f7c
1f7b
1f7b
1f7b
1f7b
1f7b
1f7b
1f7b
1f7a
1f7a
1f7a
1f7a
1f7a
1f7a
1f7a
1f79
1f79
1f79
1f79
1f79
1f79
1f79
1f78
1f78
1f78
1f78
1f78
1f78
1f78
1f77
1f77
1f77
1f77
1f77
1f77
1f77
1f76
1f76
1f76
1f76
1f76
1f76
1f76
1f75
1f75
1f75
1f75
1f75
1f75
1f75
1f74
1f74
1f74
1f74
1f74
1f74
1f74
1f73
1f73
1f73
1f73
1f73
1f73
1f73
1f72
1f72
1f72
1f72
1f72
1f72
1f72
1f71
1f71
1f71
1f71
1f71
1f71
1f71
1f70
1f70
1f70
1f70
1f70
1f70
1f70
1f6f
1f6f
1f6f
1f6f
1f6f
1f6f
1f6f
1f6e
1f6e
1f6e
1f6e
1f6e
1f6e
1f6d
1f6d
1f6d
1f6d
1f6d
1f6d
1f6d
1f6c
1f6c
1f6c
1f6c
1f6c
1f6c
1f6c
1f6b
1f6b
1f6b
1f6b
1f6b
1f6b
1f6b
1f6a
1f6a
1f6a
1f6a
1f6a
1f6a
1f69
1f69
1f69
1f69
1f69
1f69
1f69
1f68
1f68
1f68
1f68
1f68
1f68
1f68
1f67
1f67
1f67
1f67
1f67
1f67
1f66
1f66
1f66
1f66
1f66
1f66
1f66
1f65
1f65
1f65
1f65
1f65
1f65
1f65
1f64
1f64
1f64
1f64
1f64
1f64
1f63
1f63
1f63
1f63
1f63
1f63
1f63
1f62
1f62
1f62
1f62
1f62
1f62
1f61
1f61
1f61
1f61
1f61
1f61
1f61
1f60
1f60
1f60
1f60
1f60
1f60
1f5f
1f5f
1f5f
1f5f
1f5f
1f5f
1f5f
1f5e
1f5e
1f5e
1f5e
1f5e
1f5e
1f5d
1f5d
1f5d
1f5d
1f5d
1f5d
1f5d
1f5c
1f5c
1f5c
1f5c
1f5c
1f5c
1f5b
1f5b
1f5b
1f5b
1f5b
1f5b
1f5a
1f5a
1f5a
1f5a
1f5a
1f5a
1f5a
1f59
1f59
1f59
1f59
1f59
1f59
1f58
1f58
1f58
1f58
1f58
1f58
1f57
1f57
1f57
1f57
1f57
1f57
1f57
1f56
1f56
1f56
1f56
1f56
1f56
1f55
1f55
1f55
1f55
1f55
1f55
1f54
1f54
1f54
1f54
1f54
1f54
1f54
1f53
1f53
1f53
1f53
1f53
1f53
1f52
1f52
1f52
1f52
1f52
1f52
1f51
1f51
1f51
1f51
1f51
1f51
1f50
1f50
1f50
1f50
1f50
1f50
1f50
1f4f
1f4f
1f4f
1f4f
1f4f
1f4f
1f4e
1f4e
1f4e
1f4e
1f4e
1f4e
1f4d
1f4d
1f4d
1f4d
1f4d
1f4d
1f4c
1f4c
1f4c
1f4c
1f4c
1f4c
1f4b
1f4b
1f4b
1f4b
1f4b
1f4b
1f4a
1f4a
1f4a
1f4a
1f4a
1f4a
1f49
1f49
1f49
1f49
1f49
1f49
1f48
1f48
1f48
1f48
1f48
1f48
1f47
1f47
1f47
1f47
1f47
1f47
1f47
1f46
1f46
1f46
1f46
1f46
1f46
1f45
1f45
1f45
1f45
1f45
1f45
1f44
1f44
1f44
1f44
1f44
1f44
1f43
1f43
1f43
1f43
1f43
1f43
1f42
1f42
1f42
1f42
1f42
1f41
1f41
1f41
1f41
1f41
1f41
1f40
1f40
1f40
1f40
1f40
1f40
1f3f
1f3f
1f3f
1f3f
1f3f
1f3f
1f3e
1f3e
1f3e
1f3e
1f3e
1f3e
1f3d
1f3d
1f3d
1f3d
1f3d
1f3d
1f3c
1f3c
1f3c
1f3c
1f3c
1f3c
1f3b
1f3b
1f3b
1f3b
1f3b
1f3b
1f3a
1f3a
1f3a
1f3a
1f3a
1f3a
1f39
1f39
1f39
1f39
1f39
1f38
1f38
1f38
1f38
1f38
1f38
1f37
1f37
1f37
1f37
1f37
1f37
1f36
1f36
1f36
1f36
1f36
1f36
1f35
1f35
1f35
1f35
1f35
1f35
1f34
1f34
1f34
1f34
1f34
1f33
1f33
1f33
1f33
1f33
1f33
1f32
1f32
1f32
1f32
1f32
1f32
1f31
1f31
1f31
1f31
1f31
1f31
1f30
1f30
1f30
1f30
1f30
1f2f
1f2f
1f2f
1f2f
1f2f
1f2f
1f2e
1f2e
1f2e
1f2e
1f2e
1f2e
1f2d
1f2d
1f2d
1f2d
1f2d
1f2c
1f2c
1f2c
1f2c
1f2c
1f2c
1f2b
1f2b
1f2b
1f2b
1f2b
1f2b
1f2a
1f2a
1f2a
1f2a
1f2a
1f29
1f29
1f29
1f29
1f29
1f29
1f28
1f28
1f28
1f28
1f28
1f27
1f27
1f27
1f27
1f27
1f27
1f26
1f26
1f26
1f26
1f26
1f26
1f25
1f25
1f25
1f25
1f25
1f24
1f24
1f24
1f24
1f24
1f24
1f23
1f23
1f23
1f23
1f23
1f22
1f22
1f22
1f22
1f22
1f22
1f21
1f21
1f21
1f21
1f21
1f20
1f20
1f20
1f20
1f20
1f20
1f1f
1f1f
1f1f
1f1f
1f1f
1f1e
1f1e
1f1e
1f1e
1f1e
1f1e
1f1d
1f1d
1f1d
1f1d
1f1d
1f1c
1f1c
1f1c
1f1c
1f1c
1f1c
1f1b
1f1b
1f1b
1f1b
1f1b
1f1a
1f1a
1f1a
1f1a
1f1a
1f19
1f19
1f19
1f19
1f19
1f19
1f18
1f18
1f18
1f18
1f18
1f17
1f17
1f17
1f17
1f17
1f17
1f16
1f16
1f16
1f16
1f16
1f15
1f15
1f15
1f15
1f15
1f14
1f14
1f14
1f14
1f14
1f14
1f13
1f13
1f13
1f13
1f13
1f12
1f12
1f12
1f12
1f12
1f11
1f11
1f11
1f11
1f11
1f11
1f10
1f10
1f10
1f10
1f10
1f0f
1f0f
1f0f
1f0f
1f0f
1f0e
1f0e
1f0e
1f0e
1f0e
1f0e
1f0d
1f0d
1f0d
1f0d
1f0d
1f0c
1f0c
1f0c
1f0c
1f0c
1f0b
1f0b
1f0b
1f0b
1f0b
1f0a
1f0a
1f0a
1f0a
1f0a
1f0a
1f09
1f09
1f09
1f09
1f09
1f08
1f08
1f08
1f08
1f08
1f07
1f07
1f07
1f07
1f07
1f06
1f06
1f06
1f06
1f06
1f06
1f05
1f05
1f05
1f05
1f05
1f04
1f04
1f04
1f04
1f04
1f03
1f03
1f03
1f03
1f03
1f02
1f02
1f02
1f02
1f02
1f01
1f01
1f01
1f01
1f01
1f00
1f00
1f00
1f00
1f00
1f00
1eff
1eff
1eff
1eff
1eff
1efe
1efe
1efe
1efe
1efe
1efd
1efd
1efd
1efd
1efd
1efc
1efc
1efc
1efc
1efc
1efb
1efb
1efb
1efb
1efb
1efa
1efa
1efa
1efa
1efa
1ef9
1ef9
1ef9
1ef9
1ef9
1ef8
1ef8
1ef8
1ef8
1ef8
1ef7
1ef7
1ef7
1ef7
1ef7
1ef6
1ef6
1ef6
1ef6
1ef6
1ef5
1ef5
1ef5
1ef5
1ef5
1ef4
1ef4
1ef4
1ef4
1ef4
1ef3
1ef3
1ef3
1ef3
1ef3
1ef3
1ef2
1ef2
1ef2
1ef2
1ef2
1ef1
1ef1
1ef1
1ef1
1ef1
1ef0
1ef0
1ef0
1ef0
1ef0
1eef
1eef
1eef
1eef
1eee
1eee
1eee
1eee
1eee
1eed
1eed
1eed
1eed
1eed
1eec
1eec
1eec
1eec
1eec
1eeb
1eeb
1eeb
1eeb
1eeb
1eea
1eea
1eea
1eea
1eea
1ee9
1ee9
1ee9
1ee9
1ee9
1ee8
1ee8
1ee8
1ee8
1ee8
1ee7
1ee7
1ee7
1ee7
1ee7
1ee6
1ee6
1ee6
1ee6
1ee6
1ee5
1ee5
1ee5
1ee5
1ee5
1ee4
1ee4
1ee4
1ee4
1ee4
1ee3
1ee3
1ee3
1ee3
1ee3
1ee2
1ee2
1ee2
1ee2
1ee1
1ee1
1ee1
1ee1
1ee1
1ee0
1ee0
1ee0
1ee0
1ee0
1edf
1edf
1edf
1edf
1edf
1ede
1ede
1ede
1ede
1ede
1edd
1edd
1edd
1edd
1edd
1edc
1edc
1edc
1edc
1edc
1edb
1edb
1edb
1edb
1eda
1eda
1eda
1eda
1eda
1ed9
1ed9
1ed9
1ed9
1ed9
1ed8
1ed8
1ed8
1ed8
1ed8
1ed7
1ed7
1ed7
1ed7
1ed6
1ed6
1ed6
1ed6
1ed6
1ed5
1ed5
1ed5
1ed5
1ed5
1ed4
1ed4
1ed4
1ed4
1ed4
1ed3
1ed3
1ed3
1ed3
1ed3
1ed2
1ed2
1ed2
1ed2
1ed1
1ed1
1ed1
1ed1
1ed1
1ed0
1ed0
1ed0
1ed0
1ed0
1ecf
1ecf
1ecf
1ecf
1ece
1ece
1ece
1ece
1ece
1ecd
1ecd
1ecd
1ecd
1ecd
1ecc
1ecc
1ecc
1ecc
1ecc
1ecb
1ecb
1ecb
1ecb
1eca
1eca
1eca
1eca
1eca
1ec9
1ec9
1ec9
1ec9
1ec9
1ec8
1ec8
1ec8
1ec8
1ec7
1ec7
1ec7
1ec7
1ec7
1ec6
1ec6
1ec6
1ec6
1ec6
1ec5
1ec5
1ec5
1ec5
1ec4
1ec4
1ec4
1ec4
1ec4
1ec3
1ec3
1ec3
1ec3
1ec2
1ec2
1ec2
1ec2
1ec2
1ec1
1ec1
1ec1
1ec1
1ec1
1ec0
1ec0
1ec0
1ec0
1ebf
1ebf
1ebf
1ebf
1ebf
1ebe
1ebe
1ebe
1ebe
1ebe
1ebd
1ebd
1ebd
1ebd
1ebc
1ebc
1ebc
1ebc
1ebc
1ebb
1ebb
1ebb
1ebb
1eba
1eba
1eba
1eba
1eba
1eb9
1eb9
1eb9
1eb9
1eb8
1eb8
1eb8
1eb8
1eb8
1eb7
1eb7
1eb7
1eb7
1eb6
1eb6
1eb6
1eb6
1eb6
1eb5
1eb5
1eb5
1eb5
1eb5
1eb4
1eb4
1eb4
1eb4
1eb3
1eb3
1eb3
1eb3
1eb3
1eb2
1eb2
1eb2
1eb2
1eb1
1eb1
1eb1
1eb1
1eb1
1eb0
1eb0
1eb0
1eb0
1eaf
1eaf
1eaf
1eaf
1eaf
1eae
1eae
1eae
1eae
1ead
1ead
1ead
1ead
1ead
1eac
1eac
1eac
1eac
1eab
1eab
1eab
1eab
1eab
1eaa
1eaa
1eaa
1eaa
1ea9
1ea9
1ea9
1ea9
1ea8
1ea8
1ea8
1ea8
1ea8
1ea7
1ea7
1ea7
1ea7
1ea6
1ea6
1ea6
1ea6
1ea6
1ea5
1ea5
1ea5
1ea5
1ea4
1ea4
1ea4
1ea4
1ea4
1ea3
1ea3
1ea3
1ea3
1ea2
1ea2
1ea2
1ea2
1ea1
1ea1
1ea1
1ea1
1ea1
1ea0
1ea0
1ea0
1ea0
1e9f
1e9f
1e9f
1e9f
1e9f
1e9e
1e9e
1e9e
1e9e
1e9d
1e9d
1e9d
1e9d
1e9c
1e9c
1e9c
1e9c
1e9c
1e9b
1e9b
1e9b
1e9b
1e9a
1e9a
1e9a
1e9a
1e99
1e99
1e99
1e99
1e99
1e98
1e98
1e98
1e98
1e97
1e97
1e97
1e97
1e97
1e96
1e96
1e96
1e96
1e95
1e95
1e95
1e95
1e94
1e94
1e94
1e94
1e94
1e93
1e93
1e93
1e93
1e92
1e92
1e92
1e92
1e91
1e91
1e91
1e91
1e90
1e90
1e90
1e90
1e90
1e8f
1e8f
1e8f
1e8f
1e8e
1e8e
1e8e
1e8e
1e8d
1e8d
1e8d
1e8d
1e8d
1e8c
1e8c
1e8c
1e8c
1e8b
1e8b
1e8b
1e8b
1e8a
1e8a
1e8a
1e8a
1e89
1e89
1e89
1e89
1e89
1e88
1e88
1e88
1e88
1e87
1e87
1e87
1e87
1e86
1e86
1e86
1e86
1e85
1e85
1e85
1e85
1e85
1e84
1e84
1e84
1e84
1e83
1e83
1e83
1e83
1e82
1e82
1e82
1e82
1e81
1e81
1e81
1e81
1e81
1e80
1e80
1e80
1e80
1e7f
1e7f
1e7f
1e7f
1e7e
1e7e
1e7e
1e7e
1e7d
1e7d
1e7d
1e7d
1e7c
1e7c
1e7c
1e7c
1e7c
1e7b
1e7b
1e7b
1e7b
1e7a
1e7a
1e7a
1e7a
1e79
1e79
1e79
1e79
1e78
1e78
1e78
1e78
1e77
1e77
1e77
1e77
1e77
1e76
1e76
1e76
1e76
1e75
1e75
1e75
1e75
1e74
1e74
1e74
1e74
1e73
1e73
1e73
1e73
1e72
1e72
1e72
1e72
1e71
1e71
1e71
1e71
1e70
1e70
1e70
1e70
1e70
1e6f
1e6f
1e6f
1e6f
1e6e
1e6e
1e6e
1e6e
1e6d
1e6d
1e6d
1e6d
1e6c
1e6c
1e6c
1e6c
1e6b
1e6b
1e6b
1e6b
1e6a
1e6a
1e6a
1e6a
1e69
1e69
1e69
1e69
1e68
1e68
1e68
1e68
1e67
1e67
1e67
1e67
1e66
1e66
1e66
1e66
1e66
1e65
1e65
1e65
1e65
1e64
1e64
1e64
1e64
1e63
1e63
1e63
1e63
1e62
1e62
1e62
1e62
1e61
1e61
1e61
1e61
1e60
1e60
1e60
1e60
1e5f
1e5f
1e5f
1e5f
1e5e
1e5e
1e5e
1e5e
1e5d
1e5d
1e5d
1e5d
1e5c
1e5c
1e5c
1e5c
1e5b
1e5b
1e5b
1e5b
1e5a
1e5a
1e5a
1e5a
1e59
1e59
1e59
1e59
1e58
1e58
1e58
1e58
1e57
1e57
1e57
1e57
1e56
1e56
1e56
1e56
1e55
1e55
1e55
1e55
1e54
1e54
1e54
1e54
1e53
1e53
1e53
1e53
1e52
1e52
1e52
1e52
1e51
1e51
1e51
1e51
1e50
1e50
1e50
1e50
1e4f
1e4f
1e4f
1e4f
1e4e
1e4e
1e4e
1e4e
1e4d
1e4d
1e4d
1e4d
1e4c
1e4c
1e4c
1e4c
1e4b
1e4b
1e4b
1e4b
1e4a
1e4a
1e4a
1e4a
1e49
1e49
1e49
1e49
1e48
1e48
1e48
1e48
1e47
1e47
1e47
1e47
1e46
1e46
1e46
1e46
1e45
1e45
1e45
1e45
1e44
1e44
1e44
1e44
1e43
1e43
1e43
1e42
1e42
1e42
1e42
1e41
1e41
1e41
1e41
1e40
1e40
1e40
1e40
1e3f
1e3f
1e3f
1e3f
1e3e
1e3e
1e3e
1e3e
1e3d
1e3d
1e3d
1e3d
1e3c
1e3c
1e3c
1e3c
1e3b
1e3b
1e3b
1e3b
1e3a
1e3a
1e3a
1e3a
1e39
1e39
1e39
1e38
1e38
1e38
1e38
1e37
1e37
1e37
1e37
1e36
1e36
1e36
1e36
1e35
1e35
1e35
1e35
1e34
1e34
1e34
1e34
1e33
1e33
1e33
1e33
1e32
1e32
1e32
1e31
1e31
1e31
1e31
1e30
1e30
1e30
1e30
1e2f
1e2f
1e2f
1e2f
1e2e
1e2e
1e2e
1e2e
1e2d
1e2d
1e2d
1e2d
1e2c
1e2c
1e2c
1e2b
1e2b
1e2b
1e2b
1e2a
1e2a
1e2a
1e2a
1e29
1e29
1e29
1e29
1e28
1e28
1e28
1e28
1e27
1e27
1e27
1e27
1e26
1e26
1e26
1e25
1e25
1e25
1e25
1e24
1e24
1e24
1e24
1e23
1e23
1e23
1e23
1e22
1e22
1e22
1e22
1e21
1e21
1e21
1e20
1e20
1e20
1e20
1e1f
1e1f
1e1f
1e1f
1e1e
1e1e
1e1e
1e1e
1e1d
1e1d
1e1d
1e1c
1e1c
1e1c
1e1c
1e1b
1e1b
1e1b
1e1b
1e1a
1e1a
1e1a
1e1a
1e19
1e19
1e19
1e18
1e18
1e18
1e18
1e17
1e17
1e17
1e17
1e16
1e16
1e16
1e16
1e15
1e15
1e15
1e14
1e14
1e14
1e14
1e13
1e13
1e13
1e13
1e12
1e12
1e12
1e12
1e11
1e11
1e11
1e10
1e10
1e10
1e10
1e0f
1e0f
1e0f
1e0f
1e0e
1e0e
1e0e
1e0d
1e0d
1e0d
1e0d
1e0c
1e0c
1e0c
1e0c
1e0b
1e0b
1e0b
1e0b
1e0a
1e0a
1e0a
1e09
1e09
1e09
1e09
1e08
1e08
1e08
1e08
1e07
1e07
1e07
1e06
1e06
1e06
1e06
1e05
1e05
1e05
1e05
1e04
1e04
1e04
1e03
1e03
1e03
1e03
1e02
1e02
1e02
1e02
1e01
1e01
1e01
1e00
1e00
1e00
1e00
1dff
1dff
1dff
1dff
1dfe
1dfe
1dfe
1dfd
1dfd
1dfd
1dfd
1dfc
1dfc
1dfc
1dfc
1dfb
1dfb
1dfb
1dfa
1dfa
1dfa
1dfa
1df9
1df9
1df9
1df9
1df8
1df8
1df8
1df7
1df7
1df7
1df7
1df6
1df6
1df6
1df6
1df5
1df5
1df5
1df4
1df4
1df4
1df4
1df3
1df3
1df3
1df2
1df2
1df2
1df2
1df1
1df1
1df1
1df1
1df0
1df0
1df0
1def
1def
1def
1def
1dee
1dee
1dee
1ded
1ded
1ded
1ded
1dec
1dec
1dec
1dec
1deb
1deb
1deb
1dea
1dea
1dea
1dea
1de9
1de9
1de9
1de8
1de8
1de8
1de8
1de7
1de7
1de7
1de7
1de6
1de6
1de6
1de5
1de5
1de5
1de5
1de4
1de4
1de4
1de3
1de3
1de3
1de3
1de2
1de2
1de2
1de1
1de1
1de1
1de1
1de0
1de0
1de0
1de0
1ddf
1ddf
1ddf
1dde
1dde
1dde
1dde
1ddd
1ddd
1ddd
1ddc
1ddc
1ddc
1ddc
1ddb
1ddb
1ddb
1dda
1dda
1dda
1dda
1dd9
1dd9
1dd9
1dd8
1dd8
1dd8
1dd8
1dd7
1dd7
1dd7
1dd6
1dd6
1dd6
1dd6
1dd5
1dd5
1dd5
1dd4
1dd4
1dd4
1dd4
1dd3
1dd3
1dd3
1dd2
1dd2
1dd2
1dd2
1dd1
1dd1
1dd1
1dd0
1dd0
1dd0
1dd0
1dcf
1dcf
1dcf
1dce
1dce
1dce
1dce
1dcd
1dcd
1dcd
1dcc
1dcc
1dcc
1dcc
1dcb
1dcb
1dcb
1dca
1dca
1dca
1dca
1dc9
1dc9
1dc9
1dc8
1dc8
1dc8
1dc8
1dc7
1dc7
1dc7
1dc6
1dc6
1dc6
1dc6
1dc5
1dc5
1dc5
1dc4
1dc4
1dc4
1dc4
1dc3
1dc3
1dc3
1dc2
1dc2
1dc2
1dc2
1dc1
1dc1
1dc1
1dc0
1dc0
1dc0
1dc0
1dbf
1dbf
1dbf
1dbe
1dbe
1dbe
1dbe
1dbd
1dbd
1dbd
1dbc
1dbc
1dbc
1dbc
1dbb
1dbb
1dbb
1dba
1dba
1dba
1db9
1db9
1db9
1db9
1db8
1db8
1db8
1db7
1db7
1db7
1db7
1db6
1db6
1db6
1db5
1db5
1db5
1db5
1db4
1db4
1db4
1db3
1db3
1db3
1db2
1db2
1db2
1db2
1db1
1db1
1db1
1db0
1db0
1db0
1db0
1daf
1daf
1daf
1dae
1dae
1dae
1dad
1dad
1dad
1dad
1dac
1dac
1dac
1dab
1dab
1dab
1dab
1daa
1daa
1daa
1da9
1da9
1da9
1da8
1da8
1da8
1da8
1da7
1da7
1da7
1da6
1da6
1da6
1da6
1da5
1da5
1da5
1da4
1da4
1da4
1da3
1da3
1da3
1da3
1da2
1da2
1da2
1da1
1da1
1da1
1da1
1da0
1da0
1da0
1d9f
1d9f
1d9f
1d9e
1d9e
1d9e
1d9e
1d9d
1d9d
1d9d
1d9c
1d9c
1d9c
1d9b
1d9b
1d9b
1d9b
1d9a
1d9a
1d9a
1d99
1d99
1d99
1d98
1d98
1d98
1d98
1d97
1d97
1d97
1d96
1d96
1d96
1d95
1d95
1d95
1d95
1d94
1d94
1d94
1d93
1d93
1d93
1d92
1d92
1d92
1d92
1d91
1d91
1d91
1d90
1d90
1d90
1d8f
1d8f
1d8f
1d8f
1d8e
1d8e
1d8e
1d8d
1d8d
1d8d
1d8c
1d8c
1d8c
1d8c
1d8b
1d8b
1d8b
1d8a
1d8a
1d8a
1d89
1d89
1d89
1d89
1d88
1d88
1d88
1d87
1d87
1d87
1d86
1d86
1d86
1d86
1d85
1d85
1d85
1d84
1d84
1d84
1d83
1d83
1d83
1d83
1d82
1d82
1d82
1d81
1d81
1d81
1d80
1d80
1d80
1d7f
1d7f
1d7f
1d7f
1d7e
1d7e
1d7e
1d7d
1d7d
1d7d
1d7c
1d7c
1d7c
1d7c
1d7b
1d7b
1d7b
1d7a
1d7a
1d7a
1d79
1d79
1d79
1d78
1d78
1d78
1d78
1d77
1d77
1d77
1d76
1d76
1d76
1d75
1d75
1d75
1d74
1d74
1d74
1d74
1d73
1d73
1d73
1d72
1d72
1d72
1d71
1d71
1d71
1d70
1d70
1d70
1d70
1d6f
1d6f
1d6f
1d6e
1d6e
1d6e
1d6d
1d6d
1d6d
1d6c
1d6c
1d6c
1d6c
1d6b
1d6b
1d6b
1d6a
1d6a
1d6a
1d69
1d69
1d69
1d68
1d68
1d68
1d68
1d67
1d67
1d67
1d66
1d66
1d66
1d65
1d65
1d65
1d64
1d64
1d64
1d64
1d63
1d63
1d63
1d62
1d62
1d62
1d61
1d61
1d61
1d60
1d60
1d60
1d5f
1d5f
1d5f
1d5f
1d5e
1d5e
1d5e
1d5d
1d5d
1d5d
1d5c
1d5c
1d5c
1d5b
1d5b
1d5b
1d5a
1d5a
1d5a
1d5a
1d59
1d59
1d59
1d58
1d58
1d58
1d57
1d57
1d57
1d56
1d56
1d56
1d55
1d55
1d55
1d55
1d54
1d54
1d54
1d53
1d53
1d53
1d52
1d52
1d52
1d51
1d51
1d51
1d50
1d50
1d50
1d4f
1d4f
1d4f
1d4f
1d4e
1d4e
1d4e
1d4d
1d4d
1d4d
1d4c
1d4c
1d4c
1d4b
1d4b
1d4b
1d4a
1d4a
1d4a
1d49
1d49
1d49
1d49
1d48
1d48
1d48
1d47
1d47
1d47
1d46
1d46
1d46
1d45
1d45
1d45
1d44
1d44
1d44
1d43
1d43
1d43
1d43
1d42
1d42
1d42
1d41
1d41
1d41
1d40
1d40
1d40
1d3f
1d3f
1d3f
1d3e
1d3e
1d3e
1d3d
1d3d
1d3d
1d3c
1d3c
1d3c
1d3c
1d3b
1d3b
1d3b
1d3a
1d3a
1d3a
1d39
1d39
1d39
1d38
1d38
1d38
1d37
1d37
1d37
1d36
1d36
1d36
1d35
1d35
1d35
1d34
1d34
1d34
1d34
1d33
1d33
1d33
1d32
1d32
1d32
1d31
1d31
1d31
1d30
1d30
1d30
1d2f
1d2f
1d2f
1d2e
1d2e
1d2e
1d2d
1d2d
1d2d
1d2c
1d2c
1d2c
1d2b
1d2b
1d2b
1d2a
1d2a
1d2a
1d2a
1d29
1d29
1d29
1d28
1d28
1d28
1d27
1d27
1d27
1d26
1d26
1d26
1d25
1d25
1d25
1d24
1d24
1d24
1d23
1d23
1d23
1d22
1d22
1d22
1d21
1d21
1d21
1d20
1d20
1d20
1d1f
1d1f
1d1f
1d1e
1d1e
1d1e
1d1e
1d1d
1d1d
1d1d
1d1c
1d1c
1d1c
1d1b
1d1b
1d1b
1d1a
1d1a
1d1a
1d19
1d19
1d19
1d18
1d18
1d18
1d17
1d17
1d17
1d16
1d16
1d16
1d15
1d15
1d15
1d14
1d14
1d14
1d13
1d13
1d13
1d12
1d12
1d12
1d11
1d11
1d11
1d10
1d10
1d10
1d0f
1d0f
1d0f
1d0e
1d0e
1d0e
1d0d
1d0d
1d0d
1d0c
1d0c
1d0c
1d0c
1d0b
1d0b
1d0b
1d0a
1d0a
1d0a
1d09
1d09
1d09
1d08
1d08
1d08
1d07
1d07
1d07
1d06
1d06
1d06
1d05
1d05
1d05
1d04
1d04
1d04
1d03
1d03
1d03
1d02
1d02
1d02
1d01
1d01
1d01
1d00
1d00
1d00
1cff
1cff
1cff
1cfe
1cfe
1cfe
1cfd
1cfd
1cfd
1cfc
1cfc
1cfc
1cfb
1cfb
1cfb
1cfa
1cfa
1cfa
1cf9
1cf9
1cf9
1cf8
1cf8
1cf8
1cf7
1cf7
1cf7
1cf6
1cf6
1cf6
1cf5
1cf5
1cf5
1cf4
1cf4
1cf4
1cf3
1cf3
1cf3
1cf2
1cf2
1cf2
1cf1
1cf1
1cf1
1cf0
1cf0
1cf0
1cef
1cef
1cef
1cee
1cee
1cee
1ced
1ced
1ced
1cec
1cec
1cec
1ceb
1ceb
1ceb
1cea
1cea
1cea
1ce9
1ce9
1ce9
1ce8
1ce8
1ce8
1ce7
1ce7
1ce7
1ce6
1ce6
1ce6
1ce5
1ce5
1ce4
1ce4
1ce4
1ce3
1ce3
1ce3
1ce2
1ce2
1ce2
1ce1
1ce1
1ce1
1ce0
1ce0
1ce0
1cdf
1cdf
1cdf
1cde
1cde
1cde
1cdd
1cdd
1cdd
1cdc
1cdc
1cdc
1cdb
1cdb
1cdb
1cda
1cda
1cda
1cd9
1cd9
1cd9
1cd8
1cd8
1cd8
1cd7
1cd7
1cd7
1cd6
1cd6
1cd6
1cd5
1cd5
1cd5
1cd4
1cd4
1cd4
1cd3
1cd3
1cd3
1cd2
1cd2
1cd1
1cd1
1cd1
1cd0
1cd0
1cd0
1ccf
1ccf
1ccf
1cce
1cce
1cce
1ccd
1ccd
1ccd
1ccc
1ccc
1ccc
1ccb
1ccb
1ccb
1cca
1cca
1cca
1cc9
1cc9
1cc9
1cc8
1cc8
1cc8
1cc7
1cc7
1cc7
1cc6
1cc6
1cc6
1cc5
1cc5
1cc4
1cc4
1cc4
1cc3
1cc3
1cc3
1cc2
1cc2
1cc2
1cc1
1cc1
1cc1
1cc0
1cc0
1cc0
1cbf
1cbf
1cbf
1cbe
1cbe
1cbe
1cbd
1cbd
1cbd
1cbc
1cbc
1cbc
1cbb
1cbb
1cba
1cba
1cba
1cb9
1cb9
1cb9
1cb8
1cb8
1cb8
1cb7
1cb7
1cb7
1cb6
1cb6
1cb6
1cb5
1cb5
1cb5
1cb4
1cb4
1cb4
1cb3
1cb3
1cb3
1cb2
1cb2
1cb1
1cb1
1cb1
1cb0
1cb0
1cb0
1caf
1caf
1caf
1cae
1cae
1cae
1cad
1cad
1cad
1cac
1cac
1cac
1cab
1cab
1cab
1caa
1caa
1ca9
1ca9
1ca9
1ca8
1ca8
1ca8
1ca7
1ca7
1ca7
1ca6
1ca6
1ca6
1ca5
1ca5
1ca5
1ca4
1ca4
1ca4
1ca3
1ca3
1ca2
1ca2
1ca2
1ca1
1ca1
1ca1
1ca0
1ca0
1ca0
1c9f
1c9f
1c9f
1c9e
1c9e
1c9e
1c9d
1c9d
1c9d
1c9c
1c9c
1c9b
1c9b
1c9b
1c9a
1c9a
1c9a
1c99
1c99
1c99
1c98
1c98
1c98
1c97
1c97
1c97
1c96
1c96
1c95
1c95
1c95
1c94
1c94
1c94
1c93
1c93
1c93
1c92
1c92
1c92
1c91
1c91
1c91
1c90
1c90
1c8f
1c8f
1c8f
1c8e
1c8e
1c8e
1c8d
1c8d
1c8d
1c8c
1c8c
1c8c
1c8b
1c8b
1c8a
1c8a
1c8a
1c89
1c89
1c89
1c88
1c88
1c88
1c87
1c87
1c87
1c86
1c86
1c86
1c85
1c85
1c84
1c84
1c84
1c83
1c83
1c83
1c82
1c82
1c82
1c81
1c81
1c81
1c80
1c80
1c7f
1c7f
1c7f
1c7e
1c7e
1c7e
1c7d
1c7d
1c7d
1c7c
1c7c
1c7c
1c7b
1c7b
1c7a
1c7a
1c7a
1c79
1c79
1c79
1c78
1c78
1c78
1c77
1c77
1c77
1c76
1c76
1c75
1c75
1c75
1c74
1c74
1c74
1c73
1c73
1c73
1c72
1c72
1c71
1c71
1c71
1c70
1c70
1c70
1c6f
1c6f
1c6f
1c6e
1c6e
1c6e
1c6d
1c6d
1c6c
1c6c
1c6c
1c6b
1c6b
1c6b
1c6a
1c6a
1c6a
1c69
1c69
1c68
1c68
1c68
1c67
1c67
1c67
1c66
1c66
1c66
1c65
1c65
1c64
1c64
1c64
1c63
1c63
1c63
1c62
1c62
1c62
1c61
1c61
1c60
1c60
1c60
1c5f
1c5f
1c5f
1c5e
1c5e
1c5e
1c5d
1c5d
1c5d
1c5c
1c5c
1c5b
1c5b
1c5b
1c5a
1c5a
1c5a
1c59
1c59
1c59
1c58
1c58
1c57
1c57
1c57
1c56
1c56
1c56
1c55
1c55
1c54
1c54
1c54
1c53
1c53
1c53
1c52
1c52
1c52
1c51
1c51
1c50
1c50
1c50
1c4f
1c4f
1c4f
1c4e
1c4e
1c4e
1c4d
1c4d
1c4c
1c4c
1c4c
1c4b
1c4b
1c4b
1c4a
1c4a
1c4a
1c49
1c49
1c48
1c48
1c48
1c47
1c47
1c47
1c46
1c46
1c45
1c45
1c45
1c44
1c44
1c44
1c43
1c43
1c43
1c42
1c42
1c41
1c41
1c41
1c40
1c40
1c40
1c3f
1c3f
1c3e
1c3e
1c3e
1c3d
1c3d
1c3d
1c3c
1c3c
1c3c
1c3b
1c3b
1c3a
1c3a
1c3a
1c39
1c39
1c39
1c38
1c38
1c37
1c37
1c37
1c36
1c36
1c36
1c35
1c35
1c34
1c34
1c34
1c33
1c33
1c33
1c32
1c32
1c32
1c31
1c31
1c30
1c30
1c30
1c2f
1c2f
1c2f
1c2e
1c2e
1c2d
1c2d
1c2d
1c2c
1c2c
1c2c
1c2b
1c2b
1c2a
1c2a
1c2a
1c29
1c29
1c29
1c28
1c28
1c27
1c27
1c27
1c26
1c26
1c26
1c25
1c25
1c24
1c24
1c24
1c23
1c23
1c23
1c22
1c22
1c21
1c21
1c21
1c20
1c20
1c20
1c1f
1c1f
1c1e
1c1e
1c1e
1c1d
1c1d
1c1d
1c1c
1c1c
1c1b
1c1b
1c1b
1c1a
1c1a
1c1a
1c19
1c19
1c18
1c18
1c18
1c17
1c17
1c17
1c16
1c16
1c15
1c15
1c15
1c14
1c14
1c14
1c13
1c13
1c12
1c12
1c12
1c11
1c11
1c11
1c10
1c10
1c0f
1c0f
1c0f
1c0e
1c0e
1c0e
1c0d
1c0d
1c0c
1c0c
1c0c
1c0b
1c0b
1c0b
1c0a
1c0a
1c09
1c09
1c09
1c08
1c08
1c08
1c07
1c07
1c06
1c06
1c06
1c05
1c05
1c04
1c04
1c04
1c03
1c03
1c03
1c02
1c02
1c01
1c01
1c01
1c00
1c00
1c00
1bff
1bff
1bfe
1bfe
1bfe
1bfd
1bfd
1bfd
1bfc
1bfc
1bfb
1bfb
1bfb
1bfa
1bfa
1bf9
1bf9
1bf9
1bf8
1bf8
1bf8
1bf7
1bf7
1bf6
1bf6
1bf6
1bf5
1bf5
1bf4
1bf4
1bf4
1bf3
1bf3
1bf3
1bf2
1bf2
1bf1
1bf1
1bf1
1bf0
1bf0
1bf0
1bef
1bef
1bee
1bee
1bee
1bed
1bed
1bec
1bec
1bec
1beb
1beb
1beb
1bea
1bea
1be9
1be9
1be9
1be8
1be8
1be7
1be7
1be7
1be6
1be6
1be6
1be5
1be5
1be4
1be4
1be4
1be3
1be3
1be2
1be2
1be2
1be1
1be1
1be1
1be0
1be0
1bdf
1bdf
1bdf
1bde
1bde
1bdd
1bdd
1bdd
1bdc
1bdc
1bdc
1bdb
1bdb
1bda
1bda
1bda
1bd9
1bd9
1bd8
1bd8
1bd8
1bd7
1bd7
1bd6
1bd6
1bd6
1bd5
1bd5
1bd5
1bd4
1bd4
1bd3
1bd3
1bd3
1bd2
1bd2
1bd1
1bd1
1bd1
1bd0
1bd0
1bd0
1bcf
1bcf
1bce
1bce
1bce
1bcd
1bcd
1bcc
1bcc
1bcc
1bcb
1bcb
1bca
1bca
1bca
1bc9
1bc9
1bc9
1bc8
1bc8
1bc7
1bc7
1bc7
1bc6
1bc6
1bc5
1bc5
1bc5
1bc4
1bc4
1bc3
1bc3
1bc3
1bc2
1bc2
1bc1
1bc1
1bc1
1bc0
1bc0
1bc0
1bbf
1bbf
1bbe
1bbe
1bbe
1bbd
1bbd
1bbc
1bbc
1bbc
1bbb
1bbb
1bba
1bba
1bba
1bb9
1bb9
1bb8
1bb8
1bb8
1bb7
1bb7
1bb7
1bb6
1bb6
1bb5
1bb5
1bb5
1bb4
1bb4
1bb3
1bb3
1bb3
1bb2
1bb2
1bb1
1bb1
1bb1
1bb0
1bb0
1baf
1baf
1baf
1bae
1bae
1bad
1bad
1bad
1bac
1bac
1bac
1bab
1bab
1baa
1baa
1baa
1ba9
1ba9
1ba8
1ba8
1ba8
1ba7
1ba7
1ba6
1ba6
1ba6
1ba5
1ba5
1ba4
1ba4
1ba4
1ba3
1ba3
1ba2
1ba2
1ba2
1ba1
1ba1
1ba0
1ba0
1ba0
1b9f
1b9f
1b9e
1b9e
1b9e
1b9d
1b9d
1b9c
1b9c
1b9c
1b9b
1b9b
1b9a
1b9a
1b9a
1b99
1b99
1b99
1b98
1b98
1b97
1b97
1b97
1b96
1b96
1b95
1b95
1b95
1b94
1b94
1b93
1b93
1b93
1b92
1b92
1b91
1b91
1b91
1b90
1b90
1b8f
1b8f
1b8f
1b8e
1b8e
1b8d
1b8d
1b8d
1b8c
1b8c
1b8b
1b8b
1b8b
1b8a
1b8a
1b89
1b89
1b89
1b88
1b88
1b87
1b87
1b87
1b86
1b86
1b85
1b85
1b85
1b84
1b84
1b83
1b83
1b83
1b82
1b82
1b81
1b81
1b81
1b80
1b80
1b7f
1b7f
1b7f
1b7e
1b7e
1b7d
1b7d
1b7d
1b7c
1b7c
1b7b
1b7b
1b7b
1b7a
1b7a
1b79
1b79
1b79
1b78
1b78
1b77
1b77
1b76
1b76
1b76
1b75
1b75
1b74
1b74
1b74
1b73
1b73
1b72
1b72
1b72
1b71
1b71
1b70
1b70
1b70
1b6f
1b6f
1b6e
1b6e
1b6e
1b6d
1b6d
1b6c
1b6c
1b6c
1b6b
1b6b
1b6a
1b6a
1b6a
1b69
1b69
1b68
1b68
1b68
1b67
1b67
1b66
1b66
1b66
1b65
1b65
1b64
1b64
1b63
1b63
1b63
1b62
1b62
1b61
1b61
1b61
1b60
1b60
1b5f
1b5f
1b5f
1b5e
1b5e
1b5d
1b5d
1b5d
1b5c
1b5c
1b5b
1b5b
1b5b
1b5a
1b5a
1b59
1b59
1b59
1b58
1b58
1b57
1b57
1b56
1b56
1b56
1b55
1b55
1b54
1b54
1b54
1b53
1b53
1b52
1b52
1b52
1b51
1b51
1b50
1b50
1b50
1b4f
1b4f
1b4e
1b4e
1b4d
1b4d
1b4d
1b4c
1b4c
1b4b
1b4b
1b4b
1b4a
1b4a
1b49
1b49
1b49
1b48
1b48
1b47
1b47
1b46
1b46
1b46
1b45
1b45
1b44
1b44
1b44
1b43
1b43
1b42
1b42
1b42
1b41
1b41
1b40
1b40
1b40
1b3f
1b3f
1b3e
1b3e
1b3d
1b3d
1b3d
1b3c
1b3c
1b3b
1b3b
1b3b
1b3a
1b3a
1b39
1b39
1b39
1b38
1b38
1b37
1b37
1b36
1b36
1b36
1b35
1b35
1b34
1b34
1b34
1b33
1b33
1b32
1b32
1b31
1b31
1b31
1b30
1b30
1b2f
1b2f
1b2f
1b2e
1b2e
1b2d
1b2d
1b2d
1b2c
1b2c
1b2b
1b2b
1b2a
1b2a
1b2a
1b29
1b29
1b28
1b28
1b28
1b27
1b27
1b26
1b26
1b25
1b25
1b25
1b24
1b24
1b23
1b23
1b23
1b22
1b22
1b21
1b21
1b20
1b20
1b20
1b1f
1b1f
1b1e
1b1e
1b1e
1b1d
1b1d
1b1c
1b1c
1b1b
1b1b
1b1b
1b1a
1b1a
1b19
1b19
1b19
1b18
1b18
1b17
1b17
1b16
1b16
1b16
1b15
1b15
1b14
1b14
1b14
1b13
1b13
1b12
1b12
1b11
1b11
1b11
1b10
1b10
1b0f
1b0f
1b0e
1b0e
1b0e
1b0d
1b0d
1b0c
1b0c
1b0c
1b0b
1b0b
1b0a
1b0a
1b09
1b09
1b09
1b08
1b08
1b07
1b07
1b07
1b06
1b06
1b05
1b05
1b04
1b04
1b04
1b03
1b03
1b02
1b02
1b01
1b01
1b01
1b00
1b00
1aff
1aff
1aff
1afe
1afe
1afd
1afd
1afc
1afc
1afc
1afb
1afb
1afa
1afa
1af9
1af9
1af9
1af8
1af8
1af7
1af7
1af6
1af6
1af6
1af5
1af5
1af4
1af4
1af4
1af3
1af3
1af2
1af2
1af1
1af1
1af1
1af0
1af0
1aef
1aef
1aee
1aee
1aee
1aed
1aed
1aec
1aec
1aeb
1aeb
1aeb
1aea
1aea
1ae9
1ae9
1ae9
1ae8
1ae8
1ae7
1ae7
1ae6
1ae6
1ae6
1ae5
1ae5
1ae4
1ae4
1ae3
1ae3
1ae3
1ae2
1ae2
1ae1
1ae1
1ae0
1ae0
1ae0
1adf
1adf
1ade
1ade
1add
1add
1add
1adc
1adc
1adb
1adb
1ada
1ada
1ada
1ad9
1ad9
1ad8
1ad8
1ad7
1ad7
1ad7
1ad6
1ad6
1ad5
1ad5
1ad4
1ad4
1ad4
1ad3
1ad3
1ad2
1ad2
1ad1
1ad1
1ad1
1ad0
1ad0
1acf
1acf
1ace
1ace
1ace
1acd
1acd
1acc
1acc
1acb
1acb
1acb
1aca
1aca
1ac9
1ac9
1ac8
1ac8
1ac8
1ac7
1ac7
1ac6
1ac6
1ac5
1ac5
1ac5
1ac4
1ac4
1ac3
1ac3
1ac2
1ac2
1ac2
1ac1
1ac1
1ac0
1ac0
1abf
1abf
1abf
1abe
1abe
1abd
1abd
1abc
1abc
1abc
1abb
1abb
1aba
1aba
1ab9
1ab9
1ab9
1ab8
1ab8
1ab7
1ab7
1ab6
1ab6
1ab5
1ab5
1ab5
1ab4
1ab4
1ab3
1ab3
1ab2
1ab2
1ab2
1ab1
1ab1
1ab0
1ab0
1aaf
1aaf
1aaf
1aae
1aae
1aad
1aad
1aac
1aac
1aac
1aab
1aab
1aaa
1aaa
1aa9
1aa9
1aa8
1aa8
1aa8
1aa7
1aa7
1aa6
1aa6
1aa5
1aa5
1aa5
1aa4
1aa4
1aa3
1aa3
1aa2
1aa2
1aa2
1aa1
1aa1
1aa0
1aa0
1a9f
1a9f
1a9e
1a9e
1a9e
1a9d
1a9d
1a9c
1a9c
1a9b
1a9b
1a9b
1a9a
1a9a
1a99
1a99
1a98
1a98
1a98
1a97
1a97
1a96
1a96
1a95
1a95
1a94
1a94
1a94
1a93
1a93
1a92
1a92
1a91
1a91
1a91
1a90
1a90
1a8f
1a8f
1a8e
1a8e
1a8d
1a8d
1a8d
1a8c
1a8c
1a8b
1a8b
1a8a
1a8a
1a8a
1a89
1a89
1a88
1a88
1a87
1a87
1a86
1a86
1a86
1a85
1a85
1a84
1a84
1a83
1a83
1a82
1a82
1a82
1a81
1a81
1a80
1a80
1a7f
1a7f
1a7f
1a7e
1a7e
1a7d
1a7d
1a7c
1a7c
1a7b
1a7b
1a7b
1a7a
1a7a
1a79
1a79
1a78
1a78
1a77
1a77
1a77
1a76
1a76
1a75
1a75
1a74
1a74
1a73
1a73
1a73
1a72
1a72
1a71
1a71
1a70
1a70
1a70
1a6f
1a6f
1a6e
1a6e
1a6d
1a6d
1a6c
1a6c
1a6c
1a6b
1a6b
1a6a
1a6a
1a69
1a69
1a68
1a68
1a68
1a67
1a67
1a66
1a66
1a65
1a65
1a64
1a64
1a64
1a63
1a63
1a62
1a62
1a61
1a61
1a60
1a60
1a60
1a5f
1a5f
1a5e
1a5e
1a5d
1a5d
1a5c
1a5c
1a5c
1a5b
1a5b
1a5a
1a5a
1a59
1a59
1a58
1a58
1a58
1a57
1a57
1a56
1a56
1a55
1a55
1a54
1a54
1a54
1a53
1a53
1a52
1a52
1a51
1a51
1a50
1a50
1a4f
1a4f
1a4f
1a4e
1a4e
1a4d
1a4d
1a4c
1a4c
1a4b
1a4b
1a4b
1a4a
1a4a
1a49
1a49
1a48
1a48
1a47
1a47
1a47
1a46
1a46
1a45
1a45
1a44
1a44
1a43
1a43
1a43
1a42
1a42
1a41
1a41
1a40
1a40
1a3f
1a3f
1a3e
1a3e
1a3e
1a3d
1a3d
1a3c
1a3c
1a3b
1a3b
1a3a
1a3a
1a3a
1a39
1a39
1a38
1a38
1a37
1a37
1a36
1a36
1a35
1a35
1a35
1a34
1a34
1a33
1a33
1a32
1a32
1a31
1a31
1a31
1a30
1a30
1a2f
1a2f
1a2e
1a2e
1a2d
1a2d
1a2c
1a2c
1a2c
1a2b
1a2b
1a2a
1a2a
1a29
1a29
1a28
1a28
1a27
1a27
1a27
1a26
1a26
1a25
1a25
1a24
1a24
1a23
1a23
1a23
1a22
1a22
1a21
1a21
1a20
1a20
1a1f
1a1f
1a1e
1a1e
1a1e
1a1d
1a1d
1a1c
1a1c
1a1b
1a1b
1a1a
1a1a
1a19
1a19
1a19
1a18
1a18
1a17
1a17
1a16
1a16
1a15
1a15
1a14
1a14
1a14
1a13
1a13
1a12
1a12
1a11
1a11
1a10
1a10
1a0f
1a0f
1a0f
1a0e
1a0e
1a0d
1a0d
1a0c
1a0c
1a0b
1a0b
1a0a
1a0a
1a09
1a09
1a09
1a08
1a08
1a07
1a07
1a06
1a06
1a05
1a05
1a04
1a04
1a04
1a03
1a03
1a02
1a02
1a01
1a01
1a00
1a00
19ff
19ff
19ff
19fe
19fe
19fd
19fd
19fc
19fc
19fb
19fb
19fa
19fa
19f9
19f9
19f9
19f8
19f8
19f7
19f7
19f6
19f6
19f5
19f5
19f4
19f4
19f4
19f3
19f3
19f2
19f2
19f1
19f1
19f0
19f0
19ef
19ef
19ee
19ee
19ee
19ed
19ed
19ec
19ec
19eb
19eb
19ea
19ea
19e9
19e9
19e8
19e8
19e8
19e7
19e7
19e6
19e6
19e5
19e5
19e4
19e4
19e3
19e3
19e2
19e2
19e2
19e1
19e1
19e0
19e0
19df
19df
19de
19de
19dd
19dd
19dc
19dc
19dc
19db
19db
19da
19da
19d9
19d9
19d8
19d8
19d7
19d7
19d6
19d6
19d6
19d5
19d5
19d4
19d4
19d3
19d3
19d2
19d2
19d1
19d1
19d0
19d0
19cf
19cf
19cf
19ce
19ce
19cd
19cd
19cc
19cc
19cb
19cb
19ca
19ca
19c9
19c9
19c9
19c8
19c8
19c7
19c7
19c6
19c6
19c5
19c5
19c4
19c4
19c3
19c3
19c2
19c2
19c2
19c1
19c1
19c0
19c0
19bf
19bf
19be
19be
19bd
19bd
19bc
19bc
19bb
19bb
19bb
19ba
19ba
19b9
19b9
19b8
19b8
19b7
19b7
19b6
19b6
19b5
19b5
19b4
19b4
19b4
19b3
19b3
19b2
19b2
19b1
19b1
19b0
19b0
19af
19af
19ae
19ae
19ad
19ad
19ad
19ac
19ac
19ab
19ab
19aa
19aa
19a9
19a9
19a8
19a8
19a7
19a7
19a6
19a6
19a5
19a5
19a5
19a4
19a4
19a3
19a3
19a2
19a2
19a1
19a1
19a0
19a0
199f
199f
199e
199e
199d
199d
199d
199c
199c
199b
199b
199a
199a
1999
1999
1998
1998
1997
1997
1996
1996
1995
1995
1995
1994
1994
1993
1993
1992
1992
1991
1991
1990
1990
198f
198f
198e
198e
198d
198d
198d
198c
198c
198b
198b
198a
198a
1989
1989
1988
1988
1987
1987
1986
1986
1985
1985
1984
1984
1984
1983
1983
1982
1982
1981
1981
1980
1980
197f
197f
197e
197e
197d
197d
197c
197c
197b
197b
197b
197a
197a
1979
1979
1978
1978
1977
1977
1976
1976
1975
1975
1974
1974
1973
1973
1972
1972
1971
1971
1971
1970
1970
196f
196f
196e
196e
196d
196d
196c
196c
196b
196b
196a
196a
1969
1969
1968
1968
1967
1967
1966
1966
1966
1965
1965
1964
1964
1963
1963
1962
1962
1961
1961
1960
1960
195f
195f
195e
195e
195d
195d
195c
195c
195b
195b
195b
195a
195a
1959
1959
1958
1958
1957
1957
1956
1956
1955
1955
1954
1954
1953
1953
1952
1952
1951
1951
1950
1950
1950
194f
194f
194e
194e
194d
194d
194c
194c
194b
194b
194a
194a
1949
1949
1948
1948
1947
1947
1946
1946
1945
1945
1944
1944
1943
1943
1943
1942
1942
1941
1941
1940
1940
193f
193f
193e
193e
193d
193d
193c
193c
193b
193b
193a
193a
1939
1939
1938
1938
1937
1937
1936
1936
1935
1935
1935
1934
1934
1933
1933
1932
1932
1931
1931
1930
1930
192f
192f
192e
192e
192d
192d
192c
192c
192b
192b
192a
192a
1929
1929
1928
1928
1927
1927
1926
1926
1925
1925
1925
1924
1924
1923
1923
1922
1922
1921
1921
1920
1920
191f
191f
191e
191e
191d
191d
191c
191c
191b
191b
191a
191a
1919
1919
1918
1918
1917
1917
1916
1916
1915
1915
1914
1914
1913
1913
1913
1912
1912
1911
1911
1910
1910
190f
190f
190e
190e
190d
190d
190c
190c
190b
190b
190a
190a
1909
1909
1908
1908
1907
1907
1906
1906
1905
1905
1904
1904
1903
1903
1902
1902
1901
1901
1900
1900
18ff
18ff
18fe
18fe
18fd
18fd
18fc
18fc
18fc
18fb
18fb
18fa
18fa
18f9
18f9
18f8
18f8
18f7
18f7
18f6
18f6
18f5
18f5
18f4
18f4
18f3
18f3
18f2
18f2
18f1
18f1
18f0
18f0
18ef
18ef
18ee
18ee
18ed
18ed
18ec
18ec
18eb
18eb
18ea
18ea
18e9
18e9
18e8
18e8
18e7
18e7
18e6
18e6
18e5
18e5
18e4
18e4
18e3
18e3
18e2
18e2
18e1
18e1
18e0
18e0
18df
18df
18de
18de
18dd
18dd
18dc
18dc
18db
18db
18db
18da
18da
18d9
18d9
18d8
18d8
18d7
18d7
18d6
18d6
18d5
18d5
18d4
18d4
18d3
18d3
18d2
18d2
18d1
18d1
18d0
18d0
18cf
18cf
18ce
18ce
18cd
18cd
18cc
18cc
18cb
18cb
18ca
18ca
18c9
18c9
18c8
18c8
18c7
18c7
18c6
18c6
18c5
18c5
18c4
18c4
18c3
18c3
18c2
18c2
18c1
18c1
18c0
18c0
18bf
18bf
18be
18be
18bd
18bd
18bc
18bc
18bb
18bb
18ba
18ba
18b9
18b9
18b8
18b8
18b7
18b7
18b6
18b6
18b5
18b5
18b4
18b4
18b3
18b3
18b2
18b2
18b1
18b1
18b0
18b0
18af
18af
18ae
18ae
18ad
18ad
18ac
18ac
18ab
18ab
18aa
18aa
18a9
18a9
18a8
18a8
18a7
18a7
18a6
18a6
18a5
18a5
18a4
18a4
18a3
18a3
18a2
18a2
18a1
18a1
18a0
18a0
189f
189f
189e
189e
189d
189d
189c
189c
189b
189b
189a
189a
1899
1899
1898
1898
1897
1897
1896
1896
1895
1895
1894
1894
1893
1893
1892
1892
1891
1891
1890
1890
188f
188f
188e
188e
188d
188d
188c
188c
188b
188b
188a
188a
1889
1889
1888
1888
1887
1887
1886
1886
1885
1885
1884
1884
1883
1883
1882
1882
1881
1881
1880
1880
187f
187f
187e
187e
187d
187c
187c
187b
187b
187a
187a
1879
1879
1878
1878
1877
1877
1876
1876
1875
1875
1874
1874
1873
1873
1872
1872
1871
1871
1870
1870
186f
186f
186e
186e
186d
186d
186c
186c
186b
186b
186a
186a
1869
1869
1868
1868
1867
1867
1866
1866
1865
1865
1864
1864
1863
1863
1862
1862
1861
1861
1860
1860
185f
185f
185e
185e
185d
185d
185c
185c
185b
185a
185a
1859
1859
1858
1858
1857
1857
1856
1856
1855
1855
1854
1854
1853
1853
1852
1852
1851
1851
1850
1850
184f
184f
184e
184e
184d
184d
184c
184c
184b
184b
184a
184a
1849
1849
1848
1848
1847
1847
1846
1846
1845
1845
1844
1844
1843
1842
1842
1841
1841
1840
1840
183f
183f
183e
183e
183d
183d
183c
183c
183b
183b
183a
183a
1839
1839
1838
1838
1837
1837
1836
1836
1835
1835
1834
1834
1833
1833
1832
1832
1831
1831
1830
1830
182f
182e
182e
182d
182d
182c
182c
182b
182b
182a
182a
1829
1829
1828
1828
1827
1827
1826
1826
1825
1825
1824
1824
1823
1823
1822
1822
1821
1821
1820
1820
181f
181f
181e
181d
181d
181c
181c
181b
181b
181a
181a
1819
1819
1818
1818
1817
1817
1816
1816
1815
1815
1814
1814
1813
1813
1812
1812
1811
1811
1810
1810
180f
180e
180e
180d
180d
180c
180c
180b
180b
180a
180a
1809
1809
1808
1808
1807
1807
1806
1806
1805
1805
1804
1804
1803
1803
1802
1802
1801
1800
1800
17ff
17ff
17fe
17fe
17fd
17fd
17fc
17fc
17fb
17fb
17fa
17fa
17f9
17f9
17f8
17f8
17f7
17f7
17f6
17f6
17f5
17f5
17f4
17f3
17f3
17f2
17f2
17f1
17f1
17f0
17f0
17ef
17ef
17ee
17ee
17ed
17ed
17ec
17ec
17eb
17eb
17ea
17ea
17e9
17e9
17e8
17e8
17e7
17e6
17e6
17e5
17e5
17e4
17e4
17e3
17e3
17e2
17e2
17e1
17e1
17e0
17e0
17df
17df
17de
17de
17dd
17dd
17dc
17db
17db
17da
17da
17d9
17d9
17d8
17d8
17d7
17d7
17d6
17d6
17d5
17d5
17d4
17d4
17d3
17d3
17d2
17d2
17d1
17d0
17d0
17cf
17cf
17ce
17ce
17cd
17cd
17cc
17cc
17cb
17cb
17ca
17ca
17c9
17c9
17c8
17c8
17c7
17c7
17c6
17c5
17c5
17c4
17c4
17c3
17c3
17c2
17c2
17c1
17c1
17c0
17c0
17bf
17bf
17be
17be
17bd
17bd
17bc
17bb
17bb
17ba
17ba
17b9
17b9
17b8
17b8
17b7
17b7
17b6
17b6
17b5
17b5
17b4
17b4
17b3
17b2
17b2
17b1
17b1
17b0
17b0
17af
17af
17ae
17ae
17ad
17ad
17ac
17ac
17ab
17ab
17aa
17aa
17a9
17a8
17a8
17a7
17a7
17a6
17a6
17a5
17a5
17a4
17a4
17a3
17a3
17a2
17a2
17a1
17a1
17a0
179f
179f
179e
179e
179d
179d
179c
179c
179b
179b
179a
179a
1799
1799
1798
1798
1797
1796
1796
1795
1795
1794
1794
1793
1793
1792
1792
1791
1791
1790
1790
178f
178e
178e
178d
178d
178c
178c
178b
178b
178a
178a
1789
1789
1788
1788
1787
1787
1786
1785
1785
1784
1784
1783
1783
1782
1782
1781
1781
1780
1780
177f
177f
177e
177d
177d
177c
177c
177b
177b
177a
177a
1779
1779
1778
1778
1777
1777
1776
1775
1775
1774
1774
1773
1773
1772
1772
1771
1771
1770
1770
176f
176e
176e
176d
176d
176c
176c
176b
176b
176a
176a
1769
1769
1768
1768
1767
1766
1766
1765
1765
1764
1764
1763
1763
1762
1762
1761
1761
1760
1760
175f
175e
175e
175d
175d
175c
175c
175b
175b
175a
175a
1759
1759
1758
1757
1757
1756
1756
1755
1755
1754
1754
1753
1753
1752
1752
1751
1750
1750
174f
174f
174e
174e
174d
174d
174c
174c
174b
174b
174a
1749
1749
1748
1748
1747
1747
1746
1746
1745
1745
1744
1744
1743
1742
1742
1741
1741
1740
1740
173f
173f
173e
173e
173d
173d
173c
173b
173b
173a
173a
1739
1739
1738
1738
1737
1737
1736
1736
1735
1734
1734
1733
1733
1732
1732
1731
1731
1730
1730
172f
172e
172e
172d
172d
172c
172c
172b
172b
172a
172a
1729
1729
1728
1727
1727
1726
1726
1725
1725
1724
1724
1723
1723
1722
1721
1721
1720
1720
171f
171f
171e
171e
171d
171d
171c
171b
171b
171a
171a
1719
1719
1718
1718
1717
1717
1716
1716
1715
1714
1714
1713
1713
1712
1712
1711
1711
1710
1710
170f
170e
170e
170d
170d
170c
170c
170b
170b
170a
170a
1709
1708
1708
1707
1707
1706
1706
1705
1705
1704
1704
1703
1702
1702
1701
1701
1700
1700
16ff
16ff
16fe
16fe
16fd
16fc
16fc
16fb
16fb
16fa
16fa
16f9
16f9
16f8
16f8
16f7
16f6
16f6
16f5
16f5
16f4
16f4
16f3
16f3
16f2
16f2
16f1
16f0
16f0
16ef
16ef
16ee
16ee
16ed
16ed
16ec
16eb
16eb
16ea
16ea
16e9
16e9
16e8
16e8
16e7
16e7
16e6
16e5
16e5
16e4
16e4
16e3
16e3
16e2
16e2
16e1
16e1
16e0
16df
16df
16de
16de
16dd
16dd
16dc
16dc
16db
16da
16da
16d9
16d9
16d8
16d8
16d7
16d7
16d6
16d6
16d5
16d4
16d4
16d3
16d3
16d2
16d2
16d1
16d1
16d0
16cf
16cf
16ce
16ce
16cd
16cd
16cc
16cc
16cb
16cb
16ca
16c9
16c9
16c8
16c8
16c7
16c7
16c6
16c6
16c5
16c4
16c4
16c3
16c3
16c2
16c2
16c1
16c1
16c0
16bf
16bf
16be
16be
16bd
16bd
16bc
16bc
16bb
16bb
16ba
16b9
16b9
16b8
16b8
16b7
16b7
16b6
16b6
16b5
16b4
16b4
16b3
16b3
16b2
16b2
16b1
16b1
16b0
16af
16af
16ae
16ae
16ad
16ad
16ac
16ac
16ab
16aa
16aa
16a9
16a9
16a8
16a8
16a7
16a7
16a6
16a5
16a5
16a4
16a4
16a3
16a3
16a2
16a2
16a1
16a0
16a0
169f
169f
169e
169e
169d
169d
169c
169b
169b
169a
169a
1699
1699
1698
1698
1697
1696
1696
1695
1695
1694
1694
1693
1693
1692
1691
1691
1690
1690
168f
168f
168e
168e
168d
168c
168c
168b
168b
168a
168a
1689
1689
1688
1687
1687
1686
1686
1685
1685
1684
1684
1683
1682
1682
1681
1681
1680
1680
167f
167e
167e
167d
167d
167c
167c
167b
167b
167a
1679
1679
1678
1678
1677
1677
1676
1676
1675
1674
1674
1673
1673
1672
1672
1671
1671
1670
166f
166f
166e
166e
166d
166d
166c
166b
166b
166a
166a
1669
1669
1668
1668
1667
1666
1666
1665
1665
1664
1664
1663
1663
1662
1661
1661
1660
1660
165f
165f
165e
165d
165d
165c
165c
165b
165b
165a
165a
1659
1658
1658
1657
1657
1656
1656
1655
1654
1654
1653
1653
1652
1652
1651
1651
1650
164f
164f
164e
164e
164d
164d
164c
164b
164b
164a
164a
1649
1649
1648
1648
1647
1646
1646
1645
1645
1644
1644
1643
1642
1642
1641
1641
1640
1640
163f
163e
163e
163d
163d
163c
163c
163b
163b
163a
1639
1639
1638
1638
1637
1637
1636
1635
1635
1634
1634
1633
1633
1632
1631
1631
1630
1630
162f
162f
162e
162e
162d
162c
162c
162b
162b
162a
162a
1629
1628
1628
1627
1627
1626
1626
1625
1624
1624
1623
1623
1622
1622
1621
1620
1620
161f
161f
161e
161e
161d
161d
161c
161b
161b
161a
161a
1619
1619
1618
1617
1617
1616
1616
1615
1615
1614
1613
1613
1612
1612
1611
1611
1610
160f
160f
160e
160e
160d
160d
160c
160b
160b
160a
160a
1609
1609
1608
1607
1607
1606
1606
1605
1605
1604
1604
1603
1602
1602
1601
1601
1600
1600
15ff
15fe
15fe
15fd
15fd
15fc
15fc
15fb
15fa
15fa
15f9
15f9
15f8
15f8
15f7
15f6
15f6
15f5
15f5
15f4
15f4
15f3
15f2
15f2
15f1
15f1
15f0
15f0
15ef
15ee
15ee
15ed
15ed
15ec
15ec
15eb
15ea
15ea
15e9
15e9
15e8
15e8
15e7
15e6
15e6
15e5
15e5
15e4
15e4
15e3
15e2
15e2
15e1
15e1
15e0
15df
15df
15de
15de
15dd
15dd
15dc
15db
15db
15da
15da
15d9
15d9
15d8
15d7
15d7
15d6
15d6
15d5
15d5
15d4
15d3
15d3
15d2
15d2
15d1
15d1
15d0
15cf
15cf
15ce
15ce
15cd
15cd
15cc
15cb
15cb
15ca
15ca
15c9
15c9
15c8
15c7
15c7
15c6
15c6
15c5
15c5
15c4
15c3
15c3
15c2
15c2
15c1
15c0
15c0
15bf
15bf
15be
15be
15bd
15bc
15bc
15bb
15bb
15ba
15ba
15b9
15b8
15b8
15b7
15b7
15b6
15b6
15b5
15b4
15b4
15b3
15b3
15b2
15b1
15b1
15b0
15b0
15af
15af
15ae
15ad
15ad
15ac
15ac
15ab
15ab
15aa
15a9
15a9
15a8
15a8
15a7
15a7
15a6
15a5
15a5
15a4
15a4
15a3
15a2
15a2
15a1
15a1
15a0
15a0
159f
159e
159e
159d
159d
159c
159c
159b
159a
159a
1599
1599
1598
1597
1597
1596
1596
1595
1595
1594
1593
1593
1592
1592
1591
1590
1590
158f
158f
158e
158e
158d
158c
158c
158b
158b
158a
158a
1589
1588
1588
1587
1587
1586
1585
1585
1584
1584
1583
1583
1582
1581
1581
1580
1580
157f
157e
157e
157d
157d
157c
157c
157b
157a
157a
1579
1579
1578
1578
1577
1576
1576
1575
1575
1574
1573
1573
1572
1572
1571
1571
1570
156f
156f
156e
156e
156d
156c
156c
156b
156b
156a
156a
1569
1568
1568
1567
1567
1566
1565
1565
1564
1564
1563
1563
1562
1561
1561
1560
1560
155f
155e
155e
155d
155d
155c
155b
155b
155a
155a
1559
1559
1558
1557
1557
1556
1556
1555
1554
1554
1553
1553
1552
1552
1551
1550
1550
154f
154f
154e
154d
154d
154c
154c
154b
154b
154a
1549
1549
1548
1548
1547
1546
1546
1545
1545
1544
1543
1543
1542
1542
1541
1541
1540
153f
153f
153e
153e
153d
153c
153c
153b
153b
153a
1539
1539
1538
1538
1537
1537
1536
1535
1535
1534
1534
1533
1532
1532
1531
1531
1530
152f
152f
152e
152e
152d
152d
152c
152b
152b
152a
152a
1529
1528
1528
1527
1527
1526
1525
1525
1524
1524
1523
1523
1522
1521
1521
1520
1520
151f
151e
151e
151d
151d
151c
151b
151b
151a
151a
1519
1519
1518
1517
1517
1516
1516
1515
1514
1514
1513
1513
1512
1511
1511
1510
1510
150f
150e
150e
150d
150d
150c
150c
150b
150a
150a
1509
1509
1508
1507
1507
1506
1506
1505
1504
1504
1503
1503
1502
1501
1501
1500
1500
14ff
14fe
14fe
14fd
14fd
14fc
14fc
14fb
14fa
14fa
14f9
14f9
14f8
14f7
14f7
14f6
14f6
14f5
14f4
14f4
14f3
14f3
14f2
14f1
14f1
14f0
14f0
14ef
14ee
14ee
14ed
14ed
14ec
14eb
14eb
14ea
14ea
14e9
14e9
14e8
14e7
14e7
14e6
14e6
14e5
14e4
14e4
14e3
14e3
14e2
14e1
14e1
14e0
14e0
14df
14de
14de
14dd
14dd
14dc
14db
14db
14da
14da
14d9
14d8
14d8
14d7
14d7
14d6
14d5
14d5
14d4
14d4
14d3
14d2
14d2
14d1
14d1
14d0
14d0
14cf
14ce
14ce
14cd
14cd
14cc
14cb
14cb
14ca
14ca
14c9
14c8
14c8
14c7
14c7
14c6
14c5
14c5
14c4
14c4
14c3
14c2
14c2
14c1
14c1
14c0
14bf
14bf
14be
14be
14bd
14bc
14bc
14bb
14bb
14ba
14b9
14b9
14b8
14b8
14b7
14b6
14b6
14b5
14b5
14b4
14b3
14b3
14b2
14b2
14b1
14b0
14b0
14af
14af
14ae
14ad
14ad
14ac
14ac
14ab
14aa
14aa
14a9
14a9
14a8
14a7
14a7
14a6
14a6
14a5
14a4
14a4
14a3
14a3
14a2
14a1
14a1
14a0
14a0
149f
149e
149e
149d
149d
149c
149b
149b
149a
149a
1499
1498
1498
1497
1497
1496
1495
1495
1494
1494
1493
1492
1492
1491
1491
1490
148f
148f
148e
148e
148d
148c
148c
148b
148b
148a
1489
1489
1488
1488
1487
1486
1486
1485
1485
1484
1483
1483
1482
1482
1481
1480
1480
147f
147f
147e
147d
147d
147c
147c
147b
147a
147a
1479
1479
1478
1477
1477
1476
1475
1475
1474
1474
1473
1472
1472
1471
1471
1470
146f
146f
146e
146e
146d
146c
146c
146b
146b
146a
1469
1469
1468
1468
1467
1466
1466
1465
1465
1464
1463
1463
1462
1462
1461
1460
1460
145f
145f
145e
145d
145d
145c
145b
145b
145a
145a
1459
1458
1458
1457
1457
1456
1455
1455
1454
1454
1453
1452
1452
1451
1451
1450
144f
144f
144e
144e
144d
144c
144c
144b
144a
144a
1449
1449
1448
1447
1447
1446
1446
1445
1444
1444
1443
1443
1442
1441
1441
1440
1440
143f
143e
143e
143d
143d
143c
143b
143b
143a
1439
1439
1438
1438
1437
1436
1436
1435
1435
1434
1433
1433
1432
1432
1431
1430
1430
142f
142f
142e
142d
142d
142c
142b
142b
142a
142a
1429
1428
1428
1427
1427
1426
1425
1425
1424
1424
1423
1422
1422
1421
1420
1420
141f
141f
141e
141d
141d
141c
141c
141b
141a
141a
1419
1419
1418
1417
1417
1416
1415
1415
1414
1414
1413
1412
1412
1411
1411
1410
140f
140f
140e
140e
140d
140c
140c
140b
140a
140a
1409
1409
1408
1407
1407
1406
1406
1405
1404
1404
1403
1403
1402
1401
1401
1400
13ff
13ff
13fe
13fe
13fd
13fc
13fc
13fb
13fb
13fa
13f9
13f9
13f8
13f7
13f7
13f6
13f6
13f5
13f4
13f4
13f3
13f3
13f2
13f1
13f1
13f0
13ef
13ef
13ee
13ee
13ed
13ec
13ec
13eb
13eb
13ea
13e9
13e9
13e8
13e8
13e7
13e6
13e6
13e5
13e4
13e4
13e3
13e3
13e2
13e1
13e1
13e0
13e0
13df
13de
13de
13dd
13dc
13dc
13db
13db
13da
13d9
13d9
13d8
13d8
13d7
13d6
13d6
13d5
13d4
13d4
13d3
13d3
13d2
13d1
13d1
13d0
13cf
13cf
13ce
13ce
13cd
13cc
13cc
13cb
13cb
13ca
13c9
13c9
13c8
13c7
13c7
13c6
13c6
13c5
13c4
13c4
13c3
13c3
13c2
13c1
13c1
13c0
13bf
13bf
13be
13be
13bd
13bc
13bc
13bb
13ba
13ba
13b9
13b9
13b8
13b7
13b7
13b6
13b6
13b5
13b4
13b4
13b3
13b2
13b2
13b1
13b1
13b0
13af
13af
13ae
13ae
13ad
13ac
13ac
13ab
13aa
13aa
13a9
13a9
13a8
13a7
13a7
13a6
13a5
13a5
13a4
13a4
13a3
13a2
13a2
13a1
13a0
13a0
139f
139f
139e
139d
139d
139c
139c
139b
139a
139a
1399
1398
1398
1397
1397
1396
1395
1395
1394
1393
1393
1392
1392
1391
1390
1390
138f
138e
138e
138d
138d
138c
138b
138b
138a
138a
1389
1388
1388
1387
1386
1386
1385
1385
1384
1383
1383
1382
1381
1381
1380
1380
137f
137e
137e
137d
137c
137c
137b
137b
137a
1379
1379
1378
1377
1377
1376
1376
1375
1374
1374
1373
1372
1372
1371
1371
1370
136f
136f
136e
136d
136d
136c
136c
136b
136a
136a
1369
1368
1368
1367
1367
1366
1365
1365
1364
1363
1363
1362
1362
1361
1360
1360
135f
135e
135e
135d
135d
135c
135b
135b
135a
1359
1359
1358
1358
1357
1356
1356
1355
1354
1354
1353
1353
1352
1351
1351
1350
134f
134f
134e
134e
134d
134c
134c
134b
134a
134a
1349
1349
1348
1347
1347
1346
1345
1345
1344
1344
1343
1342
1342
1341
1340
1340
133f
133f
133e
133d
133d
133c
133b
133b
133a
133a
1339
1338
1338
1337
1336
1336
1335
1335
1334
1333
1333
1332
1331
1331
1330
132f
132f
132e
132e
132d
132c
132c
132b
132a
132a
1329
1329
1328
1327
1327
1326
1325
1325
1324
1324
1323
1322
1322
1321
1320
1320
131f
131e
131e
131d
131d
131c
131b
131b
131a
1319
1319
1318
1318
1317
1316
1316
1315
1314
1314
1313
1313
1312
1311
1311
1310
130f
130f
130e
130d
130d
130c
130c
130b
130a
130a
1309
1308
1308
1307
1307
1306
1305
1305
1304
1303
1303
1302
1301
1301
1300
1300
12ff
12fe
12fe
12fd
12fc
12fc
12fb
12fb
12fa
12f9
12f9
12f8
12f7
12f7
12f6
12f5
12f5
12f4
12f4
12f3
12f2
12f2
12f1
12f0
12f0
12ef
12ef
12ee
12ed
12ed
12ec
12eb
12eb
12ea
12e9
12e9
12e8
12e8
12e7
12e6
12e6
12e5
12e4
12e4
12e3
12e2
12e2
12e1
12e1
12e0
12df
12df
12de
12dd
12dd
12dc
12dc
12db
12da
12da
12d9
12d8
12d8
12d7
12d6
12d6
12d5
12d5
12d4
12d3
12d3
12d2
12d1
12d1
12d0
12cf
12cf
12ce
12ce
12cd
12cc
12cc
12cb
12ca
12ca
12c9
12c8
12c8
12c7
12c7
12c6
12c5
12c5
12c4
12c3
12c3
12c2
12c1
12c1
12c0
12c0
12bf
12be
12be
12bd
12bc
12bc
12bb
12ba
12ba
12b9
12b9
12b8
12b7
12b7
12b6
12b5
12b5
12b4
12b3
12b3
12b2
12b2
12b1
12b0
12b0
12af
12ae
12ae
12ad
12ac
12ac
12ab
12ab
12aa
12a9
12a9
12a8
12a7
12a7
12a6
12a5
12a5
12a4
12a4
12a3
12a2
12a2
12a1
12a0
12a0
129f
129e
129e
129d
129c
129c
129b
129b
129a
1299
1299
1298
1297
1297
1296
1295
1295
1294
1294
1293
1292
1292
1291
1290
1290
128f
128e
128e
128d
128c
128c
128b
128b
128a
1289
1289
1288
1287
1287
1286
1285
1285
1284
1284
1283
1282
1282
1281
1280
1280
127f
127e
127e
127d
127c
127c
127b
127b
127a
1279
1279
1278
1277
1277
1276
1275
1275
1274
1274
1273
1272
1272
1271
1270
1270
126f
126e
126e
126d
126c
126c
126b
126b
126a
1269
1269
1268
1267
1267
1266
1265
1265
1264
1263
1263
1262
1262
1261
1260
1260
125f
125e
125e
125d
125c
125c
125b
125a
125a
1259
1259
1258
1257
1257
1256
1255
1255
1254
1253
1253
1252
1251
1251
1250
1250
124f
124e
124e
124d
124c
124c
124b
124a
124a
1249
1248
1248
1247
1246
1246
1245
1245
1244
1243
1243
1242
1241
1241
1240
123f
123f
123e
123d
123d
123c
123c
123b
123a
123a
1239
1238
1238
1237
1236
1236
1235
1234
1234
1233
1232
1232
1231
1231
1230
122f
122f
122e
122d
122d
122c
122b
122b
122a
1229
1229
1228
1227
1227
1226
1226
1225
1224
1224
1223
1222
1222
1221
1220
1220
121f
121e
121e
121d
121c
121c
121b
121b
121a
1219
1219
1218
1217
1217
1216
1215
1215
1214
1213
1213
1212
1211
1211
1210
1210
120f
120e
120e
120d
120c
120c
120b
120a
120a
1209
1208
1208
1207
1206
1206
1205
1205
1204
1203
1203
1202
1201
1201
1200
11ff
11ff
11fe
11fd
11fd
11fc
11fb
11fb
11fa
11f9
11f9
11f8
11f8
11f7
11f6
11f6
11f5
11f4
11f4
11f3
11f2
11f2
11f1
11f0
11f0
11ef
11ee
11ee
11ed
11ec
11ec
11eb
11eb
11ea
11e9
11e9
11e8
11e7
11e7
11e6
11e5
11e5
11e4
11e3
11e3
11e2
11e1
11e1
11e0
11df
11df
11de
11de
11dd
11dc
11dc
11db
11da
11da
11d9
11d8
11d8
11d7
11d6
11d6
11d5
11d4
11d4
11d3
11d2
11d2
11d1
11d0
11d0
11cf
11cf
11ce
11cd
11cd
11cc
11cb
11cb
11ca
11c9
11c9
11c8
11c7
11c7
11c6
11c5
11c5
11c4
11c3
11c3
11c2
11c1
11c1
11c0
11bf
11bf
11be
11be
11bd
11bc
11bc
11bb
11ba
11ba
11b9
11b8
11b8
11b7
11b6
11b6
11b5
11b4
11b4
11b3
11b2
11b2
11b1
11b0
11b0
11af
11ae
11ae
11ad
11ad
11ac
11ab
11ab
11aa
11a9
11a9
11a8
11a7
11a7
11a6
11a5
11a5
11a4
11a3
11a3
11a2
11a1
11a1
11a0
119f
119f
119e
119d
119d
119c
119b
119b
119a
119a
1199
1198
1198
1197
1196
1196
1195
1194
1194
1193
1192
1192
1191
1190
1190
118f
118e
118e
118d
118c
118c
118b
118a
118a
1189
1188
1188
1187
1186
1186
1185
1185
1184
1183
1183
1182
1181
1181
1180
117f
117f
117e
117d
117d
117c
117b
117b
117a
1179
1179
1178
1177
1177
1176
1175
1175
1174
1173
1173
1172
1171
1171
1170
116f
116f
116e
116d
116d
116c
116c
116b
116a
116a
1169
1168
1168
1167
1166
1166
1165
1164
1164
1163
1162
1162
1161
1160
1160
115f
115e
115e
115d
115c
115c
115b
115a
115a
1159
1158
1158
1157
1156
1156
1155
1154
1154
1153
1152
1152
1151
1150
1150
114f
114e
114e
114d
114d
114c
114b
114b
114a
1149
1149
1148
1147
1147
1146
1145
1145
1144
1143
1143
1142
1141
1141
1140
113f
113f
113e
113d
113d
113c
113b
113b
113a
1139
1139
1138
1137
1137
1136
1135
1135
1134
1133
1133
1132
1131
1131
1130
112f
112f
112e
112d
112d
112c
112b
112b
112a
1129
1129
1128
1127
1127
1126
1125
1125
1124
1123
1123
1122
1121
1121
1120
111f
111f
111e
111e
111d
111c
111c
111b
111a
111a
1119
1118
1118
1117
1116
1116
1115
1114
1114
1113
1112
1112
1111
1110
1110
110f
110e
110e
110d
110c
110c
110b
110a
110a
1109
1108
1108
1107
1106
1106
1105
1104
1104
1103
1102
1102
1101
1100
1100
10ff
10fe
10fe
10fd
10fc
10fc
10fb
10fa
10fa
10f9
10f8
10f8
10f7
10f6
10f6
10f5
10f4
10f4
10f3
10f2
10f2
10f1
10f0
10f0
10ef
10ee
10ee
10ed
10ec
10ec
10eb
10ea
10ea
10e9
10e8
10e8
10e7
10e6
10e6
10e5
10e4
10e4
10e3
10e2
10e2
10e1
10e0
10e0
10df
10de
10de
10dd
10dc
10dc
10db
10da
10da
10d9
10d8
10d8
10d7
10d6
10d6
10d5
10d4
10d4
10d3
10d2
10d2
10d1
10d0
10d0
10cf
10ce
10ce
10cd
10cc
10cc
10cb
10ca
10ca
10c9
10c8
10c8
10c7
10c6
10c6
10c5
10c4
10c4
10c3
10c2
10c2
10c1
10c0
10c0
10bf
10be
10be
10bd
10bc
10bc
10bb
10ba
10ba
10b9
10b8
10b8
10b7
10b6
10b6
10b5
10b4
10b3
10b3
10b2
10b1
10b1
10b0
10af
10af
10ae
10ad
10ad
10ac
10ab
10ab
10aa
10a9
10a9
10a8
10a7
10a7
10a6
10a5
10a5
10a4
10a3
10a3
10a2
10a1
10a1
10a0
109f
109f
109e
109d
109d
109c
109b
109b
109a
1099
1099
1098
1097
1097
1096
1095
1095
1094
1093
1093
1092
1091
1091
1090
108f
108f
108e
108d
108d
108c
108b
108b
108a
1089
1089
1088
1087
1087
1086
1085
1085
1084
1083
1082
1082
1081
1080
1080
107f
107e
107e
107d
107c
107c
107b
107a
107a
1079
1078
1078
1077
1076
1076
1075
1074
1074
1073
1072
1072
1071
1070
1070
106f
106e
106e
106d
106c
106c
106b
106a
106a
1069
1068
1068
1067
1066
1066
1065
1064
1064
1063
1062
1061
1061
1060
105f
105f
105e
105d
105d
105c
105b
105b
105a
1059
1059
1058
1057
1057
1056
1055
1055
1054
1053
1053
1052
1051
1051
1050
104f
104f
104e
104d
104d
104c
104b
104b
104a
1049
1049
1048
1047
1046
1046
1045
1044
1044
1043
1042
1042
1041
1040
1040
103f
103e
103e
103d
103c
103c
103b
103a
103a
1039
1038
1038
1037
1036
1036
1035
1034
1034
1033
1032
1031
1031
1030
102f
102f
102e
102d
102d
102c
102b
102b
102a
1029
1029
1028
1027
1027
1026
1025
1025
1024
1023
1023
1022
1021
1021
1020
101f
101f
101e
101d
101c
101c
101b
101a
101a
1019
1018
1018
1017
1016
1016
1015
1014
1014
1013
1012
1012
1011
1010
1010
100f
100e
100e
100d
100c
100c
100b
100a
1009
1009
1008
1007
1007
1006
1005
1005
1004
1003
1003
1002
1001
1001
1000
0fff
0fff
0ffe
0ffd
0ffd
0ffc
0ffb
0ffb
0ffa
0ff9
0ff8
0ff8
0ff7
0ff6
0ff6
0ff5
0ff4
0ff4
0ff3
0ff2
0ff2
0ff1
0ff0
0ff0
0fef
0fee
0fee
0fed
0fec
0fec
0feb
0fea
0fe9
0fe9
0fe8
0fe7
0fe7
0fe6
0fe5
0fe5
0fe4
0fe3
0fe3
0fe2
0fe1
0fe1
0fe0
0fdf
0fdf
0fde
0fdd
0fdd
0fdc
0fdb
0fda
0fda
0fd9
0fd8
0fd8
0fd7
0fd6
0fd6
0fd5
0fd4
0fd4
0fd3
0fd2
0fd2
0fd1
0fd0
0fd0
0fcf
0fce
0fce
0fcd
0fcc
0fcb
0fcb
0fca
0fc9
0fc9
0fc8
0fc7
0fc7
0fc6
0fc5
0fc5
0fc4
0fc3
0fc3
0fc2
0fc1
0fc1
0fc0
0fbf
0fbe
0fbe
0fbd
0fbc
0fbc
0fbb
0fba
0fba
0fb9
0fb8
0fb8
0fb7
0fb6
0fb6
0fb5
0fb4
0fb4
0fb3
0fb2
0fb1
0fb1
0fb0
0faf
0faf
0fae
0fad
0fad
0fac
0fab
0fab
0faa
0fa9
0fa9
0fa8
0fa7
0fa7
0fa6
0fa5
0fa4
0fa4
0fa3
0fa2
0fa2
0fa1
0fa0
0fa0
0f9f
0f9e
0f9e
0f9d
0f9c
0f9c
0f9b
0f9a
0f9a
0f99
0f98
0f97
0f97
0f96
0f95
0f95
0f94
0f93
0f93
0f92
0f91
0f91
0f90
0f8f
0f8f
0f8e
0f8d
0f8c
0f8c
0f8b
0f8a
0f8a
0f89
0f88
0f88
0f87
0f86
0f86
0f85
0f84
0f84
0f83
0f82
0f82
0f81
0f80
0f7f
0f7f
0f7e
0f7d
0f7d
0f7c
0f7b
0f7b
0f7a
0f79
0f79
0f78
0f77
0f77
0f76
0f75
0f74
0f74
0f73
0f72
0f72
0f71
0f70
0f70
0f6f
0f6e
0f6e
0f6d
0f6c
0f6c
0f6b
0f6a
0f69
0f69
0f68
0f67
0f67
0f66
0f65
0f65
0f64
0f63
0f63
0f62
0f61
0f60
0f60
0f5f
0f5e
0f5e
0f5d
0f5c
0f5c
0f5b
0f5a
0f5a
0f59
0f58
0f58
0f57
0f56
0f55
0f55
0f54
0f53
0f53
0f52
0f51
0f51
0f50
0f4f
0f4f
0f4e
0f4d
0f4d
0f4c
0f4b
0f4a
0f4a
0f49
0f48
0f48
0f47
0f46
0f46
0f45
0f44
0f44
0f43
0f42
0f41
0f41
0f40
0f3f
0f3f
0f3e
0f3d
0f3d
0f3c
0f3b
0f3b
0f3a
0f39
0f38
0f38
0f37
0f36
0f36
0f35
0f34
0f34
0f33
0f32
0f32
0f31
0f30
0f30
0f2f
0f2e
0f2d
0f2d
0f2c
0f2b
0f2b
0f2a
0f29
0f29
0f28
0f27
0f27
0f26
0f25
0f24
0f24
0f23
0f22
0f22
0f21
0f20
0f20
0f1f
0f1e
0f1e
0f1d
0f1c
0f1b
0f1b
0f1a
0f19
0f19
0f18
0f17
0f17
0f16
0f15
0f15
0f14
0f13
0f12
0f12
0f11
0f10
0f10
0f0f
0f0e
0f0e
0f0d
0f0c
0f0c
0f0b
0f0a
0f09
0f09
0f08
0f07
0f07
0f06
0f05
0f05
0f04
0f03
0f02
0f02
0f01
0f00
0f00
0eff
0efe
0efe
0efd
0efc
0efc
0efb
0efa
0ef9
0ef9
0ef8
0ef7
0ef7
0ef6
0ef5
0ef5
0ef4
0ef3
0ef3
0ef2
0ef1
0ef0
0ef0
0eef
0eee
0eee
0eed
0eec
0eec
0eeb
0eea
0eea
0ee9
0ee8
0ee7
0ee7
0ee6
0ee5
0ee5
0ee4
0ee3
0ee3
0ee2
0ee1
0ee0
0ee0
0edf
0ede
0ede
0edd
0edc
0edc
0edb
0eda
0eda
0ed9
0ed8
0ed7
0ed7
0ed6
0ed5
0ed5
0ed4
0ed3
0ed3
0ed2
0ed1
0ed0
0ed0
0ecf
0ece
0ece
0ecd
0ecc
0ecc
0ecb
0eca
0eca
0ec9
0ec8
0ec7
0ec7
0ec6
0ec5
0ec5
0ec4
0ec3
0ec3
0ec2
0ec1
0ec0
0ec0
0ebf
0ebe
0ebe
0ebd
0ebc
0ebc
0ebb
0eba
0eb9
0eb9
0eb8
0eb7
0eb7
0eb6
0eb5
0eb5
0eb4
0eb3
0eb3
0eb2
0eb1
0eb0
0eb0
0eaf
0eae
0eae
0ead
0eac
0eac
0eab
0eaa
0ea9
0ea9
0ea8
0ea7
0ea7
0ea6
0ea5
0ea5
0ea4
0ea3
0ea2
0ea2
0ea1
0ea0
0ea0
0e9f
0e9e
0e9e
0e9d
0e9c
0e9b
0e9b
0e9a
0e99
0e99
0e98
0e97
0e97
0e96
0e95
0e94
0e94
0e93
0e92
0e92
0e91
0e90
0e90
0e8f
0e8e
0e8d
0e8d
0e8c
0e8b
0e8b
0e8a
0e89
0e89
0e88
0e87
0e86
0e86
0e85
0e84
0e84
0e83
0e82
0e82
0e81
0e80
0e7f
0e7f
0e7e
0e7d
0e7d
0e7c
0e7b
0e7b
0e7a
0e79
0e78
0e78
0e77
0e76
0e76
0e75
0e74
0e74
0e73
0e72
0e71
0e71
0e70
0e6f
0e6f
0e6e
0e6d
0e6d
0e6c
0e6b
0e6a
0e6a
0e69
0e68
0e68
0e67
0e66
0e66
0e65
0e64
0e63
0e63
0e62
0e61
0e61
0e60
0e5f
0e5f
0e5e
0e5d
0e5c
0e5c
0e5b
0e5a
0e5a
0e59
0e58
0e58
0e57
0e56
0e55
0e55
0e54
0e53
0e53
0e52
0e51
0e51
0e50
0e4f
0e4e
0e4e
0e4d
0e4c
0e4c
0e4b
0e4a
0e49
0e49
0e48
0e47
0e47
0e46
0e45
0e45
0e44
0e43
0e42
0e42
0e41
0e40
0e40
0e3f
0e3e
0e3e
0e3d
0e3c
0e3b
0e3b
0e3a
0e39
0e39
0e38
0e37
0e37
0e36
0e35
0e34
0e34
0e33
0e32
0e32
0e31
0e30
0e2f
0e2f
0e2e
0e2d
0e2d
0e2c
0e2b
0e2b
0e2a
0e29
0e28
0e28
0e27
0e26
0e26
0e25
0e24
0e23
0e23
0e22
0e21
0e21
0e20
0e1f
0e1f
0e1e
0e1d
0e1c
0e1c
0e1b
0e1a
0e1a
0e19
0e18
0e18
0e17
0e16
0e15
0e15
0e14
0e13
0e13
0e12
0e11
0e10
0e10
0e0f
0e0e
0e0e
0e0d
0e0c
0e0c
0e0b
0e0a
0e09
0e09
0e08
0e07
0e07
0e06
0e05
0e04
0e04
0e03
0e02
0e02
0e01
0e00
0e00
0dff
0dfe
0dfd
0dfd
0dfc
0dfb
0dfb
0dfa
0df9
0df8
0df8
0df7
0df6
0df6
0df5
0df4
0df4
0df3
0df2
0df1
0df1
0df0
0def
0def
0dee
0ded
0dec
0dec
0deb
0dea
0dea
0de9
0de8
0de7
0de7
0de6
0de5
0de5
0de4
0de3
0de3
0de2
0de1
0de0
0de0
0ddf
0dde
0dde
0ddd
0ddc
0ddb
0ddb
0dda
0dd9
0dd9
0dd8
0dd7
0dd7
0dd6
0dd5
0dd4
0dd4
0dd3
0dd2
0dd2
0dd1
0dd0
0dcf
0dcf
0dce
0dcd
0dcd
0dcc
0dcb
0dca
0dca
0dc9
0dc8
0dc8
0dc7
0dc6
0dc6
0dc5
0dc4
0dc3
0dc3
0dc2
0dc1
0dc1
0dc0
0dbf
0dbe
0dbe
0dbd
0dbc
0dbc
0dbb
0dba
0db9
0db9
0db8
0db7
0db7
0db6
0db5
0db4
0db4
0db3
0db2
0db2
0db1
0db0
0db0
0daf
0dae
0dad
0dad
0dac
0dab
0dab
0daa
0da9
0da8
0da8
0da7
0da6
0da6
0da5
0da4
0da3
0da3
0da2
0da1
0da1
0da0
0d9f
0d9e
0d9e
0d9d
0d9c
0d9c
0d9b
0d9a
0d9a
0d99
0d98
0d97
0d97
0d96
0d95
0d95
0d94
0d93
0d92
0d92
0d91
0d90
0d90
0d8f
0d8e
0d8d
0d8d
0d8c
0d8b
0d8b
0d8a
0d89
0d88
0d88
0d87
0d86
0d86
0d85
0d84
0d83
0d83
0d82
0d81
0d81
0d80
0d7f
0d7e
0d7e
0d7d
0d7c
0d7c
0d7b
0d7a
0d79
0d79
0d78
0d77
0d77
0d76
0d75
0d74
0d74
0d73
0d72
0d72
0d71
0d70
0d70
0d6f
0d6e
0d6d
0d6d
0d6c
0d6b
0d6b
0d6a
0d69
0d68
0d68
0d67
0d66
0d66
0d65
0d64
0d63
0d63
0d62
0d61
0d61
0d60
0d5f
0d5e
0d5e
0d5d
0d5c
0d5c
0d5b
0d5a
0d59
0d59
0d58
0d57
0d57
0d56
0d55
0d54
0d54
0d53
0d52
0d52
0d51
0d50
0d4f
0d4f
0d4e
0d4d
0d4d
0d4c
0d4b
0d4a
0d4a
0d49
0d48
0d48
0d47
0d46
0d45
0d45
0d44
0d43
0d43
0d42
0d41
0d40
0d40
0d3f
0d3e
0d3e
0d3d
0d3c
0d3b
0d3b
0d3a
0d39
0d39
0d38
0d37
0d36
0d36
0d35
0d34
0d34
0d33
0d32
0d31
0d31
0d30
0d2f
0d2f
0d2e
0d2d
0d2c
0d2c
0d2b
0d2a
0d2a
0d29
0d28
0d27
0d27
0d26
0d25
0d25
0d24
0d23
0d22
0d22
0d21
0d20
0d1f
0d1f
0d1e
0d1d
0d1d
0d1c
0d1b
0d1a
0d1a
0d19
0d18
0d18
0d17
0d16
0d15
0d15
0d14
0d13
0d13
0d12
0d11
0d10
0d10
0d0f
0d0e
0d0e
0d0d
0d0c
0d0b
0d0b
0d0a
0d09
0d09
0d08
0d07
0d06
0d06
0d05
0d04
0d04
0d03
0d02
0d01
0d01
0d00
0cff
0cff
0cfe
0cfd
0cfc
0cfc
0cfb
0cfa
0cf9
0cf9
0cf8
0cf7
0cf7
0cf6
0cf5
0cf4
0cf4
0cf3
0cf2
0cf2
0cf1
0cf0
0cef
0cef
0cee
0ced
0ced
0cec
0ceb
0cea
0cea
0ce9
0ce8
0ce8
0ce7
0ce6
0ce5
0ce5
0ce4
0ce3
0ce2
0ce2
0ce1
0ce0
0ce0
0cdf
0cde
0cdd
0cdd
0cdc
0cdb
0cdb
0cda
0cd9
0cd8
0cd8
0cd7
0cd6
0cd6
0cd5
0cd4
0cd3
0cd3
0cd2
0cd1
0cd1
0cd0
0ccf
0cce
0cce
0ccd
0ccc
0ccb
0ccb
0cca
0cc9
0cc9
0cc8
0cc7
0cc6
0cc6
0cc5
0cc4
0cc4
0cc3
0cc2
0cc1
0cc1
0cc0
0cbf
0cbf
0cbe
0cbd
0cbc
0cbc
0cbb
0cba
0cb9
0cb9
0cb8
0cb7
0cb7
0cb6
0cb5
0cb4
0cb4
0cb3
0cb2
0cb2
0cb1
0cb0
0caf
0caf
0cae
0cad
0cad
0cac
0cab
0caa
0caa
0ca9
0ca8
0ca7
0ca7
0ca6
0ca5
0ca5
0ca4
0ca3
0ca2
0ca2
0ca1
0ca0
0ca0
0c9f
0c9e
0c9d
0c9d
0c9c
0c9b
0c9a
0c9a
0c99
0c98
0c98
0c97
0c96
0c95
0c95
0c94
0c93
0c93
0c92
0c91
0c90
0c90
0c8f
0c8e
0c8d
0c8d
0c8c
0c8b
0c8b
0c8a
0c89
0c88
0c88
0c87
0c86
0c86
0c85
0c84
0c83
0c83
0c82
0c81
0c80
0c80
0c7f
0c7e
0c7e
0c7d
0c7c
0c7b
0c7b
0c7a
0c79
0c79
0c78
0c77
0c76
0c76
0c75
0c74
0c73
0c73
0c72
0c71
0c71
0c70
0c6f
0c6e
0c6e
0c6d
0c6c
0c6b
0c6b
0c6a
0c69
0c69
0c68
0c67
0c66
0c66
0c65
0c64
0c64
0c63
0c62
0c61
0c61
0c60
0c5f
0c5e
0c5e
0c5d
0c5c
0c5c
0c5b
0c5a
0c59
0c59
0c58
0c57
0c56
0c56
0c55
0c54
0c54
0c53
0c52
0c51
0c51
0c50
0c4f
0c4f
0c4e
0c4d
0c4c
0c4c
0c4b
0c4a
0c49
0c49
0c48
0c47
0c47
0c46
0c45
0c44
0c44
0c43
0c42
0c41
0c41
0c40
0c3f
0c3f
0c3e
0c3d
0c3c
0c3c
0c3b
0c3a
0c39
0c39
0c38
0c37
0c37
0c36
0c35
0c34
0c34
0c33
0c32
0c31
0c31
0c30
0c2f
0c2f
0c2e
0c2d
0c2c
0c2c
0c2b
0c2a
0c2a
0c29
0c28
0c27
0c27
0c26
0c25
0c24
0c24
0c23
0c22
0c22
0c21
0c20
0c1f
0c1f
0c1e
0c1d
0c1c
0c1c
0c1b
0c1a
0c1a
0c19
0c18
0c17
0c17
0c16
0c15
0c14
0c14
0c13
0c12
0c12
0c11
0c10
0c0f
0c0f
0c0e
0c0d
0c0c
0c0c
0c0b
0c0a
0c0a
0c09
0c08
0c07
0c07
0c06
0c05
0c04
0c04
0c03
0c02
0c02
0c01
0c00
0bff
0bff
0bfe
0bfd
0bfc
0bfc
0bfb
0bfa
0bfa
0bf9
0bf8
0bf7
0bf7
0bf6
0bf5
0bf4
0bf4
0bf3
0bf2
0bf1
0bf1
0bf0
0bef
0bef
0bee
0bed
0bec
0bec
0beb
0bea
0be9
0be9
0be8
0be7
0be7
0be6
0be5
0be4
0be4
0be3
0be2
0be1
0be1
0be0
0bdf
0bdf
0bde
0bdd
0bdc
0bdc
0bdb
0bda
0bd9
0bd9
0bd8
0bd7
0bd7
0bd6
0bd5
0bd4
0bd4
0bd3
0bd2
0bd1
0bd1
0bd0
0bcf
0bce
0bce
0bcd
0bcc
0bcc
0bcb
0bca
0bc9
0bc9
0bc8
0bc7
0bc6
0bc6
0bc5
0bc4
0bc4
0bc3
0bc2
0bc1
0bc1
0bc0
0bbf
0bbe
0bbe
0bbd
0bbc
0bbc
0bbb
0bba
0bb9
0bb9
0bb8
0bb7
0bb6
0bb6
0bb5
0bb4
0bb3
0bb3
0bb2
0bb1
0bb1
0bb0
0baf
0bae
0bae
0bad
0bac
0bab
0bab
0baa
0ba9
0ba9
0ba8
0ba7
0ba6
0ba6
0ba5
0ba4
0ba3
0ba3
0ba2
0ba1
0ba0
0ba0
0b9f
0b9e
0b9e
0b9d
0b9c
0b9b
0b9b
0b9a
0b99
0b98
0b98
0b97
0b96
0b95
0b95
0b94
0b93
0b93
0b92
0b91
0b90
0b90
0b8f
0b8e
0b8d
0b8d
0b8c
0b8b
0b8a
0b8a
0b89
0b88
0b88
0b87
0b86
0b85
0b85
0b84
0b83
0b82
0b82
0b81
0b80
0b80
0b7f
0b7e
0b7d
0b7d
0b7c
0b7b
0b7a
0b7a
0b79
0b78
0b77
0b77
0b76
0b75
0b75
0b74
0b73
0b72
0b72
0b71
0b70
0b6f
0b6f
0b6e
0b6d
0b6c
0b6c
0b6b
0b6a
0b6a
0b69
0b68
0b67
0b67
0b66
0b65
0b64
0b64
0b63
0b62
0b61
0b61
0b60
0b5f
0b5e
0b5e
0b5d
0b5c
0b5c
0b5b
0b5a
0b59
0b59
0b58
0b57
0b56
0b56
0b55
0b54
0b53
0b53
0b52
0b51
0b51
0b50
0b4f
0b4e
0b4e
0b4d
0b4c
0b4b
0b4b
0b4a
0b49
0b48
0b48
0b47
0b46
0b46
0b45
0b44
0b43
0b43
0b42
0b41
0b40
0b40
0b3f
0b3e
0b3d
0b3d
0b3c
0b3b
0b3a
0b3a
0b39
0b38
0b38
0b37
0b36
0b35
0b35
0b34
0b33
0b32
0b32
0b31
0b30
0b2f
0b2f
0b2e
0b2d
0b2d
0b2c
0b2b
0b2a
0b2a
0b29
0b28
0b27
0b27
0b26
0b25
0b24
0b24
0b23
0b22
0b21
0b21
0b20
0b1f
0b1f
0b1e
0b1d
0b1c
0b1c
0b1b
0b1a
0b19
0b19
0b18
0b17
0b16
0b16
0b15
0b14
0b13
0b13
0b12
0b11
0b11
0b10
0b0f
0b0e
0b0e
0b0d
0b0c
0b0b
0b0b
0b0a
0b09
0b08
0b08
0b07
0b06
0b05
0b05
0b04
0b03
0b03
0b02
0b01
0b00
0b00
0aff
0afe
0afd
0afd
0afc
0afb
0afa
0afa
0af9
0af8
0af7
0af7
0af6
0af5
0af5
0af4
0af3
0af2
0af2
0af1
0af0
0aef
0aef
0aee
0aed
0aec
0aec
0aeb
0aea
0ae9
0ae9
0ae8
0ae7
0ae6
0ae6
0ae5
0ae4
0ae4
0ae3
0ae2
0ae1
0ae1
0ae0
0adf
0ade
0ade
0add
0adc
0adb
0adb
0ada
0ad9
0ad8
0ad8
0ad7
0ad6
0ad6
0ad5
0ad4
0ad3
0ad3
0ad2
0ad1
0ad0
0ad0
0acf
0ace
0acd
0acd
0acc
0acb
0aca
0aca
0ac9
0ac8
0ac7
0ac7
0ac6
0ac5
0ac5
0ac4
0ac3
0ac2
0ac2
0ac1
0ac0
0abf
0abf
0abe
0abd
0abc
0abc
0abb
0aba
0ab9
0ab9
0ab8
0ab7
0ab6
0ab6
0ab5
0ab4
0ab3
0ab3
0ab2
0ab1
0ab1
0ab0
0aaf
0aae
0aae
0aad
0aac
0aab
0aab
0aaa
0aa9
0aa8
0aa8
0aa7
0aa6
0aa5
0aa5
0aa4
0aa3
0aa2
0aa2
0aa1
0aa0
0aa0
0a9f
0a9e
0a9d
0a9d
0a9c
0a9b
0a9a
0a9a
0a99
0a98
0a97
0a97
0a96
0a95
0a94
0a94
0a93
0a92
0a91
0a91
0a90
0a8f
0a8e
0a8e
0a8d
0a8c
0a8b
0a8b
0a8a
0a89
0a89
0a88
0a87
0a86
0a86
0a85
0a84
0a83
0a83
0a82
0a81
0a80
0a80
0a7f
0a7e
0a7d
0a7d
0a7c
0a7b
0a7a
0a7a
0a79
0a78
0a77
0a77
0a76
0a75
0a74
0a74
0a73
0a72
0a72
0a71
0a70
0a6f
0a6f
0a6e
0a6d
0a6c
0a6c
0a6b
0a6a
0a69
0a69
0a68
0a67
0a66
0a66
0a65
0a64
0a63
0a63
0a62
0a61
0a60
0a60
0a5f
0a5e
0a5d
0a5d
0a5c
0a5b
0a5b
0a5a
0a59
0a58
0a58
0a57
0a56
0a55
0a55
0a54
0a53
0a52
0a52
0a51
0a50
0a4f
0a4f
0a4e
0a4d
0a4c
0a4c
0a4b
0a4a
0a49
0a49
0a48
0a47
0a46
0a46
0a45
0a44
0a43
0a43
0a42
0a41
0a40
0a40
0a3f
0a3e
0a3e
0a3d
0a3c
0a3b
0a3b
0a3a
0a39
0a38
0a38
0a37
0a36
0a35
0a35
0a34
0a33
0a32
0a32
0a31
0a30
0a2f
0a2f
0a2e
0a2d
0a2c
0a2c
0a2b
0a2a
0a29
0a29
0a28
0a27
0a26
0a26
0a25
0a24
0a23
0a23
0a22
0a21
0a20
0a20
0a1f
0a1e
0a1d
0a1d
0a1c
0a1b
0a1b
0a1a
0a19
0a18
0a18
0a17
0a16
0a15
0a15
0a14
0a13
0a12
0a12
0a11
0a10
0a0f
0a0f
0a0e
0a0d
0a0c
0a0c
0a0b
0a0a
0a09
0a09
0a08
0a07
0a06
0a06
0a05
0a04
0a03
0a03
0a02
0a01
0a00
0a00
09ff
09fe
09fd
09fd
09fc
09fb
09fa
09fa
09f9
09f8
09f7
09f7
09f6
09f5
09f4
09f4
09f3
09f2
09f1
09f1
09f0
09ef
09ef
09ee
09ed
09ec
09ec
09eb
09ea
09e9
09e9
09e8
09e7
09e6
09e6
09e5
09e4
09e3
09e3
09e2
09e1
09e0
09e0
09df
09de
09dd
09dd
09dc
09db
09da
09da
09d9
09d8
09d7
09d7
09d6
09d5
09d4
09d4
09d3
09d2
09d1
09d1
09d0
09cf
09ce
09ce
09cd
09cc
09cb
09cb
09ca
09c9
09c8
09c8
09c7
09c6
09c5
09c5
09c4
09c3
09c2
09c2
09c1
09c0
09bf
09bf
09be
09bd
09bc
09bc
09bb
09ba
09b9
09b9
09b8
09b7
09b6
09b6
09b5
09b4
09b3
09b3
09b2
09b1
09b0
09b0
09af
09ae
09ad
09ad
09ac
09ab
09aa
09aa
09a9
09a8
09a7
09a7
09a6
09a5
09a4
09a4
09a3
09a2
09a1
09a1
09a0
099f
099e
099e
099d
099c
099c
099b
099a
0999
0999
0998
0997
0996
0996
0995
0994
0993
0993
0992
0991
0990
0990
098f
098e
098d
098d
098c
098b
098a
098a
0989
0988
0987
0987
0986
0985
0984
0984
0983
0982
0981
0981
0980
097f
097e
097e
097d
097c
097b
097b
097a
0979
0978
0978
0977
0976
0975
0975
0974
0973
0972
0972
0971
0970
096f
096f
096e
096d
096c
096c
096b
096a
0969
0969
0968
0967
0966
0966
0965
0964
0963
0963
0962
0961
0960
0960
095f
095e
095d
095d
095c
095b
095a
0959
0959
0958
0957
0956
0956
0955
0954
0953
0953
0952
0951
0950
0950
094f
094e
094d
094d
094c
094b
094a
094a
0949
0948
0947
0947
0946
0945
0944
0944
0943
0942
0941
0941
0940
093f
093e
093e
093d
093c
093b
093b
093a
0939
0938
0938
0937
0936
0935
0935
0934
0933
0932
0932
0931
0930
092f
092f
092e
092d
092c
092c
092b
092a
0929
0929
0928
0927
0926
0926
0925
0924
0923
0923
0922
0921
0920
0920
091f
091e
091d
091d
091c
091b
091a
091a
0919
0918
0917
0917
0916
0915
0914
0914
0913
0912
0911
0911
0910
090f
090e
090e
090d
090c
090b
090b
090a
0909
0908
0908
0907
0906
0905
0904
0904
0903
0902
0901
0901
0900
08ff
08fe
08fe
08fd
08fc
08fb
08fb
08fa
08f9
08f8
08f8
08f7
08f6
08f5
08f5
08f4
08f3
08f2
08f2
08f1
08f0
08ef
08ef
08ee
08ed
08ec
08ec
08eb
08ea
08e9
08e9
08e8
08e7
08e6
08e6
08e5
08e4
08e3
08e3
08e2
08e1
08e0
08e0
08df
08de
08dd
08dd
08dc
08db
08da
08da
08d9
08d8
08d7
08d6
08d6
08d5
08d4
08d3
08d3
08d2
08d1
08d0
08d0
08cf
08ce
08cd
08cd
08cc
08cb
08ca
08ca
08c9
08c8
08c7
08c7
08c6
08c5
08c4
08c4
08c3
08c2
08c1
08c1
08c0
08bf
08be
08be
08bd
08bc
08bb
08bb
08ba
08b9
08b8
08b8
08b7
08b6
08b5
08b5
08b4
08b3
08b2
08b1
08b1
08b0
08af
08ae
08ae
08ad
08ac
08ab
08ab
08aa
08a9
08a8
08a8
08a7
08a6
08a5
08a5
08a4
08a3
08a2
08a2
08a1
08a0
089f
089f
089e
089d
089c
089c
089b
089a
0899
0899
0898
0897
0896
0896
0895
0894
0893
0892
0892
0891
0890
088f
088f
088e
088d
088c
088c
088b
088a
0889
0889
0888
0887
0886
0886
0885
0884
0883
0883
0882
0881
0880
0880
087f
087e
087d
087d
087c
087b
087a
087a
0879
0878
0877
0876
0876
0875
0874
0873
0873
0872
0871
0870
0870
086f
086e
086d
086d
086c
086b
086a
086a
0869
0868
0867
0867
0866
0865
0864
0864
0863
0862
0861
0861
0860
085f
085e
085d
085d
085c
085b
085a
085a
0859
0858
0857
0857
0856
0855
0854
0854
0853
0852
0851
0851
0850
084f
084e
084e
084d
084c
084b
084b
084a
0849
0848
0847
0847
0846
0845
0844
0844
0843
0842
0841
0841
0840
083f
083e
083e
083d
083c
083b
083b
083a
0839
0838
0838
0837
0836
0835
0835
0834
0833
0832
0831
0831
0830
082f
082e
082e
082d
082c
082b
082b
082a
0829
0828
0828
0827
0826
0825
0825
0824
0823
0822
0822
0821
0820
081f
081e
081e
081d
081c
081b
081b
081a
0819
0818
0818
0817
0816
0815
0815
0814
0813
0812
0812
0811
0810
080f
080f
080e
080d
080c
080b
080b
080a
0809
0808
0808
0807
0806
0805
0805
0804
0803
0802
0802
0801
0800
07ff
07ff
07fe
07fd
07fc
07fc
07fb
07fa
07f9
07f8
07f8
07f7
07f6
07f5
07f5
07f4
07f3
07f2
07f2
07f1
07f0
07ef
07ef
07ee
07ed
07ec
07ec
07eb
07ea
07e9
07e9
07e8
07e7
07e6
07e5
07e5
07e4
07e3
07e2
07e2
07e1
07e0
07df
07df
07de
07dd
07dc
07dc
07db
07da
07d9
07d9
07d8
07d7
07d6
07d5
07d5
07d4
07d3
07d2
07d2
07d1
07d0
07cf
07cf
07ce
07cd
07cc
07cc
07cb
07ca
07c9
07c9
07c8
07c7
07c6
07c5
07c5
07c4
07c3
07c2
07c2
07c1
07c0
07bf
07bf
07be
07bd
07bc
07bc
07bb
07ba
07b9
07b9
07b8
07b7
07b6
07b5
07b5
07b4
07b3
07b2
07b2
07b1
07b0
07af
07af
07ae
07ad
07ac
07ac
07ab
07aa
07a9
07a9
07a8
07a7
07a6
07a5
07a5
07a4
07a3
07a2
07a2
07a1
07a0
079f
079f
079e
079d
079c
079c
079b
079a
0799
0799
0798
0797
0796
0795
0795
0794
0793
0792
0792
0791
0790
078f
078f
078e
078d
078c
078c
078b
078a
0789
0788
0788
0787
0786
0785
0785
0784
0783
0782
0782
0781
0780
077f
077f
077e
077d
077c
077c
077b
077a
0779
0778
0778
0777
0776
0775
0775
0774
0773
0772
0772
0771
0770
076f
076f
076e
076d
076c
076b
076b
076a
0769
0768
0768
0767
0766
0765
0765
0764
0763
0762
0762
0761
0760
075f
075e
075e
075d
075c
075b
075b
075a
0759
0758
0758
0757
0756
0755
0755
0754
0753
0752
0751
0751
0750
074f
074e
074e
074d
074c
074b
074b
074a
0749
0748
0748
0747
0746
0745
0744
0744
0743
0742
0741
0741
0740
073f
073e
073e
073d
073c
073b
073b
073a
0739
0738
0737
0737
0736
0735
0734
0734
0733
0732
0731
0731
0730
072f
072e
072e
072d
072c
072b
072a
072a
0729
0728
0727
0727
0726
0725
0724
0724
0723
0722
0721
0721
0720
071f
071e
071d
071d
071c
071b
071a
071a
0719
0718
0717
0717
0716
0715
0714
0714
0713
0712
0711
0710
0710
070f
070e
070d
070d
070c
070b
070a
070a
0709
0708
0707
0706
0706
0705
0704
0703
0703
0702
0701
0700
0700
06ff
06fe
06fd
06fd
06fc
06fb
06fa
06f9
06f9
06f8
06f7
06f6
06f6
06f5
06f4
06f3
06f3
06f2
06f1
06f0
06ef
06ef
06ee
06ed
06ec
06ec
06eb
06ea
06e9
06e9
06e8
06e7
06e6
06e6
06e5
06e4
06e3
06e2
06e2
06e1
06e0
06df
06df
06de
06dd
06dc
06dc
06db
06da
06d9
06d8
06d8
06d7
06d6
06d5
06d5
06d4
06d3
06d2
06d2
06d1
06d0
06cf
06cf
06ce
06cd
06cc
06cb
06cb
06ca
06c9
06c8
06c8
06c7
06c6
06c5
06c5
06c4
06c3
06c2
06c1
06c1
06c0
06bf
06be
06be
06bd
06bc
06bb
06bb
06ba
06b9
06b8
06b7
06b7
06b6
06b5
06b4
06b4
06b3
06b2
06b1
06b1
06b0
06af
06ae
06ae
06ad
06ac
06ab
06aa
06aa
06a9
06a8
06a7
06a7
06a6
06a5
06a4
06a4
06a3
06a2
06a1
06a0
06a0
069f
069e
069d
069d
069c
069b
069a
069a
0699
0698
0697
0696
0696
0695
0694
0693
0693
0692
0691
0690
0690
068f
068e
068d
068c
068c
068b
068a
0689
0689
0688
0687
0686
0686
0685
0684
0683
0682
0682
0681
0680
067f
067f
067e
067d
067c
067c
067b
067a
0679
0678
0678
0677
0676
0675
0675
0674
0673
0672
0672
0671
0670
066f
066e
066e
066d
066c
066b
066b
066a
0669
0668
0668
0667
0666
0665
0664
0664
0663
0662
0661
0661
0660
065f
065e
065e
065d
065c
065b
065a
065a
0659
0658
0657
0657
0656
0655
0654
0654
0653
0652
0651
0650
0650
064f
064e
064d
064d
064c
064b
064a
064a
0649
0648
0647
0646
0646
0645
0644
0643
0643
0642
0641
0640
0640
063f
063e
063d
063c
063c
063b
063a
0639
0639
0638
0637
0636
0636
0635
0634
0633
0632
0632
0631
0630
062f
062f
062e
062d
062c
062b
062b
062a
0629
0628
0628
0627
0626
0625
0625
0624
0623
0622
0621
0621
0620
061f
061e
061e
061d
061c
061b
061b
061a
0619
0618
0617
0617
0616
0615
0614
0614
0613
0612
0611
0611
0610
060f
060e
060d
060d
060c
060b
060a
060a
0609
0608
0607
0606
0606
0605
0604
0603
0603
0602
0601
0600
0600
05ff
05fe
05fd
05fc
05fc
05fb
05fa
05f9
05f9
05f8
05f7
05f6
05f6
05f5
05f4
05f3
05f2
05f2
05f1
05f0
05ef
05ef
05ee
05ed
05ec
05eb
05eb
05ea
05e9
05e8
05e8
05e7
05e6
05e5
05e5
05e4
05e3
05e2
05e1
05e1
05e0
05df
05de
05de
05dd
05dc
05db
05db
05da
05d9
05d8
05d7
05d7
05d6
05d5
05d4
05d4
05d3
05d2
05d1
05d0
05d0
05cf
05ce
05cd
05cd
05cc
05cb
05ca
05ca
05c9
05c8
05c7
05c6
05c6
05c5
05c4
05c3
05c3
05c2
05c1
05c0
05bf
05bf
05be
05bd
05bc
05bc
05bb
05ba
05b9
05b9
05b8
05b7
05b6
05b5
05b5
05b4
05b3
05b2
05b2
05b1
05b0
05af
05ae
05ae
05ad
05ac
05ab
05ab
05aa
05a9
05a8
05a8
05a7
05a6
05a5
05a4
05a4
05a3
05a2
05a1
05a1
05a0
059f
059e
059d
059d
059c
059b
059a
059a
0599
0598
0597
0597
0596
0595
0594
0593
0593
0592
0591
0590
0590
058f
058e
058d
058c
058c
058b
058a
0589
0589
0588
0587
0586
0586
0585
0584
0583
0582
0582
0581
0580
057f
057f
057e
057d
057c
057b
057b
057a
0579
0578
0578
0577
0576
0575
0574
0574
0573
0572
0571
0571
0570
056f
056e
056e
056d
056c
056b
056a
056a
0569
0568
0567
0567
0566
0565
0564
0563
0563
0562
0561
0560
0560
055f
055e
055d
055c
055c
055b
055a
0559
0559
0558
0557
0556
0556
0555
0554
0553
0552
0552
0551
0550
054f
054f
054e
054d
054c
054b
054b
054a
0549
0548
0548
0547
0546
0545
0544
0544
0543
0542
0541
0541
0540
053f
053e
053e
053d
053c
053b
053a
053a
0539
0538
0537
0537
0536
0535
0534
0533
0533
0532
0531
0530
0530
052f
052e
052d
052c
052c
052b
052a
0529
0529
0528
0527
0526
0525
0525
0524
0523
0522
0522
0521
0520
051f
051f
051e
051d
051c
051b
051b
051a
0519
0518
0518
0517
0516
0515
0514
0514
0513
0512
0511
0511
0510
050f
050e
050d
050d
050c
050b
050a
050a
0509
0508
0507
0506
0506
0505
0504
0503
0503
0502
0501
0500
04ff
04ff
04fe
04fd
04fc
04fc
04fb
04fa
04f9
04f9
04f8
04f7
04f6
04f5
04f5
04f4
04f3
04f2
04f2
04f1
04f0
04ef
04ee
04ee
04ed
04ec
04eb
04eb
04ea
04e9
04e8
04e7
04e7
04e6
04e5
04e4
04e4
04e3
04e2
04e1
04e0
04e0
04df
04de
04dd
04dd
04dc
04db
04da
04d9
04d9
04d8
04d7
04d6
04d6
04d5
04d4
04d3
04d2
04d2
04d1
04d0
04cf
04cf
04ce
04cd
04cc
04cb
04cb
04ca
04c9
04c8
04c8
04c7
04c6
04c5
04c5
04c4
04c3
04c2
04c1
04c1
04c0
04bf
04be
04be
04bd
04bc
04bb
04ba
04ba
04b9
04b8
04b7
04b7
04b6
04b5
04b4
04b3
04b3
04b2
04b1
04b0
04b0
04af
04ae
04ad
04ac
04ac
04ab
04aa
04a9
04a9
04a8
04a7
04a6
04a5
04a5
04a4
04a3
04a2
04a2
04a1
04a0
049f
049e
049e
049d
049c
049b
049b
049a
0499
0498
0497
0497
0496
0495
0494
0494
0493
0492
0491
0490
0490
048f
048e
048d
048d
048c
048b
048a
0489
0489
0488
0487
0486
0486
0485
0484
0483
0482
0482
0481
0480
047f
047f
047e
047d
047c
047b
047b
047a
0479
0478
0478
0477
0476
0475
0474
0474
0473
0472
0471
0471
0470
046f
046e
046d
046d
046c
046b
046a
046a
0469
0468
0467
0466
0466
0465
0464
0463
0463
0462
0461
0460
045f
045f
045e
045d
045c
045c
045b
045a
0459
0458
0458
0457
0456
0455
0455
0454
0453
0452
0451
0451
0450
044f
044e
044e
044d
044c
044b
044a
044a
0449
0448
0447
0447
0446
0445
0444
0443
0443
0442
0441
0440
0440
043f
043e
043d
043c
043c
043b
043a
0439
0439
0438
0437
0436
0435
0435
0434
0433
0432
0432
0431
0430
042f
042e
042e
042d
042c
042b
042b
042a
0429
0428
0427
0427
0426
0425
0424
0424
0423
0422
0421
0420
0420
041f
041e
041d
041d
041c
041b
041a
0419
0419
0418
0417
0416
0416
0415
0414
0413
0412
0412
0411
0410
040f
040f
040e
040d
040c
040b
040b
040a
0409
0408
0407
0407
0406
0405
0404
0404
0403
0402
0401
0400
0400
03ff
03fe
03fd
03fd
03fc
03fb
03fa
03f9
03f9
03f8
03f7
03f6
03f6
03f5
03f4
03f3
03f2
03f2
03f1
03f0
03ef
03ef
03ee
03ed
03ec
03eb
03eb
03ea
03e9
03e8
03e8
03e7
03e6
03e5
03e4
03e4
03e3
03e2
03e1
03e1
03e0
03df
03de
03dd
03dd
03dc
03db
03da
03da
03d9
03d8
03d7
03d6
03d6
03d5
03d4
03d3
03d3
03d2
03d1
03d0
03cf
03cf
03ce
03cd
03cc
03cb
03cb
03ca
03c9
03c8
03c8
03c7
03c6
03c5
03c4
03c4
03c3
03c2
03c1
03c1
03c0
03bf
03be
03bd
03bd
03bc
03bb
03ba
03ba
03b9
03b8
03b7
03b6
03b6
03b5
03b4
03b3
03b3
03b2
03b1
03b0
03af
03af
03ae
03ad
03ac
03ac
03ab
03aa
03a9
03a8
03a8
03a7
03a6
03a5
03a4
03a4
03a3
03a2
03a1
03a1
03a0
039f
039e
039d
039d
039c
039b
039a
039a
0399
0398
0397
0396
0396
0395
0394
0393
0393
0392
0391
0390
038f
038f
038e
038d
038c
038c
038b
038a
0389
0388
0388
0387
0386
0385
0384
0384
0383
0382
0381
0381
0380
037f
037e
037d
037d
037c
037b
037a
037a
0379
0378
0377
0376
0376
0375
0374
0373
0373
0372
0371
0370
036f
036f
036e
036d
036c
036c
036b
036a
0369
0368
0368
0367
0366
0365
0364
0364
0363
0362
0361
0361
0360
035f
035e
035d
035d
035c
035b
035a
035a
0359
0358
0357
0356
0356
0355
0354
0353
0353
0352
0351
0350
034f
034f
034e
034d
034c
034b
034b
034a
0349
0348
0348
0347
0346
0345
0344
0344
0343
0342
0341
0341
0340
033f
033e
033d
033d
033c
033b
033a
033a
0339
0338
0337
0336
0336
0335
0334
0333
0332
0332
0331
0330
032f
032f
032e
032d
032c
032b
032b
032a
0329
0328
0328
0327
0326
0325
0324
0324
0323
0322
0321
0321
0320
031f
031e
031d
031d
031c
031b
031a
0319
0319
0318
0317
0316
0316
0315
0314
0313
0312
0312
0311
0310
030f
030f
030e
030d
030c
030b
030b
030a
0309
0308
0308
0307
0306
0305
0304
0304
0303
0302
0301
0300
0300
02ff
02fe
02fd
02fd
02fc
02fb
02fa
02f9
02f9
02f8
02f7
02f6
02f6
02f5
02f4
02f3
02f2
02f2
02f1
02f0
02ef
02ee
02ee
02ed
02ec
02eb
02eb
02ea
02e9
02e8
02e7
02e7
02e6
02e5
02e4
02e4
02e3
02e2
02e1
02e0
02e0
02df
02de
02dd
02dc
02dc
02db
02da
02d9
02d9
02d8
02d7
02d6
02d5
02d5
02d4
02d3
02d2
02d2
02d1
02d0
02cf
02ce
02ce
02cd
02cc
02cb
02cb
02ca
02c9
02c8
02c7
02c7
02c6
02c5
02c4
02c3
02c3
02c2
02c1
02c0
02c0
02bf
02be
02bd
02bc
02bc
02bb
02ba
02b9
02b9
02b8
02b7
02b6
02b5
02b5
02b4
02b3
02b2
02b1
02b1
02b0
02af
02ae
02ae
02ad
02ac
02ab
02aa
02aa
02a9
02a8
02a7
02a7
02a6
02a5
02a4
02a3
02a3
02a2
02a1
02a0
029f
029f
029e
029d
029c
029c
029b
029a
0299
0298
0298
0297
0296
0295
0295
0294
0293
0292
0291
0291
0290
028f
028e
028d
028d
028c
028b
028a
028a
0289
0288
0287
0286
0286
0285
0284
0283
0283
0282
0281
0280
027f
027f
027e
027d
027c
027b
027b
027a
0279
0278
0278
0277
0276
0275
0274
0274
0273
0272
0271
0270
0270
026f
026e
026d
026d
026c
026b
026a
0269
0269
0268
0267
0266
0266
0265
0264
0263
0262
0262
0261
0260
025f
025e
025e
025d
025c
025b
025b
025a
0259
0258
0257
0257
0256
0255
0254
0254
0253
0252
0251
0250
0250
024f
024e
024d
024c
024c
024b
024a
0249
0249
0248
0247
0246
0245
0245
0244
0243
0242
0242
0241
0240
023f
023e
023e
023d
023c
023b
023a
023a
0239
0238
0237
0237
0236
0235
0234
0233
0233
0232
0231
0230
022f
022f
022e
022d
022c
022c
022b
022a
0229
0228
0228
0227
0226
0225
0225
0224
0223
0222
0221
0221
0220
021f
021e
021d
021d
021c
021b
021a
021a
0219
0218
0217
0216
0216
0215
0214
0213
0212
0212
0211
0210
020f
020f
020e
020d
020c
020b
020b
020a
0209
0208
0208
0207
0206
0205
0204
0204
0203
0202
0201
0200
0200
01ff
01fe
01fd
01fd
01fc
01fb
01fa
01f9
01f9
01f8
01f7
01f6
01f5
01f5
01f4
01f3
01f2
01f2
01f1
01f0
01ef
01ee
01ee
01ed
01ec
01eb
01eb
01ea
01e9
01e8
01e7
01e7
01e6
01e5
01e4
01e3
01e3
01e2
01e1
01e0
01e0
01df
01de
01dd
01dc
01dc
01db
01da
01d9
01d8
01d8
01d7
01d6
01d5
01d5
01d4
01d3
01d2
01d1
01d1
01d0
01cf
01ce
01ce
01cd
01cc
01cb
01ca
01ca
01c9
01c8
01c7
01c6
01c6
01c5
01c4
01c3
01c3
01c2
01c1
01c0
01bf
01bf
01be
01bd
01bc
01bb
01bb
01ba
01b9
01b8
01b8
01b7
01b6
01b5
01b4
01b4
01b3
01b2
01b1
01b1
01b0
01af
01ae
01ad
01ad
01ac
01ab
01aa
01a9
01a9
01a8
01a7
01a6
01a6
01a5
01a4
01a3
01a2
01a2
01a1
01a0
019f
019e
019e
019d
019c
019b
019b
019a
0199
0198
0197
0197
0196
0195
0194
0193
0193
0192
0191
0190
0190
018f
018e
018d
018c
018c
018b
018a
0189
0189
0188
0187
0186
0185
0185
0184
0183
0182
0181
0181
0180
017f
017e
017e
017d
017c
017b
017a
017a
0179
0178
0177
0176
0176
0175
0174
0173
0173
0172
0171
0170
016f
016f
016e
016d
016c
016b
016b
016a
0169
0168
0168
0167
0166
0165
0164
0164
0163
0162
0161
0160
0160
015f
015e
015d
015d
015c
015b
015a
0159
0159
0158
0157
0156
0156
0155
0154
0153
0152
0152
0151
0150
014f
014e
014e
014d
014c
014b
014b
014a
0149
0148
0147
0147
0146
0145
0144
0143
0143
0142
0141
0140
0140
013f
013e
013d
013c
013c
013b
013a
0139
0138
0138
0137
0136
0135
0135
0134
0133
0132
0131
0131
0130
012f
012e
012d
012d
012c
012b
012a
012a
0129
0128
0127
0126
0126
0125
0124
0123
0123
0122
0121
0120
011f
011f
011e
011d
011c
011b
011b
011a
0119
0118
0118
0117
0116
0115
0114
0114
0113
0112
0111
0110
0110
010f
010e
010d
010d
010c
010b
010a
0109
0109
0108
0107
0106
0105
0105
0104
0103
0102
0102
0101
0100
00ff
00fe
00fe
00fd
00fc
00fb
00fa
00fa
00f9
00f8
00f7
00f7
00f6
00f5
00f4
00f3
00f3
00f2
00f1
00f0
00ef
00ef
00ee
00ed
00ec
00ec
00eb
00ea
00e9
00e8
00e8
00e7
00e6
00e5
00e4
00e4
00e3
00e2
00e1
00e1
00e0
00df
00de
00dd
00dd
00dc
00db
00da
00da
00d9
00d8
00d7
00d6
00d6
00d5
00d4
00d3
00d2
00d2
00d1
00d0
00cf
00cf
00ce
00cd
00cc
00cb
00cb
00ca
00c9
00c8
00c7
00c7
00c6
00c5
00c4
00c4
00c3
00c2
00c1
00c0
00c0
00bf
00be
00bd
00bc
00bc
00bb
00ba
00b9
00b9
00b8
00b7
00b6
00b5
00b5
00b4
00b3
00b2
00b1
00b1
00b0
00af
00ae
00ae
00ad
00ac
00ab
00aa
00aa
00a9
00a8
00a7
00a6
00a6
00a5
00a4
00a3
00a3
00a2
00a1
00a0
009f
009f
009e
009d
009c
009b
009b
009a
0099
0098
0098
0097
0096
0095
0094
0094
0093
0092
0091
0090
0090
008f
008e
008d
008d
008c
008b
008a
0089
0089
0088
0087
0086
0085
0085
0084
0083
0082
0082
0081
0080
007f
007e
007e
007d
007c
007b
007b
007a
0079
0078
0077
0077
0076
0075
0074
0073
0073
0072
0071
0070
0070
006f
006e
006d
006c
006c
006b
006a
0069
0068
0068
0067
0066
0065
0065
0064
0063
0062
0061
0061
0060
005f
005e
005d
005d
005c
005b
005a
005a
0059
0058
0057
0056
0056
0055
0054
0053
0052
0052
0051
0050
004f
004f
004e
004d
004c
004b
004b
004a
0049
0048
0047
0047
0046
0045
0044
0044
0043
0042
0041
0040
0040
003f
003e
003d
003c
003c
003b
003a
0039
0039
0038
0037
0036
0035
0035
0034
0033
0032
0031
0031
0030
002f
002e
002e
002d
002c
002b
002a
002a
0029
0028
0027
0026
0026
0025
0024
0023
0023
0022
0021
0020
001f
001f
001e
001d
001c
001b
001b
001a
0019
0018
0018
0017
0016
0015
0014
0014
0013
0012
0011
0010
0010
000f
000e
000d
000d
000c
000b
000a
0009
0009
0008
0007
0006
0005
0005
0004
0003
0002
0002
0001
0000
3fff
3ffe
3ffe
3ffd
3ffc
3ffb
3ffb
3ffa
3ff9
3ff8
3ff7
3ff7
3ff6
3ff5
3ff4
3ff3
3ff3
3ff2
3ff1
3ff0
3ff0
3fef
3fee
3fed
3fec
3fec
3feb
3fea
3fe9
3fe8
3fe8
3fe7
3fe6
3fe5
3fe5
3fe4
3fe3
3fe2
3fe1
3fe1
3fe0
3fdf
3fde
3fdd
3fdd
3fdc
3fdb
3fda
3fda
3fd9
3fd8
3fd7
3fd6
3fd6
3fd5
3fd4
3fd3
3fd2
3fd2
3fd1
3fd0
3fcf
3fcf
3fce
3fcd
3fcc
3fcb
3fcb
3fca
3fc9
3fc8
3fc7
3fc7
3fc6
3fc5
3fc4
3fc4
3fc3
3fc2
3fc1
3fc0
3fc0
3fbf
3fbe
3fbd
3fbc
3fbc
3fbb
3fba
3fb9
3fb9
3fb8
3fb7
3fb6
3fb5
3fb5
3fb4
3fb3
3fb2
3fb1
3fb1
3fb0
3faf
3fae
3fae
3fad
3fac
3fab
3faa
3faa
3fa9
3fa8
3fa7
3fa6
3fa6
3fa5
3fa4
3fa3
3fa3
3fa2
3fa1
3fa0
3f9f
3f9f
3f9e
3f9d
3f9c
3f9b
3f9b
3f9a
3f99
3f98
3f98
3f97
3f96
3f95
3f94
3f94
3f93
3f92
3f91
3f90
3f90
3f8f
3f8e
3f8d
3f8d
3f8c
3f8b
3f8a
3f89
3f89
3f88
3f87
3f86
3f85
3f85
3f84
3f83
3f82
3f82
3f81
3f80
3f7f
3f7e
3f7e
3f7d
3f7c
3f7b
3f7b
3f7a
3f79
3f78
3f77
3f77
3f76
3f75
3f74
3f73
3f73
3f72
3f71
3f70
3f70
3f6f
3f6e
3f6d
3f6c
3f6c
3f6b
3f6a
3f69
3f68
3f68
3f67
3f66
3f65
3f65
3f64
3f63
3f62
3f61
3f61
3f60
3f5f
3f5e
3f5d
3f5d
3f5c
3f5b
3f5a
3f5a
3f59
3f58
3f57
3f56
3f56
3f55
3f54
3f53
3f52
3f52
3f51
3f50
3f4f
3f4f
3f4e
3f4d
3f4c
3f4b
3f4b
3f4a
3f49
3f48
3f47
3f47
3f46
3f45
3f44
3f44
3f43
3f42
3f41
3f40
3f40
3f3f
3f3e
3f3d
3f3c
3f3c
3f3b
3f3a
3f39
3f39
3f38
3f37
3f36
3f35
3f35
3f34
3f33
3f32
3f31
3f31
3f30
3f2f
3f2e
3f2e
3f2d
3f2c
3f2b
3f2a
3f2a
3f29
3f28
3f27
3f26
3f26
3f25
3f24
3f23
3f23
3f22
3f21
3f20
3f1f
3f1f
3f1e
3f1d
3f1c
3f1c
3f1b
3f1a
3f19
3f18
3f18
3f17
3f16
3f15
3f14
3f14
3f13
3f12
3f11
3f11
3f10
3f0f
3f0e
3f0d
3f0d
3f0c
3f0b
3f0a
3f09
3f09
3f08
3f07
3f06
3f06
3f05
3f04
3f03
3f02
3f02
3f01
3f00
3eff
3efe
3efe
3efd
3efc
3efb
3efb
3efa
3ef9
3ef8
3ef7
3ef7
3ef6
3ef5
3ef4
3ef3
3ef3
3ef2
3ef1
3ef0
3ef0
3eef
3eee
3eed
3eec
3eec
3eeb
3eea
3ee9
3ee8
3ee8
3ee7
3ee6
3ee5
3ee5
3ee4
3ee3
3ee2
3ee1
3ee1
3ee0
3edf
3ede
3edd
3edd
3edc
3edb
3eda
3eda
3ed9
3ed8
3ed7
3ed6
3ed6
3ed5
3ed4
3ed3
3ed3
3ed2
3ed1
3ed0
3ecf
3ecf
3ece
3ecd
3ecc
3ecb
3ecb
3eca
3ec9
3ec8
3ec8
3ec7
3ec6
3ec5
3ec4
3ec4
3ec3
3ec2
3ec1
3ec0
3ec0
3ebf
3ebe
3ebd
3ebd
3ebc
3ebb
3eba
3eb9
3eb9
3eb8
3eb7
3eb6
3eb5
3eb5
3eb4
3eb3
3eb2
3eb2
3eb1
3eb0
3eaf
3eae
3eae
3ead
3eac
3eab
3eaa
3eaa
3ea9
3ea8
3ea7
3ea7
3ea6
3ea5
3ea4
3ea3
3ea3
3ea2
3ea1
3ea0
3ea0
3e9f
3e9e
3e9d
3e9c
3e9c
3e9b
3e9a
3e99
3e98
3e98
3e97
3e96
3e95
3e95
3e94
3e93
3e92
3e91
3e91
3e90
3e8f
3e8e
3e8d
3e8d
3e8c
3e8b
3e8a
3e8a
3e89
3e88
3e87
3e86
3e86
3e85
3e84
3e83
3e82
3e82
3e81
3e80
3e7f
3e7f
3e7e
3e7d
3e7c
3e7b
3e7b
3e7a
3e79
3e78
3e77
3e77
3e76
3e75
3e74
3e74
3e73
3e72
3e71
3e70
3e70
3e6f
3e6e
3e6d
3e6d
3e6c
3e6b
3e6a
3e69
3e69
3e68
3e67
3e66
3e65
3e65
3e64
3e63
3e62
3e62
3e61
3e60
3e5f
3e5e
3e5e
3e5d
3e5c
3e5b
3e5a
3e5a
3e59
3e58
3e57
3e57
3e56
3e55
3e54
3e53
3e53
3e52
3e51
3e50
3e4f
3e4f
3e4e
3e4d
3e4c
3e4c
3e4b
3e4a
3e49
3e48
3e48
3e47
3e46
3e45
3e45
3e44
3e43
3e42
3e41
3e41
3e40
3e3f
3e3e
3e3d
3e3d
3e3c
3e3b
3e3a
3e3a
3e39
3e38
3e37
3e36
3e36
3e35
3e34
3e33
3e32
3e32
3e31
3e30
3e2f
3e2f
3e2e
3e2d
3e2c
3e2b
3e2b
3e2a
3e29
3e28
3e28
3e27
3e26
3e25
3e24
3e24
3e23
3e22
3e21
3e20
3e20
3e1f
3e1e
3e1d
3e1d
3e1c
3e1b
3e1a
3e19
3e19
3e18
3e17
3e16
3e15
3e15
3e14
3e13
3e12
3e12
3e11
3e10
3e0f
3e0e
3e0e
3e0d
3e0c
3e0b
3e0b
3e0a
3e09
3e08
3e07
3e07
3e06
3e05
3e04
3e03
3e03
3e02
3e01
3e00
3e00
3dff
3dfe
3dfd
3dfc
3dfc
3dfb
3dfa
3df9
3df8
3df8
3df7
3df6
3df5
3df5
3df4
3df3
3df2
3df1
3df1
3df0
3def
3dee
3dee
3ded
3dec
3deb
3dea
3dea
3de9
3de8
3de7
3de6
3de6
3de5
3de4
3de3
3de3
3de2
3de1
3de0
3ddf
3ddf
3dde
3ddd
3ddc
3ddb
3ddb
3dda
3dd9
3dd8
3dd8
3dd7
3dd6
3dd5
3dd4
3dd4
3dd3
3dd2
3dd1
3dd1
3dd0
3dcf
3dce
3dcd
3dcd
3dcc
3dcb
3dca
3dc9
3dc9
3dc8
3dc7
3dc6
3dc6
3dc5
3dc4
3dc3
3dc2
3dc2
3dc1
3dc0
3dbf
3dbe
3dbe
3dbd
3dbc
3dbb
3dbb
3dba
3db9
3db8
3db7
3db7
3db6
3db5
3db4
3db4
3db3
3db2
3db1
3db0
3db0
3daf
3dae
3dad
3dac
3dac
3dab
3daa
3da9
3da9
3da8
3da7
3da6
3da5
3da5
3da4
3da3
3da2
3da2
3da1
3da0
3d9f
3d9e
3d9e
3d9d
3d9c
3d9b
3d9a
3d9a
3d99
3d98
3d97
3d97
3d96
3d95
3d94
3d93
3d93
3d92
3d91
3d90
3d90
3d8f
3d8e
3d8d
3d8c
3d8c
3d8b
3d8a
3d89
3d88
3d88
3d87
3d86
3d85
3d85
3d84
3d83
3d82
3d81
3d81
3d80
3d7f
3d7e
3d7d
3d7d
3d7c
3d7b
3d7a
3d7a
3d79
3d78
3d77
3d76
3d76
3d75
3d74
3d73
3d73
3d72
3d71
3d70
3d6f
3d6f
3d6e
3d6d
3d6c
3d6b
3d6b
3d6a
3d69
3d68
3d68
3d67
3d66
3d65
3d64
3d64
3d63
3d62
3d61
3d61
3d60
3d5f
3d5e
3d5d
3d5d
3d5c
3d5b
3d5a
3d59
3d59
3d58
3d57
3d56
3d56
3d55
3d54
3d53
3d52
3d52
3d51
3d50
3d4f
3d4f
3d4e
3d4d
3d4c
3d4b
3d4b
3d4a
3d49
3d48
3d47
3d47
3d46
3d45
3d44
3d44
3d43
3d42
3d41
3d40
3d40
3d3f
3d3e
3d3d
3d3d
3d3c
3d3b
3d3a
3d39
3d39
3d38
3d37
3d36
3d35
3d35
3d34
3d33
3d32
3d32
3d31
3d30
3d2f
3d2e
3d2e
3d2d
3d2c
3d2b
3d2b
3d2a
3d29
3d28
3d27
3d27
3d26
3d25
3d24
3d24
3d23
3d22
3d21
3d20
3d20
3d1f
3d1e
3d1d
3d1c
3d1c
3d1b
3d1a
3d19
3d19
3d18
3d17
3d16
3d15
3d15
3d14
3d13
3d12
3d12
3d11
3d10
3d0f
3d0e
3d0e
3d0d
3d0c
3d0b
3d0a
3d0a
3d09
3d08
3d07
3d07
3d06
3d05
3d04
3d03
3d03
3d02
3d01
3d00
3d00
3cff
3cfe
3cfd
3cfc
3cfc
3cfb
3cfa
3cf9
3cf8
3cf8
3cf7
3cf6
3cf5
3cf5
3cf4
3cf3
3cf2
3cf1
3cf1
3cf0
3cef
3cee
3cee
3ced
3cec
3ceb
3cea
3cea
3ce9
3ce8
3ce7
3ce7
3ce6
3ce5
3ce4
3ce3
3ce3
3ce2
3ce1
3ce0
3cdf
3cdf
3cde
3cdd
3cdc
3cdc
3cdb
3cda
3cd9
3cd8
3cd8
3cd7
3cd6
3cd5
3cd5
3cd4
3cd3
3cd2
3cd1
3cd1
3cd0
3ccf
3cce
3cce
3ccd
3ccc
3ccb
3cca
3cca
3cc9
3cc8
3cc7
3cc6
3cc6
3cc5
3cc4
3cc3
3cc3
3cc2
3cc1
3cc0
3cbf
3cbf
3cbe
3cbd
3cbc
3cbc
3cbb
3cba
3cb9
3cb8
3cb8
3cb7
3cb6
3cb5
3cb5
3cb4
3cb3
3cb2
3cb1
3cb1
3cb0
3caf
3cae
3cad
3cad
3cac
3cab
3caa
3caa
3ca9
3ca8
3ca7
3ca6
3ca6
3ca5
3ca4
3ca3
3ca3
3ca2
3ca1
3ca0
3c9f
3c9f
3c9e
3c9d
3c9c
3c9c
3c9b
3c9a
3c99
3c98
3c98
3c97
3c96
3c95
3c94
3c94
3c93
3c92
3c91
3c91
3c90
3c8f
3c8e
3c8d
3c8d
3c8c
3c8b
3c8a
3c8a
3c89
3c88
3c87
3c86
3c86
3c85
3c84
3c83
3c83
3c82
3c81
3c80
3c7f
3c7f
3c7e
3c7d
3c7c
3c7c
3c7b
3c7a
3c79
3c78
3c78
3c77
3c76
3c75
3c74
3c74
3c73
3c72
3c71
3c71
3c70
3c6f
3c6e
3c6d
3c6d
3c6c
3c6b
3c6a
3c6a
3c69
3c68
3c67
3c66
3c66
3c65
3c64
3c63
3c63
3c62
3c61
3c60
3c5f
3c5f
3c5e
3c5d
3c5c
3c5c
3c5b
3c5a
3c59
3c58
3c58
3c57
3c56
3c55
3c54
3c54
3c53
3c52
3c51
3c51
3c50
3c4f
3c4e
3c4d
3c4d
3c4c
3c4b
3c4a
3c4a
3c49
3c48
3c47
3c46
3c46
3c45
3c44
3c43
3c43
3c42
3c41
3c40
3c3f
3c3f
3c3e
3c3d
3c3c
3c3c
3c3b
3c3a
3c39
3c38
3c38
3c37
3c36
3c35
3c35
3c34
3c33
3c32
3c31
3c31
3c30
3c2f
3c2e
3c2d
3c2d
3c2c
3c2b
3c2a
3c2a
3c29
3c28
3c27
3c26
3c26
3c25
3c24
3c23
3c23
3c22
3c21
3c20
3c1f
3c1f
3c1e
3c1d
3c1c
3c1c
3c1b
3c1a
3c19
3c18
3c18
3c17
3c16
3c15
3c15
3c14
3c13
3c12
3c11
3c11
3c10
3c0f
3c0e
3c0e
3c0d
3c0c
3c0b
3c0a
3c0a
3c09
3c08
3c07
3c07
3c06
3c05
3c04
3c03
3c03
3c02
3c01
3c00
3c00
3bff
3bfe
3bfd
3bfc
3bfc
3bfb
3bfa
3bf9
3bf9
3bf8
3bf7
3bf6
3bf5
3bf5
3bf4
3bf3
3bf2
3bf1
3bf1
3bf0
3bef
3bee
3bee
3bed
3bec
3beb
3bea
3bea
3be9
3be8
3be7
3be7
3be6
3be5
3be4
3be3
3be3
3be2
3be1
3be0
3be0
3bdf
3bde
3bdd
3bdc
3bdc
3bdb
3bda
3bd9
3bd9
3bd8
3bd7
3bd6
3bd5
3bd5
3bd4
3bd3
3bd2
3bd2
3bd1
3bd0
3bcf
3bce
3bce
3bcd
3bcc
3bcb
3bcb
3bca
3bc9
3bc8
3bc7
3bc7
3bc6
3bc5
3bc4
3bc4
3bc3
3bc2
3bc1
3bc0
3bc0
3bbf
3bbe
3bbd
3bbd
3bbc
3bbb
3bba
3bb9
3bb9
3bb8
3bb7
3bb6
3bb6
3bb5
3bb4
3bb3
3bb2
3bb2
3bb1
3bb0
3baf
3baf
3bae
3bad
3bac
3bab
3bab
3baa
3ba9
3ba8
3ba8
3ba7
3ba6
3ba5
3ba4
3ba4
3ba3
3ba2
3ba1
3ba1
3ba0
3b9f
3b9e
3b9d
3b9d
3b9c
3b9b
3b9a
3b9a
3b99
3b98
3b97
3b96
3b96
3b95
3b94
3b93
3b93
3b92
3b91
3b90
3b8f
3b8f
3b8e
3b8d
3b8c
3b8c
3b8b
3b8a
3b89
3b88
3b88
3b87
3b86
3b85
3b85
3b84
3b83
3b82
3b81
3b81
3b80
3b7f
3b7e
3b7e
3b7d
3b7c
3b7b
3b7a
3b7a
3b79
3b78
3b77
3b77
3b76
3b75
3b74
3b73
3b73
3b72
3b71
3b70
3b70
3b6f
3b6e
3b6d
3b6c
3b6c
3b6b
3b6a
3b69
3b69
3b68
3b67
3b66
3b65
3b65
3b64
3b63
3b62
3b62
3b61
3b60
3b5f
3b5e
3b5e
3b5d
3b5c
3b5b
3b5b
3b5a
3b59
3b58
3b57
3b57
3b56
3b55
3b54
3b54
3b53
3b52
3b51
3b50
3b50
3b4f
3b4e
3b4d
3b4d
3b4c
3b4b
3b4a
3b49
3b49
3b48
3b47
3b46
3b46
3b45
3b44
3b43
3b42
3b42
3b41
3b40
3b3f
3b3f
3b3e
3b3d
3b3c
3b3b
3b3b
3b3a
3b39
3b38
3b38
3b37
3b36
3b35
3b35
3b34
3b33
3b32
3b31
3b31
3b30
3b2f
3b2e
3b2e
3b2d
3b2c
3b2b
3b2a
3b2a
3b29
3b28
3b27
3b27
3b26
3b25
3b24
3b23
3b23
3b22
3b21
3b20
3b20
3b1f
3b1e
3b1d
3b1c
3b1c
3b1b
3b1a
3b19
3b19
3b18
3b17
3b16
3b15
3b15
3b14
3b13
3b12
3b12
3b11
3b10
3b0f
3b0e
3b0e
3b0d
3b0c
3b0b
3b0b
3b0a
3b09
3b08
3b07
3b07
3b06
3b05
3b04
3b04
3b03
3b02
3b01
3b01
3b00
3aff
3afe
3afd
3afd
3afc
3afb
3afa
3afa
3af9
3af8
3af7
3af6
3af6
3af5
3af4
3af3
3af3
3af2
3af1
3af0
3aef
3aef
3aee
3aed
3aec
3aec
3aeb
3aea
3ae9
3ae8
3ae8
3ae7
3ae6
3ae5
3ae5
3ae4
3ae3
3ae2
3ae1
3ae1
3ae0
3adf
3ade
3ade
3add
3adc
3adb
3adb
3ada
3ad9
3ad8
3ad7
3ad7
3ad6
3ad5
3ad4
3ad4
3ad3
3ad2
3ad1
3ad0
3ad0
3acf
3ace
3acd
3acd
3acc
3acb
3aca
3ac9
3ac9
3ac8
3ac7
3ac6
3ac6
3ac5
3ac4
3ac3
3ac2
3ac2
3ac1
3ac0
3abf
3abf
3abe
3abd
3abc
3abc
3abb
3aba
3ab9
3ab8
3ab8
3ab7
3ab6
3ab5
3ab5
3ab4
3ab3
3ab2
3ab1
3ab1
3ab0
3aaf
3aae
3aae
3aad
3aac
3aab
3aaa
3aaa
3aa9
3aa8
3aa7
3aa7
3aa6
3aa5
3aa4
3aa4
3aa3
3aa2
3aa1
3aa0
3aa0
3a9f
3a9e
3a9d
3a9d
3a9c
3a9b
3a9a
3a99
3a99
3a98
3a97
3a96
3a96
3a95
3a94
3a93
3a92
3a92
3a91
3a90
3a8f
3a8f
3a8e
3a8d
3a8c
3a8c
3a8b
3a8a
3a89
3a88
3a88
3a87
3a86
3a85
3a85
3a84
3a83
3a82
3a81
3a81
3a80
3a7f
3a7e
3a7e
3a7d
3a7c
3a7b
3a7a
3a7a
3a79
3a78
3a77
3a77
3a76
3a75
3a74
3a74
3a73
3a72
3a71
3a70
3a70
3a6f
3a6e
3a6d
3a6d
3a6c
3a6b
3a6a
3a69
3a69
3a68
3a67
3a66
3a66
3a65
3a64
3a63
3a63
3a62
3a61
3a60
3a5f
3a5f
3a5e
3a5d
3a5c
3a5c
3a5b
3a5a
3a59
3a58
3a58
3a57
3a56
3a55
3a55
3a54
3a53
3a52
3a52
3a51
3a50
3a4f
3a4e
3a4e
3a4d
3a4c
3a4b
3a4b
3a4a
3a49
3a48
3a47
3a47
3a46
3a45
3a44
3a44
3a43
3a42
3a41
3a41
3a40
3a3f
3a3e
3a3d
3a3d
3a3c
3a3b
3a3a
3a3a
3a39
3a38
3a37
3a36
3a36
3a35
3a34
3a33
3a33
3a32
3a31
3a30
3a30
3a2f
3a2e
3a2d
3a2c
3a2c
3a2b
3a2a
3a29
3a29
3a28
3a27
3a26
3a25
3a25
3a24
3a23
3a22
3a22
3a21
3a20
3a1f
3a1f
3a1e
3a1d
3a1c
3a1b
3a1b
3a1a
3a19
3a18
3a18
3a17
3a16
3a15
3a15
3a14
3a13
3a12
3a11
3a11
3a10
3a0f
3a0e
3a0e
3a0d
3a0c
3a0b
3a0a
3a0a
3a09
3a08
3a07
3a07
3a06
3a05
3a04
3a04
3a03
3a02
3a01
3a00
3a00
39ff
39fe
39fd
39fd
39fc
39fb
39fa
39fa
39f9
39f8
39f7
39f6
39f6
39f5
39f4
39f3
39f3
39f2
39f1
39f0
39ef
39ef
39ee
39ed
39ec
39ec
39eb
39ea
39e9
39e9
39e8
39e7
39e6
39e5
39e5
39e4
39e3
39e2
39e2
39e1
39e0
39df
39df
39de
39dd
39dc
39db
39db
39da
39d9
39d8
39d8
39d7
39d6
39d5
39d5
39d4
39d3
39d2
39d1
39d1
39d0
39cf
39ce
39ce
39cd
39cc
39cb
39ca
39ca
39c9
39c8
39c7
39c7
39c6
39c5
39c4
39c4
39c3
39c2
39c1
39c0
39c0
39bf
39be
39bd
39bd
39bc
39bb
39ba
39ba
39b9
39b8
39b7
39b6
39b6
39b5
39b4
39b3
39b3
39b2
39b1
39b0
39b0
39af
39ae
39ad
39ac
39ac
39ab
39aa
39a9
39a9
39a8
39a7
39a6
39a6
39a5
39a4
39a3
39a2
39a2
39a1
39a0
399f
399f
399e
399d
399c
399c
399b
399a
3999
3998
3998
3997
3996
3995
3995
3994
3993
3992
3992
3991
3990
398f
398e
398e
398d
398c
398b
398b
398a
3989
3988
3988
3987
3986
3985
3984
3984
3983
3982
3981
3981
3980
397f
397e
397e
397d
397c
397b
397a
397a
3979
3978
3977
3977
3976
3975
3974
3974
3973
3972
3971
3970
3970
396f
396e
396d
396d
396c
396b
396a
396a
3969
3968
3967
3966
3966
3965
3964
3963
3963
3962
3961
3960
3960
395f
395e
395d
395c
395c
395b
395a
3959
3959
3958
3957
3956
3956
3955
3954
3953
3952
3952
3951
3950
394f
394f
394e
394d
394c
394c
394b
394a
3949
3949
3948
3947
3946
3945
3945
3944
3943
3942
3942
3941
3940
393f
393f
393e
393d
393c
393b
393b
393a
3939
3938
3938
3937
3936
3935
3935
3934
3933
3932
3931
3931
3930
392f
392e
392e
392d
392c
392b
392b
392a
3929
3928
3928
3927
3926
3925
3924
3924
3923
3922
3921
3921
3920
391f
391e
391e
391d
391c
391b
391a
391a
3919
3918
3917
3917
3916
3915
3914
3914
3913
3912
3911
3911
3910
390f
390e
390d
390d
390c
390b
390a
390a
3909
3908
3907
3907
3906
3905
3904
3903
3903
3902
3901
3900
3900
38ff
38fe
38fd
38fd
38fc
38fb
38fa
38fa
38f9
38f8
38f7
38f6
38f6
38f5
38f4
38f3
38f3
38f2
38f1
38f0
38f0
38ef
38ee
38ed
38ec
38ec
38eb
38ea
38e9
38e9
38e8
38e7
38e6
38e6
38e5
38e4
38e3
38e3
38e2
38e1
38e0
38df
38df
38de
38dd
38dc
38dc
38db
38da
38d9
38d9
38d8
38d7
38d6
38d6
38d5
38d4
38d3
38d2
38d2
38d1
38d0
38cf
38cf
38ce
38cd
38cc
38cc
38cb
38ca
38c9
38c9
38c8
38c7
38c6
38c5
38c5
38c4
38c3
38c2
38c2
38c1
38c0
38bf
38bf
38be
38bd
38bc
38bc
38bb
38ba
38b9
38b8
38b8
38b7
38b6
38b5
38b5
38b4
38b3
38b2
38b2
38b1
38b0
38af
38af
38ae
38ad
38ac
38ab
38ab
38aa
38a9
38a8
38a8
38a7
38a6
38a5
38a5
38a4
38a3
38a2
38a2
38a1
38a0
389f
389e
389e
389d
389c
389b
389b
389a
3899
3898
3898
3897
3896
3895
3895
3894
3893
3892
3891
3891
3890
388f
388e
388e
388d
388c
388b
388b
388a
3889
3888
3888
3887
3886
3885
3884
3884
3883
3882
3881
3881
3880
387f
387e
387e
387d
387c
387b
387b
387a
3879
3878
3878
3877
3876
3875
3874
3874
3873
3872
3871
3871
3870
386f
386e
386e
386d
386c
386b
386b
386a
3869
3868
3867
3867
3866
3865
3864
3864
3863
3862
3861
3861
3860
385f
385e
385e
385d
385c
385b
385b
385a
3859
3858
3857
3857
3856
3855
3854
3854
3853
3852
3851
3851
3850
384f
384e
384e
384d
384c
384b
384b
384a
3849
3848
3847
3847
3846
3845
3844
3844
3843
3842
3841
3841
3840
383f
383e
383e
383d
383c
383b
383b
383a
3839
3838
3837
3837
3836
3835
3834
3834
3833
3832
3831
3831
3830
382f
382e
382e
382d
382c
382b
382b
382a
3829
3828
3827
3827
3826
3825
3824
3824
3823
3822
3821
3821
3820
381f
381e
381e
381d
381c
381b
381b
381a
3819
3818
3817
3817
3816
3815
3814
3814
3813
3812
3811
3811
3810
380f
380e
380e
380d
380c
380b
380b
380a
3809
3808
3808
3807
3806
3805
3804
3804
3803
3802
3801
3801
3800
37ff
37fe
37fe
37fd
37fc
37fb
37fb
37fa
37f9
37f8
37f8
37f7
37f6
37f5
37f5
37f4
37f3
37f2
37f1
37f1
37f0
37ef
37ee
37ee
37ed
37ec
37eb
37eb
37ea
37e9
37e8
37e8
37e7
37e6
37e5
37e5
37e4
37e3
37e2
37e2
37e1
37e0
37df
37de
37de
37dd
37dc
37db
37db
37da
37d9
37d8
37d8
37d7
37d6
37d5
37d5
37d4
37d3
37d2
37d2
37d1
37d0
37cf
37cf
37ce
37cd
37cc
37cb
37cb
37ca
37c9
37c8
37c8
37c7
37c6
37c5
37c5
37c4
37c3
37c2
37c2
37c1
37c0
37bf
37bf
37be
37bd
37bc
37bc
37bb
37ba
37b9
37b9
37b8
37b7
37b6
37b5
37b5
37b4
37b3
37b2
37b2
37b1
37b0
37af
37af
37ae
37ad
37ac
37ac
37ab
37aa
37a9
37a9
37a8
37a7
37a6
37a6
37a5
37a4
37a3
37a3
37a2
37a1
37a0
379f
379f
379e
379d
379c
379c
379b
379a
3799
3799
3798
3797
3796
3796
3795
3794
3793
3793
3792
3791
3790
3790
378f
378e
378d
378d
378c
378b
378a
378a
3789
3788
3787
3786
3786
3785
3784
3783
3783
3782
3781
3780
3780
377f
377e
377d
377d
377c
377b
377a
377a
3779
3778
3777
3777
3776
3775
3774
3774
3773
3772
3771
3771
3770
376f
376e
376e
376d
376c
376b
376a
376a
3769
3768
3767
3767
3766
3765
3764
3764
3763
3762
3761
3761
3760
375f
375e
375e
375d
375c
375b
375b
375a
3759
3758
3758
3757
3756
3755
3755
3754
3753
3752
3752
3751
3750
374f
374f
374e
374d
374c
374b
374b
374a
3749
3748
3748
3747
3746
3745
3745
3744
3743
3742
3742
3741
3740
373f
373f
373e
373d
373c
373c
373b
373a
3739
3739
3738
3737
3736
3736
3735
3734
3733
3733
3732
3731
3730
3730
372f
372e
372d
372d
372c
372b
372a
372a
3729
3728
3727
3726
3726
3725
3724
3723
3723
3722
3721
3720
3720
371f
371e
371d
371d
371c
371b
371a
371a
3719
3718
3717
3717
3716
3715
3714
3714
3713
3712
3711
3711
3710
370f
370e
370e
370d
370c
370b
370b
370a
3709
3708
3708
3707
3706
3705
3705
3704
3703
3702
3702
3701
3700
36ff
36ff
36fe
36fd
36fc
36fc
36fb
36fa
36f9
36f8
36f8
36f7
36f6
36f5
36f5
36f4
36f3
36f2
36f2
36f1
36f0
36ef
36ef
36ee
36ed
36ec
36ec
36eb
36ea
36e9
36e9
36e8
36e7
36e6
36e6
36e5
36e4
36e3
36e3
36e2
36e1
36e0
36e0
36df
36de
36dd
36dd
36dc
36db
36da
36da
36d9
36d8
36d7
36d7
36d6
36d5
36d4
36d4
36d3
36d2
36d1
36d1
36d0
36cf
36ce
36ce
36cd
36cc
36cb
36cb
36ca
36c9
36c8
36c8
36c7
36c6
36c5
36c5
36c4
36c3
36c2
36c2
36c1
36c0
36bf
36bf
36be
36bd
36bc
36bc
36bb
36ba
36b9
36b9
36b8
36b7
36b6
36b6
36b5
36b4
36b3
36b3
36b2
36b1
36b0
36b0
36af
36ae
36ad
36ad
36ac
36ab
36aa
36aa
36a9
36a8
36a7
36a7
36a6
36a5
36a4
36a3
36a3
36a2
36a1
36a0
36a0
369f
369e
369d
369d
369c
369b
369a
369a
3699
3698
3697
3697
3696
3695
3694
3694
3693
3692
3691
3691
3690
368f
368e
368e
368d
368c
368b
368b
368a
3689
3688
3688
3687
3686
3685
3685
3684
3683
3682
3682
3681
3680
367f
367f
367e
367d
367c
367c
367b
367a
3679
3679
3678
3677
3676
3676
3675
3674
3673
3673
3672
3671
3670
3670
366f
366e
366d
366d
366c
366b
366a
366a
3669
3668
3667
3667
3666
3665
3664
3664
3663
3662
3662
3661
3660
365f
365f
365e
365d
365c
365c
365b
365a
3659
3659
3658
3657
3656
3656
3655
3654
3653
3653
3652
3651
3650
3650
364f
364e
364d
364d
364c
364b
364a
364a
3649
3648
3647
3647
3646
3645
3644
3644
3643
3642
3641
3641
3640
363f
363e
363e
363d
363c
363b
363b
363a
3639
3638
3638
3637
3636
3635
3635
3634
3633
3632
3632
3631
3630
362f
362f
362e
362d
362c
362c
362b
362a
3629
3629
3628
3627
3626
3626
3625
3624
3623
3623
3622
3621
3620
3620
361f
361e
361d
361d
361c
361b
361a
361a
3619
3618
3617
3617
3616
3615
3614
3614
3613
3612
3611
3611
3610
360f
360f
360e
360d
360c
360c
360b
360a
3609
3609
3608
3607
3606
3606
3605
3604
3603
3603
3602
3601
3600
3600
35ff
35fe
35fd
35fd
35fc
35fb
35fa
35fa
35f9
35f8
35f7
35f7
35f6
35f5
35f4
35f4
35f3
35f2
35f1
35f1
35f0
35ef
35ee
35ee
35ed
35ec
35eb
35eb
35ea
35e9
35e8
35e8
35e7
35e6
35e5
35e5
35e4
35e3
35e3
35e2
35e1
35e0
35e0
35df
35de
35dd
35dd
35dc
35db
35da
35da
35d9
35d8
35d7
35d7
35d6
35d5
35d4
35d4
35d3
35d2
35d1
35d1
35d0
35cf
35ce
35ce
35cd
35cc
35cb
35cb
35ca
35c9
35c8
35c8
35c7
35c6
35c5
35c5
35c4
35c3
35c2
35c2
35c1
35c0
35c0
35bf
35be
35bd
35bd
35bc
35bb
35ba
35ba
35b9
35b8
35b7
35b7
35b6
35b5
35b4
35b4
35b3
35b2
35b1
35b1
35b0
35af
35ae
35ae
35ad
35ac
35ab
35ab
35aa
35a9
35a8
35a8
35a7
35a6
35a5
35a5
35a4
35a3
35a3
35a2
35a1
35a0
35a0
359f
359e
359d
359d
359c
359b
359a
359a
3599
3598
3597
3597
3596
3595
3594
3594
3593
3592
3591
3591
3590
358f
358e
358e
358d
358c
358c
358b
358a
3589
3589
3588
3587
3586
3586
3585
3584
3583
3583
3582
3581
3580
3580
357f
357e
357d
357d
357c
357b
357a
357a
3579
3578
3577
3577
3576
3575
3575
3574
3573
3572
3572
3571
3570
356f
356f
356e
356d
356c
356c
356b
356a
3569
3569
3568
3567
3566
3566
3565
3564
3563
3563
3562
3561
3560
3560
355f
355e
355e
355d
355c
355b
355b
355a
3559
3558
3558
3557
3556
3555
3555
3554
3553
3552
3552
3551
3550
354f
354f
354e
354d
354d
354c
354b
354a
354a
3549
3548
3547
3547
3546
3545
3544
3544
3543
3542
3541
3541
3540
353f
353e
353e
353d
353c
353b
353b
353a
3539
3539
3538
3537
3536
3536
3535
3534
3533
3533
3532
3531
3530
3530
352f
352e
352d
352d
352c
352b
352a
352a
3529
3528
3528
3527
3526
3525
3525
3524
3523
3522
3522
3521
3520
351f
351f
351e
351d
351c
351c
351b
351a
351a
3519
3518
3517
3517
3516
3515
3514
3514
3513
3512
3511
3511
3510
350f
350e
350e
350d
350c
350b
350b
350a
3509
3509
3508
3507
3506
3506
3505
3504
3503
3503
3502
3501
3500
3500
34ff
34fe
34fd
34fd
34fc
34fb
34fb
34fa
34f9
34f8
34f8
34f7
34f6
34f5
34f5
34f4
34f3
34f2
34f2
34f1
34f0
34ef
34ef
34ee
34ed
34ed
34ec
34eb
34ea
34ea
34e9
34e8
34e7
34e7
34e6
34e5
34e4
34e4
34e3
34e2
34e1
34e1
34e0
34df
34df
34de
34dd
34dc
34dc
34db
34da
34d9
34d9
34d8
34d7
34d6
34d6
34d5
34d4
34d3
34d3
34d2
34d1
34d1
34d0
34cf
34ce
34ce
34cd
34cc
34cb
34cb
34ca
34c9
34c8
34c8
34c7
34c6
34c6
34c5
34c4
34c3
34c3
34c2
34c1
34c0
34c0
34bf
34be
34bd
34bd
34bc
34bb
34ba
34ba
34b9
34b8
34b8
34b7
34b6
34b5
34b5
34b4
34b3
34b2
34b2
34b1
34b0
34af
34af
34ae
34ad
34ad
34ac
34ab
34aa
34aa
34a9
34a8
34a7
34a7
34a6
34a5
34a4
34a4
34a3
34a2
34a2
34a1
34a0
349f
349f
349e
349d
349c
349c
349b
349a
3499
3499
3498
3497
3496
3496
3495
3494
3494
3493
3492
3491
3491
3490
348f
348e
348e
348d
348c
348b
348b
348a
3489
3489
3488
3487
3486
3486
3485
3484
3483
3483
3482
3481
3480
3480
347f
347e
347e
347d
347c
347b
347b
347a
3479
3478
3478
3477
3476
3476
3475
3474
3473
3473
3472
3471
3470
3470
346f
346e
346d
346d
346c
346b
346b
346a
3469
3468
3468
3467
3466
3465
3465
3464
3463
3462
3462
3461
3460
3460
345f
345e
345d
345d
345c
345b
345a
345a
3459
3458
3457
3457
3456
3455
3455
3454
3453
3452
3452
3451
3450
344f
344f
344e
344d
344d
344c
344b
344a
344a
3449
3448
3447
3447
3446
3445
3444
3444
3443
3442
3442
3441
3440
343f
343f
343e
343d
343c
343c
343b
343a
343a
3439
3438
3437
3437
3436
3435
3434
3434
3433
3432
3432
3431
3430
342f
342f
342e
342d
342c
342c
342b
342a
3429
3429
3428
3427
3427
3426
3425
3424
3424
3423
3422
3421
3421
3420
341f
341f
341e
341d
341c
341c
341b
341a
3419
3419
3418
3417
3417
3416
3415
3414
3414
3413
3412
3411
3411
3410
340f
340f
340e
340d
340c
340c
340b
340a
3409
3409
3408
3407
3406
3406
3405
3404
3404
3403
3402
3401
3401
3400
33ff
33fe
33fe
33fd
33fc
33fc
33fb
33fa
33f9
33f9
33f8
33f7
33f6
33f6
33f5
33f4
33f4
33f3
33f2
33f1
33f1
33f0
33ef
33ee
33ee
33ed
33ec
33ec
33eb
33ea
33e9
33e9
33e8
33e7
33e6
33e6
33e5
33e4
33e4
33e3
33e2
33e1
33e1
33e0
33df
33de
33de
33dd
33dc
33dc
33db
33da
33d9
33d9
33d8
33d7
33d6
33d6
33d5
33d4
33d4
33d3
33d2
33d1
33d1
33d0
33cf
33cf
33ce
33cd
33cc
33cc
33cb
33ca
33c9
33c9
33c8
33c7
33c7
33c6
33c5
33c4
33c4
33c3
33c2
33c1
33c1
33c0
33bf
33bf
33be
33bd
33bc
33bc
33bb
33ba
33b9
33b9
33b8
33b7
33b7
33b6
33b5
33b4
33b4
33b3
33b2
33b1
33b1
33b0
33af
33af
33ae
33ad
33ac
33ac
33ab
33aa
33aa
33a9
33a8
33a7
33a7
33a6
33a5
33a4
33a4
33a3
33a2
33a2
33a1
33a0
339f
339f
339e
339d
339c
339c
339b
339a
339a
3399
3398
3397
3397
3396
3395
3395
3394
3393
3392
3392
3391
3390
338f
338f
338e
338d
338d
338c
338b
338a
338a
3389
3388
3387
3387
3386
3385
3385
3384
3383
3382
3382
3381
3380
3380
337f
337e
337d
337d
337c
337b
337a
337a
3379
3378
3378
3377
3376
3375
3375
3374
3373
3373
3372
3371
3370
3370
336f
336e
336d
336d
336c
336b
336b
336a
3369
3368
3368
3367
3366
3366
3365
3364
3363
3363
3362
3361
3360
3360
335f
335e
335e
335d
335c
335b
335b
335a
3359
3359
3358
3357
3356
3356
3355
3354
3353
3353
3352
3351
3351
3350
334f
334e
334e
334d
334c
334c
334b
334a
3349
3349
3348
3347
3347
3346
3345
3344
3344
3343
3342
3341
3341
3340
333f
333f
333e
333d
333c
333c
333b
333a
333a
3339
3338
3337
3337
3336
3335
3335
3334
3333
3332
3332
3331
3330
332f
332f
332e
332d
332d
332c
332b
332a
332a
3329
3328
3328
3327
3326
3325
3325
3324
3323
3323
3322
3321
3320
3320
331f
331e
331e
331d
331c
331b
331b
331a
3319
3318
3318
3317
3316
3316
3315
3314
3313
3313
3312
3311
3311
3310
330f
330e
330e
330d
330c
330c
330b
330a
3309
3309
3308
3307
3307
3306
3305
3304
3304
3303
3302
3301
3301
3300
32ff
32ff
32fe
32fd
32fc
32fc
32fb
32fa
32fa
32f9
32f8
32f7
32f7
32f6
32f5
32f5
32f4
32f3
32f2
32f2
32f1
32f0
32f0
32ef
32ee
32ed
32ed
32ec
32eb
32eb
32ea
32e9
32e8
32e8
32e7
32e6
32e6
32e5
32e4
32e3
32e3
32e2
32e1
32e1
32e0
32df
32de
32de
32dd
32dc
32db
32db
32da
32d9
32d9
32d8
32d7
32d6
32d6
32d5
32d4
32d4
32d3
32d2
32d1
32d1
32d0
32cf
32cf
32ce
32cd
32cc
32cc
32cb
32ca
32ca
32c9
32c8
32c7
32c7
32c6
32c5
32c5
32c4
32c3
32c2
32c2
32c1
32c0
32c0
32bf
32be
32bd
32bd
32bc
32bb
32bb
32ba
32b9
32b8
32b8
32b7
32b6
32b6
32b5
32b4
32b3
32b3
32b2
32b1
32b1
32b0
32af
32ae
32ae
32ad
32ac
32ac
32ab
32aa
32a9
32a9
32a8
32a7
32a7
32a6
32a5
32a4
32a4
32a3
32a2
32a2
32a1
32a0
329f
329f
329e
329d
329d
329c
329b
329a
329a
3299
3298
3298
3297
3296
3295
3295
3294
3293
3293
3292
3291
3290
3290
328f
328e
328e
328d
328c
328c
328b
328a
3289
3289
3288
3287
3287
3286
3285
3284
3284
3283
3282
3282
3281
3280
327f
327f
327e
327d
327d
327c
327b
327a
327a
3279
3278
3278
3277
3276
3275
3275
3274
3273
3273
3272
3271
3270
3270
326f
326e
326e
326d
326c
326b
326b
326a
3269
3269
3268
3267
3266
3266
3265
3264
3264
3263
3262
3262
3261
3260
325f
325f
325e
325d
325d
325c
325b
325a
325a
3259
3258
3258
3257
3256
3255
3255
3254
3253
3253
3252
3251
3250
3250
324f
324e
324e
324d
324c
324c
324b
324a
3249
3249
3248
3247
3247
3246
3245
3244
3244
3243
3242
3242
3241
3240
323f
323f
323e
323d
323d
323c
323b
323a
323a
3239
3238
3238
3237
3236
3236
3235
3234
3233
3233
3232
3231
3231
3230
322f
322e
322e
322d
322c
322c
322b
322a
3229
3229
3228
3227
3227
3226
3225
3225
3224
3223
3222
3222
3221
3220
3220
321f
321e
321d
321d
321c
321b
321b
321a
3219
3219
3218
3217
3216
3216
3215
3214
3214
3213
3212
3211
3211
3210
320f
320f
320e
320d
320c
320c
320b
320a
320a
3209
3208
3208
3207
3206
3205
3205
3204
3203
3203
3202
3201
3200
3200
31ff
31fe
31fe
31fd
31fc
31fc
31fb
31fa
31f9
31f9
31f8
31f7
31f7
31f6
31f5
31f4
31f4
31f3
31f2
31f2
31f1
31f0
31f0
31ef
31ee
31ed
31ed
31ec
31eb
31eb
31ea
31e9
31e8
31e8
31e7
31e6
31e6
31e5
31e4
31e4
31e3
31e2
31e1
31e1
31e0
31df
31df
31de
31dd
31dd
31dc
31db
31da
31da
31d9
31d8
31d8
31d7
31d6
31d5
31d5
31d4
31d3
31d3
31d2
31d1
31d1
31d0
31cf
31ce
31ce
31cd
31cc
31cc
31cb
31ca
31c9
31c9
31c8
31c7
31c7
31c6
31c5
31c5
31c4
31c3
31c2
31c2
31c1
31c0
31c0
31bf
31be
31be
31bd
31bc
31bb
31bb
31ba
31b9
31b9
31b8
31b7
31b7
31b6
31b5
31b4
31b4
31b3
31b2
31b2
31b1
31b0
31af
31af
31ae
31ad
31ad
31ac
31ab
31ab
31aa
31a9
31a8
31a8
31a7
31a6
31a6
31a5
31a4
31a4
31a3
31a2
31a1
31a1
31a0
319f
319f
319e
319d
319d
319c
319b
319a
319a
3199
3198
3198
3197
3196
3196
3195
3194
3193
3193
3192
3191
3191
3190
318f
318f
318e
318d
318c
318c
318b
318a
318a
3189
3188
3188
3187
3186
3185
3185
3184
3183
3183
3182
3181
3181
3180
317f
317e
317e
317d
317c
317c
317b
317a
317a
3179
3178
3177
3177
3176
3175
3175
3174
3173
3173
3172
3171
3170
3170
316f
316e
316e
316d
316c
316c
316b
316a
3169
3169
3168
3167
3167
3166
3165
3165
3164
3163
3162
3162
3161
3160
3160
315f
315e
315e
315d
315c
315b
315b
315a
3159
3159
3158
3157
3157
3156
3155
3154
3154
3153
3152
3152
3151
3150
3150
314f
314e
314d
314d
314c
314b
314b
314a
3149
3149
3148
3147
3147
3146
3145
3144
3144
3143
3142
3142
3141
3140
3140
313f
313e
313d
313d
313c
313b
313b
313a
3139
3139
3138
3137
3136
3136
3135
3134
3134
3133
3132
3132
3131
3130
3130
312f
312e
312d
312d
312c
312b
312b
312a
3129
3129
3128
3127
3126
3126
3125
3124
3124
3123
3122
3122
3121
3120
3120
311f
311e
311d
311d
311c
311b
311b
311a
3119
3119
3118
3117
3116
3116
3115
3114
3114
3113
3112
3112
3111
3110
3110
310f
310e
310d
310d
310c
310b
310b
310a
3109
3109
3108
3107
3107
3106
3105
3104
3104
3103
3102
3102
3101
3100
3100
30ff
30fe
30fe
30fd
30fc
30fb
30fb
30fa
30f9
30f9
30f8
30f7
30f7
30f6
30f5
30f4
30f4
30f3
30f2
30f2
30f1
30f0
30f0
30ef
30ee
30ee
30ed
30ec
30eb
30eb
30ea
30e9
30e9
30e8
30e7
30e7
30e6
30e5
30e5
30e4
30e3
30e2
30e2
30e1
30e0
30e0
30df
30de
30de
30dd
30dc
30dc
30db
30da
30d9
30d9
30d8
30d7
30d7
30d6
30d5
30d5
30d4
30d3
30d3
30d2
30d1
30d0
30d0
30cf
30ce
30ce
30cd
30cc
30cc
30cb
30ca
30ca
30c9
30c8
30c8
30c7
30c6
30c5
30c5
30c4
30c3
30c3
30c2
30c1
30c1
30c0
30bf
30bf
30be
30bd
30bc
30bc
30bb
30ba
30ba
30b9
30b8
30b8
30b7
30b6
30b6
30b5
30b4
30b3
30b3
30b2
30b1
30b1
30b0
30af
30af
30ae
30ad
30ad
30ac
30ab
30ab
30aa
30a9
30a8
30a8
30a7
30a6
30a6
30a5
30a4
30a4
30a3
30a2
30a2
30a1
30a0
30a0
309f
309e
309d
309d
309c
309b
309b
309a
3099
3099
3098
3097
3097
3096
3095
3094
3094
3093
3092
3092
3091
3090
3090
308f
308e
308e
308d
308c
308c
308b
308a
3089
3089
3088
3087
3087
3086
3085
3085
3084
3083
3083
3082
3081
3081
3080
307f
307e
307e
307d
307c
307c
307b
307a
307a
3079
3078
3078
3077
3076
3076
3075
3074
3074
3073
3072
3071
3071
3070
306f
306f
306e
306d
306d
306c
306b
306b
306a
3069
3069
3068
3067
3066
3066
3065
3064
3064
3063
3062
3062
3061
3060
3060
305f
305e
305e
305d
305c
305c
305b
305a
3059
3059
3058
3057
3057
3056
3055
3055
3054
3053
3053
3052
3051
3051
3050
304f
304f
304e
304d
304c
304c
304b
304a
304a
3049
3048
3048
3047
3046
3046
3045
3044
3044
3043
3042
3042
3041
3040
303f
303f
303e
303d
303d
303c
303b
303b
303a
3039
3039
3038
3037
3037
3036
3035
3035
3034
3033
3032
3032
3031
3030
3030
302f
302e
302e
302d
302c
302c
302b
302a
302a
3029
3028
3028
3027
3026
3026
3025
3024
3023
3023
3022
3021
3021
3020
301f
301f
301e
301d
301d
301c
301b
301b
301a
3019
3019
3018
3017
3017
3016
3015
3014
3014
3013
3012
3012
3011
3010
3010
300f
300e
300e
300d
300c
300c
300b
300a
300a
3009
3008
3008
3007
3006
3005
3005
3004
3003
3003
3002
3001
3001
3000
2fff
2fff
2ffe
2ffd
2ffd
2ffc
2ffb
2ffb
2ffa
2ff9
2ff9
2ff8
2ff7
2ff7
2ff6
2ff5
2ff4
2ff4
2ff3
2ff2
2ff2
2ff1
2ff0
2ff0
2fef
2fee
2fee
2fed
2fec
2fec
2feb
2fea
2fea
2fe9
2fe8
2fe8
2fe7
2fe6
2fe6
2fe5
2fe4
2fe4
2fe3
2fe2
2fe1
2fe1
2fe0
2fdf
2fdf
2fde
2fdd
2fdd
2fdc
2fdb
2fdb
2fda
2fd9
2fd9
2fd8
2fd7
2fd7
2fd6
2fd5
2fd5
2fd4
2fd3
2fd3
2fd2
2fd1
2fd1
2fd0
2fcf
2fcf
2fce
2fcd
2fcc
2fcc
2fcb
2fca
2fca
2fc9
2fc8
2fc8
2fc7
2fc6
2fc6
2fc5
2fc4
2fc4
2fc3
2fc2
2fc2
2fc1
2fc0
2fc0
2fbf
2fbe
2fbe
2fbd
2fbc
2fbc
2fbb
2fba
2fba
2fb9
2fb8
2fb7
2fb7
2fb6
2fb5
2fb5
2fb4
2fb3
2fb3
2fb2
2fb1
2fb1
2fb0
2faf
2faf
2fae
2fad
2fad
2fac
2fab
2fab
2faa
2fa9
2fa9
2fa8
2fa7
2fa7
2fa6
2fa5
2fa5
2fa4
2fa3
2fa3
2fa2
2fa1
2fa1
2fa0
2f9f
2f9f
2f9e
2f9d
2f9c
2f9c
2f9b
2f9a
2f9a
2f99
2f98
2f98
2f97
2f96
2f96
2f95
2f94
2f94
2f93
2f92
2f92
2f91
2f90
2f90
2f8f
2f8e
2f8e
2f8d
2f8c
2f8c
2f8b
2f8a
2f8a
2f89
2f88
2f88
2f87
2f86
2f86
2f85
2f84
2f84
2f83
2f82
2f82
2f81
2f80
2f80
2f7f
2f7e
2f7e
2f7d
2f7c
2f7b
2f7b
2f7a
2f79
2f79
2f78
2f77
2f77
2f76
2f75
2f75
2f74
2f73
2f73
2f72
2f71
2f71
2f70
2f6f
2f6f
2f6e
2f6d
2f6d
2f6c
2f6b
2f6b
2f6a
2f69
2f69
2f68
2f67
2f67
2f66
2f65
2f65
2f64
2f63
2f63
2f62
2f61
2f61
2f60
2f5f
2f5f
2f5e
2f5d
2f5d
2f5c
2f5b
2f5b
2f5a
2f59
2f59
2f58
2f57
2f57
2f56
2f55
2f55
2f54
2f53
2f53
2f52
2f51
2f51
2f50
2f4f
2f4f
2f4e
2f4d
2f4d
2f4c
2f4b
2f4a
2f4a
2f49
2f48
2f48
2f47
2f46
2f46
2f45
2f44
2f44
2f43
2f42
2f42
2f41
2f40
2f40
2f3f
2f3e
2f3e
2f3d
2f3c
2f3c
2f3b
2f3a
2f3a
2f39
2f38
2f38
2f37
2f36
2f36
2f35
2f34
2f34
2f33
2f32
2f32
2f31
2f30
2f30
2f2f
2f2e
2f2e
2f2d
2f2c
2f2c
2f2b
2f2a
2f2a
2f29
2f28
2f28
2f27
2f26
2f26
2f25
2f24
2f24
2f23
2f22
2f22
2f21
2f20
2f20
2f1f
2f1e
2f1e
2f1d
2f1c
2f1c
2f1b
2f1a
2f1a
2f19
2f18
2f18
2f17
2f16
2f16
2f15
2f14
2f14
2f13
2f12
2f12
2f11
2f10
2f10
2f0f
2f0e
2f0e
2f0d
2f0c
2f0c
2f0b
2f0a
2f0a
2f09
2f08
2f08
2f07
2f06
2f06
2f05
2f04
2f04
2f03
2f02
2f02
2f01
2f00
2f00
2eff
2efe
2efe
2efd
2efc
2efc
2efb
2efa
2efa
2ef9
2ef8
2ef8
2ef7
2ef6
2ef6
2ef5
2ef4
2ef4
2ef3
2ef2
2ef2
2ef1
2ef0
2ef0
2eef
2eee
2eee
2eed
2eec
2eec
2eeb
2eea
2eea
2ee9
2ee8
2ee8
2ee7
2ee6
2ee6
2ee5
2ee4
2ee4
2ee3
2ee2
2ee2
2ee1
2ee1
2ee0
2edf
2edf
2ede
2edd
2edd
2edc
2edb
2edb
2eda
2ed9
2ed9
2ed8
2ed7
2ed7
2ed6
2ed5
2ed5
2ed4
2ed3
2ed3
2ed2
2ed1
2ed1
2ed0
2ecf
2ecf
2ece
2ecd
2ecd
2ecc
2ecb
2ecb
2eca
2ec9
2ec9
2ec8
2ec7
2ec7
2ec6
2ec5
2ec5
2ec4
2ec3
2ec3
2ec2
2ec1
2ec1
2ec0
2ebf
2ebf
2ebe
2ebd
2ebd
2ebc
2ebb
2ebb
2eba
2eb9
2eb9
2eb8
2eb7
2eb7
2eb6
2eb5
2eb5
2eb4
2eb3
2eb3
2eb2
2eb2
2eb1
2eb0
2eb0
2eaf
2eae
2eae
2ead
2eac
2eac
2eab
2eaa
2eaa
2ea9
2ea8
2ea8
2ea7
2ea6
2ea6
2ea5
2ea4
2ea4
2ea3
2ea2
2ea2
2ea1
2ea0
2ea0
2e9f
2e9e
2e9e
2e9d
2e9c
2e9c
2e9b
2e9a
2e9a
2e99
2e98
2e98
2e97
2e96
2e96
2e95
2e94
2e94
2e93
2e93
2e92
2e91
2e91
2e90
2e8f
2e8f
2e8e
2e8d
2e8d
2e8c
2e8b
2e8b
2e8a
2e89
2e89
2e88
2e87
2e87
2e86
2e85
2e85
2e84
2e83
2e83
2e82
2e81
2e81
2e80
2e7f
2e7f
2e7e
2e7d
2e7d
2e7c
2e7b
2e7b
2e7a
2e7a
2e79
2e78
2e78
2e77
2e76
2e76
2e75
2e74
2e74
2e73
2e72
2e72
2e71
2e70
2e70
2e6f
2e6e
2e6e
2e6d
2e6c
2e6c
2e6b
2e6a
2e6a
2e69
2e68
2e68
2e67
2e66
2e66
2e65
2e65
2e64
2e63
2e63
2e62
2e61
2e61
2e60
2e5f
2e5f
2e5e
2e5d
2e5d
2e5c
2e5b
2e5b
2e5a
2e59
2e59
2e58
2e57
2e57
2e56
2e55
2e55
2e54
2e53
2e53
2e52
2e52
2e51
2e50
2e50
2e4f
2e4e
2e4e
2e4d
2e4c
2e4c
2e4b
2e4a
2e4a
2e49
2e48
2e48
2e47
2e46
2e46
2e45
2e44
2e44
2e43
2e42
2e42
2e41
2e41
2e40
2e3f
2e3f
2e3e
2e3d
2e3d
2e3c
2e3b
2e3b
2e3a
2e39
2e39
2e38
2e37
2e37
2e36
2e35
2e35
2e34
2e33
2e33
2e32
2e31
2e31
2e30
2e30
2e2f
2e2e
2e2e
2e2d
2e2c
2e2c
2e2b
2e2a
2e2a
2e29
2e28
2e28
2e27
2e26
2e26
2e25
2e24
2e24
2e23
2e22
2e22
2e21
2e21
2e20
2e1f
2e1f
2e1e
2e1d
2e1d
2e1c
2e1b
2e1b
2e1a
2e19
2e19
2e18
2e17
2e17
2e16
2e15
2e15
2e14
2e14
2e13
2e12
2e12
2e11
2e10
2e10
2e0f
2e0e
2e0e
2e0d
2e0c
2e0c
2e0b
2e0a
2e0a
2e09
2e08
2e08
2e07
2e07
2e06
2e05
2e05
2e04
2e03
2e03
2e02
2e01
2e01
2e00
2dff
2dff
2dfe
2dfd
2dfd
2dfc
2dfb
2dfb
2dfa
2dfa
2df9
2df8
2df8
2df7
2df6
2df6
2df5
2df4
2df4
2df3
2df2
2df2
2df1
2df0
2df0
2def
2def
2dee
2ded
2ded
2dec
2deb
2deb
2dea
2de9
2de9
2de8
2de7
2de7
2de6
2de5
2de5
2de4
2de4
2de3
2de2
2de2
2de1
2de0
2de0
2ddf
2dde
2dde
2ddd
2ddc
2ddc
2ddb
2dda
2dda
2dd9
2dd9
2dd8
2dd7
2dd7
2dd6
2dd5
2dd5
2dd4
2dd3
2dd3
2dd2
2dd1
2dd1
2dd0
2dcf
2dcf
2dce
2dce
2dcd
2dcc
2dcc
2dcb
2dca
2dca
2dc9
2dc8
2dc8
2dc7
2dc6
2dc6
2dc5
2dc4
2dc4
2dc3
2dc3
2dc2
2dc1
2dc1
2dc0
2dbf
2dbf
2dbe
2dbd
2dbd
2dbc
2dbb
2dbb
2dba
2dba
2db9
2db8
2db8
2db7
2db6
2db6
2db5
2db4
2db4
2db3
2db2
2db2
2db1
2db0
2db0
2daf
2daf
2dae
2dad
2dad
2dac
2dab
2dab
2daa
2da9
2da9
2da8
2da7
2da7
2da6
2da6
2da5
2da4
2da4
2da3
2da2
2da2
2da1
2da0
2da0
2d9f
2d9e
2d9e
2d9d
2d9d
2d9c
2d9b
2d9b
2d9a
2d99
2d99
2d98
2d97
2d97
2d96
2d95
2d95
2d94
2d94
2d93
2d92
2d92
2d91
2d90
2d90
2d8f
2d8e
2d8e
2d8d
2d8c
2d8c
2d8b
2d8b
2d8a
2d89
2d89
2d88
2d87
2d87
2d86
2d85
2d85
2d84
2d84
2d83
2d82
2d82
2d81
2d80
2d80
2d7f
2d7e
2d7e
2d7d
2d7c
2d7c
2d7b
2d7b
2d7a
2d79
2d79
2d78
2d77
2d77
2d76
2d75
2d75
2d74
2d74
2d73
2d72
2d72
2d71
2d70
2d70
2d6f
2d6e
2d6e
2d6d
2d6c
2d6c
2d6b
2d6b
2d6a
2d69
2d69
2d68
2d67
2d67
2d66
2d65
2d65
2d64
2d64
2d63
2d62
2d62
2d61
2d60
2d60
2d5f
2d5e
2d5e
2d5d
2d5c
2d5c
2d5b
2d5b
2d5a
2d59
2d59
2d58
2d57
2d57
2d56
2d55
2d55
2d54
2d54
2d53
2d52
2d52
2d51
2d50
2d50
2d4f
2d4e
2d4e
2d4d
2d4d
2d4c
2d4b
2d4b
2d4a
2d49
2d49
2d48
2d47
2d47
2d46
2d46
2d45
2d44
2d44
2d43
2d42
2d42
2d41
2d40
2d40
2d3f
2d3f
2d3e
2d3d
2d3d
2d3c
2d3b
2d3b
2d3a
2d39
2d39
2d38
2d38
2d37
2d36
2d36
2d35
2d34
2d34
2d33
2d32
2d32
2d31
2d31
2d30
2d2f
2d2f
2d2e
2d2d
2d2d
2d2c
2d2b
2d2b
2d2a
2d2a
2d29
2d28
2d28
2d27
2d26
2d26
2d25
2d24
2d24
2d23
2d23
2d22
2d21
2d21
2d20
2d1f
2d1f
2d1e
2d1e
2d1d
2d1c
2d1c
2d1b
2d1a
2d1a
2d19
2d18
2d18
2d17
2d17
2d16
2d15
2d15
2d14
2d13
2d13
2d12
2d11
2d11
2d10
2d10
2d0f
2d0e
2d0e
2d0d
2d0c
2d0c
2d0b
2d0b
2d0a
2d09
2d09
2d08
2d07
2d07
2d06
2d05
2d05
2d04
2d04
2d03
2d02
2d02
2d01
2d00
2d00
2cff
2cff
2cfe
2cfd
2cfd
2cfc
2cfb
2cfb
2cfa
2cf9
2cf9
2cf8
2cf8
2cf7
2cf6
2cf6
2cf5
2cf4
2cf4
2cf3
2cf3
2cf2
2cf1
2cf1
2cf0
2cef
2cef
2cee
2ced
2ced
2cec
2cec
2ceb
2cea
2cea
2ce9
2ce8
2ce8
2ce7
2ce7
2ce6
2ce5
2ce5
2ce4
2ce3
2ce3
2ce2
2ce2
2ce1
2ce0
2ce0
2cdf
2cde
2cde
2cdd
2cdc
2cdc
2cdb
2cdb
2cda
2cd9
2cd9
2cd8
2cd7
2cd7
2cd6
2cd6
2cd5
2cd4
2cd4
2cd3
2cd2
2cd2
2cd1
2cd1
2cd0
2ccf
2ccf
2cce
2ccd
2ccd
2ccc
2ccb
2ccb
2cca
2cca
2cc9
2cc8
2cc8
2cc7
2cc6
2cc6
2cc5
2cc5
2cc4
2cc3
2cc3
2cc2
2cc1
2cc1
2cc0
2cc0
2cbf
2cbe
2cbe
2cbd
2cbc
2cbc
2cbb
2cbb
2cba
2cb9
2cb9
2cb8
2cb7
2cb7
2cb6
2cb6
2cb5
2cb4
2cb4
2cb3
2cb2
2cb2
2cb1
2cb1
2cb0
2caf
2caf
2cae
2cad
2cad
2cac
2cac
2cab
2caa
2caa
2ca9
2ca8
2ca8
2ca7
2ca7
2ca6
2ca5
2ca5
2ca4
2ca3
2ca3
2ca2
2ca2
2ca1
2ca0
2ca0
2c9f
2c9e
2c9e
2c9d
2c9d
2c9c
2c9b
2c9b
2c9a
2c99
2c99
2c98
2c98
2c97
2c96
2c96
2c95
2c94
2c94
2c93
2c93
2c92
2c91
2c91
2c90
2c8f
2c8f
2c8e
2c8e
2c8d
2c8c
2c8c
2c8b
2c8a
2c8a
2c89
2c89
2c88
2c87
2c87
2c86
2c85
2c85
2c84
2c84
2c83
2c82
2c82
2c81
2c80
2c80
2c7f
2c7f
2c7e
2c7d
2c7d
2c7c
2c7b
2c7b
2c7a
2c7a
2c79
2c78
2c78
2c77
2c76
2c76
2c75
2c75
2c74
2c73
2c73
2c72
2c72
2c71
2c70
2c70
2c6f
2c6e
2c6e
2c6d
2c6d
2c6c
2c6b
2c6b
2c6a
2c69
2c69
2c68
2c68
2c67
2c66
2c66
2c65
2c64
2c64
2c63
2c63
2c62
2c61
2c61
2c60
2c60
2c5f
2c5e
2c5e
2c5d
2c5c
2c5c
2c5b
2c5b
2c5a
2c59
2c59
2c58
2c57
2c57
2c56
2c56
2c55
2c54
2c54
2c53
2c52
2c52
2c51
2c51
2c50
2c4f
2c4f
2c4e
2c4e
2c4d
2c4c
2c4c
2c4b
2c4a
2c4a
2c49
2c49
2c48
2c47
2c47
2c46
2c46
2c45
2c44
2c44
2c43
2c42
2c42
2c41
2c41
2c40
2c3f
2c3f
2c3e
2c3d
2c3d
2c3c
2c3c
2c3b
2c3a
2c3a
2c39
2c39
2c38
2c37
2c37
2c36
2c35
2c35
2c34
2c34
2c33
2c32
2c32
2c31
2c31
2c30
2c2f
2c2f
2c2e
2c2d
2c2d
2c2c
2c2c
2c2b
2c2a
2c2a
2c29
2c28
2c28
2c27
2c27
2c26
2c25
2c25
2c24
2c24
2c23
2c22
2c22
2c21
2c20
2c20
2c1f
2c1f
2c1e
2c1d
2c1d
2c1c
2c1c
2c1b
2c1a
2c1a
2c19
2c18
2c18
2c17
2c17
2c16
2c15
2c15
2c14
2c14
2c13
2c12
2c12
2c11
2c11
2c10
2c0f
2c0f
2c0e
2c0d
2c0d
2c0c
2c0c
2c0b
2c0a
2c0a
2c09
2c09
2c08
2c07
2c07
2c06
2c05
2c05
2c04
2c04
2c03
2c02
2c02
2c01
2c01
2c00
2bff
2bff
2bfe
2bfd
2bfd
2bfc
2bfc
2bfb
2bfa
2bfa
2bf9
2bf9
2bf8
2bf7
2bf7
2bf6
2bf6
2bf5
2bf4
2bf4
2bf3
2bf2
2bf2
2bf1
2bf1
2bf0
2bef
2bef
2bee
2bee
2bed
2bec
2bec
2beb
2beb
2bea
2be9
2be9
2be8
2be7
2be7
2be6
2be6
2be5
2be4
2be4
2be3
2be3
2be2
2be1
2be1
2be0
2be0
2bdf
2bde
2bde
2bdd
2bdc
2bdc
2bdb
2bdb
2bda
2bd9
2bd9
2bd8
2bd8
2bd7
2bd6
2bd6
2bd5
2bd5
2bd4
2bd3
2bd3
2bd2
2bd1
2bd1
2bd0
2bd0
2bcf
2bce
2bce
2bcd
2bcd
2bcc
2bcb
2bcb
2bca
2bca
2bc9
2bc8
2bc8
2bc7
2bc7
2bc6
2bc5
2bc5
2bc4
2bc3
2bc3
2bc2
2bc2
2bc1
2bc0
2bc0
2bbf
2bbf
2bbe
2bbd
2bbd
2bbc
2bbc
2bbb
2bba
2bba
2bb9
2bb9
2bb8
2bb7
2bb7
2bb6
2bb6
2bb5
2bb4
2bb4
2bb3
2bb2
2bb2
2bb1
2bb1
2bb0
2baf
2baf
2bae
2bae
2bad
2bac
2bac
2bab
2bab
2baa
2ba9
2ba9
2ba8
2ba8
2ba7
2ba6
2ba6
2ba5
2ba5
2ba4
2ba3
2ba3
2ba2
2ba1
2ba1
2ba0
2ba0
2b9f
2b9e
2b9e
2b9d
2b9d
2b9c
2b9b
2b9b
2b9a
2b9a
2b99
2b98
2b98
2b97
2b97
2b96
2b95
2b95
2b94
2b94
2b93
2b92
2b92
2b91
2b91
2b90
2b8f
2b8f
2b8e
2b8e
2b8d
2b8c
2b8c
2b8b
2b8b
2b8a
2b89
2b89
2b88
2b87
2b87
2b86
2b86
2b85
2b84
2b84
2b83
2b83
2b82
2b81
2b81
2b80
2b80
2b7f
2b7e
2b7e
2b7d
2b7d
2b7c
2b7b
2b7b
2b7a
2b7a
2b79
2b78
2b78
2b77
2b77
2b76
2b75
2b75
2b74
2b74
2b73
2b72
2b72
2b71
2b71
2b70
2b6f
2b6f
2b6e
2b6e
2b6d
2b6c
2b6c
2b6b
2b6b
2b6a
2b69
2b69
2b68
2b68
2b67
2b66
2b66
2b65
2b65
2b64
2b63
2b63
2b62
2b62
2b61
2b60
2b60
2b5f
2b5f
2b5e
2b5d
2b5d
2b5c
2b5c
2b5b
2b5a
2b5a
2b59
2b59
2b58
2b57
2b57
2b56
2b56
2b55
2b54
2b54
2b53
2b53
2b52
2b51
2b51
2b50
2b50
2b4f
2b4e
2b4e
2b4d
2b4d
2b4c
2b4b
2b4b
2b4a
2b4a
2b49
2b48
2b48
2b47
2b47
2b46
2b45
2b45
2b44
2b44
2b43
2b42
2b42
2b41
2b41
2b40
2b3f
2b3f
2b3e
2b3e
2b3d
2b3c
2b3c
2b3b
2b3b
2b3a
2b39
2b39
2b38
2b38
2b37
2b36
2b36
2b35
2b35
2b34
2b33
2b33
2b32
2b32
2b31
2b30
2b30
2b2f
2b2f
2b2e
2b2e
2b2d
2b2c
2b2c
2b2b
2b2b
2b2a
2b29
2b29
2b28
2b28
2b27
2b26
2b26
2b25
2b25
2b24
2b23
2b23
2b22
2b22
2b21
2b20
2b20
2b1f
2b1f
2b1e
2b1d
2b1d
2b1c
2b1c
2b1b
2b1a
2b1a
2b19
2b19
2b18
2b17
2b17
2b16
2b16
2b15
2b15
2b14
2b13
2b13
2b12
2b12
2b11
2b10
2b10
2b0f
2b0f
2b0e
2b0d
2b0d
2b0c
2b0c
2b0b
2b0a
2b0a
2b09
2b09
2b08
2b07
2b07
2b06
2b06
2b05
2b04
2b04
2b03
2b03
2b02
2b02
2b01
2b00
2b00
2aff
2aff
2afe
2afd
2afd
2afc
2afc
2afb
2afa
2afa
2af9
2af9
2af8
2af7
2af7
2af6
2af6
2af5
2af4
2af4
2af3
2af3
2af2
2af2
2af1
2af0
2af0
2aef
2aef
2aee
2aed
2aed
2aec
2aec
2aeb
2aea
2aea
2ae9
2ae9
2ae8
2ae7
2ae7
2ae6
2ae6
2ae5
2ae5
2ae4
2ae3
2ae3
2ae2
2ae2
2ae1
2ae0
2ae0
2adf
2adf
2ade
2add
2add
2adc
2adc
2adb
2adb
2ada
2ad9
2ad9
2ad8
2ad8
2ad7
2ad6
2ad6
2ad5
2ad5
2ad4
2ad3
2ad3
2ad2
2ad2
2ad1
2ad1
2ad0
2acf
2acf
2ace
2ace
2acd
2acc
2acc
2acb
2acb
2aca
2ac9
2ac9
2ac8
2ac8
2ac7
2ac7
2ac6
2ac5
2ac5
2ac4
2ac4
2ac3
2ac2
2ac2
2ac1
2ac1
2ac0
2abf
2abf
2abe
2abe
2abd
2abd
2abc
2abb
2abb
2aba
2aba
2ab9
2ab8
2ab8
2ab7
2ab7
2ab6
2ab5
2ab5
2ab4
2ab4
2ab3
2ab3
2ab2
2ab1
2ab1
2ab0
2ab0
2aaf
2aae
2aae
2aad
2aad
2aac
2aac
2aab
2aaa
2aaa
2aa9
2aa9
2aa8
2aa7
2aa7
2aa6
2aa6
2aa5
2aa5
2aa4
2aa3
2aa3
2aa2
2aa2
2aa1
2aa0
2aa0
2a9f
2a9f
2a9e
2a9d
2a9d
2a9c
2a9c
2a9b
2a9b
2a9a
2a99
2a99
2a98
2a98
2a97
2a96
2a96
2a95
2a95
2a94
2a94
2a93
2a92
2a92
2a91
2a91
2a90
2a8f
2a8f
2a8e
2a8e
2a8d
2a8d
2a8c
2a8b
2a8b
2a8a
2a8a
2a89
2a88
2a88
2a87
2a87
2a86
2a86
2a85
2a84
2a84
2a83
2a83
2a82
2a82
2a81
2a80
2a80
2a7f
2a7f
2a7e
2a7d
2a7d
2a7c
2a7c
2a7b
2a7b
2a7a
2a79
2a79
2a78
2a78
2a77
2a76
2a76
2a75
2a75
2a74
2a74
2a73
2a72
2a72
2a71
2a71
2a70
2a70
2a6f
2a6e
2a6e
2a6d
2a6d
2a6c
2a6b
2a6b
2a6a
2a6a
2a69
2a69
2a68
2a67
2a67
2a66
2a66
2a65
2a64
2a64
2a63
2a63
2a62
2a62
2a61
2a60
2a60
2a5f
2a5f
2a5e
2a5e
2a5d
2a5c
2a5c
2a5b
2a5b
2a5a
2a59
2a59
2a58
2a58
2a57
2a57
2a56
2a55
2a55
2a54
2a54
2a53
2a53
2a52
2a51
2a51
2a50
2a50
2a4f
2a4f
2a4e
2a4d
2a4d
2a4c
2a4c
2a4b
2a4a
2a4a
2a49
2a49
2a48
2a48
2a47
2a46
2a46
2a45
2a45
2a44
2a44
2a43
2a42
2a42
2a41
2a41
2a40
2a40
2a3f
2a3e
2a3e
2a3d
2a3d
2a3c
2a3b
2a3b
2a3a
2a3a
2a39
2a39
2a38
2a37
2a37
2a36
2a36
2a35
2a35
2a34
2a33
2a33
2a32
2a32
2a31
2a31
2a30
2a2f
2a2f
2a2e
2a2e
2a2d
2a2d
2a2c
2a2b
2a2b
2a2a
2a2a
2a29
2a29
2a28
2a27
2a27
2a26
2a26
2a25
2a25
2a24
2a23
2a23
2a22
2a22
2a21
2a21
2a20
2a1f
2a1f
2a1e
2a1e
2a1d
2a1c
2a1c
2a1b
2a1b
2a1a
2a1a
2a19
2a18
2a18
2a17
2a17
2a16
2a16
2a15
2a14
2a14
2a13
2a13
2a12
2a12
2a11
2a10
2a10
2a0f
2a0f
2a0e
2a0e
2a0d
2a0c
2a0c
2a0b
2a0b
2a0a
2a0a
2a09
2a08
2a08
2a07
2a07
2a06
2a06
2a05
2a04
2a04
2a03
2a03
2a02
2a02
2a01
2a00
2a00
29ff
29ff
29fe
29fe
29fd
29fc
29fc
29fb
29fb
29fa
29fa
29f9
29f9
29f8
29f7
29f7
29f6
29f6
29f5
29f5
29f4
29f3
29f3
29f2
29f2
29f1
29f1
29f0
29ef
29ef
29ee
29ee
29ed
29ed
29ec
29eb
29eb
29ea
29ea
29e9
29e9
29e8
29e7
29e7
29e6
29e6
29e5
29e5
29e4
29e3
29e3
29e2
29e2
29e1
29e1
29e0
29e0
29df
29de
29de
29dd
29dd
29dc
29dc
29db
29da
29da
29d9
29d9
29d8
29d8
29d7
29d6
29d6
29d5
29d5
29d4
29d4
29d3
29d2
29d2
29d1
29d1
29d0
29d0
29cf
29cf
29ce
29cd
29cd
29cc
29cc
29cb
29cb
29ca
29c9
29c9
29c8
29c8
29c7
29c7
29c6
29c5
29c5
29c4
29c4
29c3
29c3
29c2
29c2
29c1
29c0
29c0
29bf
29bf
29be
29be
29bd
29bc
29bc
29bb
29bb
29ba
29ba
29b9
29b8
29b8
29b7
29b7
29b6
29b6
29b5
29b5
29b4
29b3
29b3
29b2
29b2
29b1
29b1
29b0
29af
29af
29ae
29ae
29ad
29ad
29ac
29ac
29ab
29aa
29aa
29a9
29a9
29a8
29a8
29a7
29a6
29a6
29a5
29a5
29a4
29a4
29a3
29a3
29a2
29a1
29a1
29a0
29a0
299f
299f
299e
299d
299d
299c
299c
299b
299b
299a
299a
2999
2998
2998
2997
2997
2996
2996
2995
2995
2994
2993
2993
2992
2992
2991
2991
2990
298f
298f
298e
298e
298d
298d
298c
298c
298b
298a
298a
2989
2989
2988
2988
2987
2987
2986
2985
2985
2984
2984
2983
2983
2982
2982
2981
2980
2980
297f
297f
297e
297e
297d
297c
297c
297b
297b
297a
297a
2979
2979
2978
2977
2977
2976
2976
2975
2975
2974
2974
2973
2972
2972
2971
2971
2970
2970
296f
296f
296e
296d
296d
296c
296c
296b
296b
296a
296a
2969
2968
2968
2967
2967
2966
2966
2965
2965
2964
2963
2963
2962
2962
2961
2961
2960
2960
295f
295e
295e
295d
295d
295c
295c
295b
295b
295a
2959
2959
2958
2958
2957
2957
2956
2956
2955
2954
2954
2953
2953
2952
2952
2951
2951
2950
294f
294f
294e
294e
294d
294d
294c
294c
294b
294a
294a
2949
2949
2948
2948
2947
2947
2946
2945
2945
2944
2944
2943
2943
2942
2942
2941
2941
2940
293f
293f
293e
293e
293d
293d
293c
293c
293b
293a
293a
2939
2939
2938
2938
2937
2937
2936
2935
2935
2934
2934
2933
2933
2932
2932
2931
2931
2930
292f
292f
292e
292e
292d
292d
292c
292c
292b
292a
292a
2929
2929
2928
2928
2927
2927
2926
2926
2925
2924
2924
2923
2923
2922
2922
2921
2921
2920
291f
291f
291e
291e
291d
291d
291c
291c
291b
291b
291a
2919
2919
2918
2918
2917
2917
2916
2916
2915
2915
2914
2913
2913
2912
2912
2911
2911
2910
2910
290f
290e
290e
290d
290d
290c
290c
290b
290b
290a
290a
2909
2908
2908
2907
2907
2906
2906
2905
2905
2904
2904
2903
2902
2902
2901
2901
2900
2900
28ff
28ff
28fe
28fe
28fd
28fc
28fc
28fb
28fb
28fa
28fa
28f9
28f9
28f8
28f8
28f7
28f6
28f6
28f5
28f5
28f4
28f4
28f3
28f3
28f2
28f2
28f1
28f0
28f0
28ef
28ef
28ee
28ee
28ed
28ed
28ec
28ec
28eb
28ea
28ea
28e9
28e9
28e8
28e8
28e7
28e7
28e6
28e6
28e5
28e5
28e4
28e3
28e3
28e2
28e2
28e1
28e1
28e0
28e0
28df
28df
28de
28dd
28dd
28dc
28dc
28db
28db
28da
28da
28d9
28d9
28d8
28d7
28d7
28d6
28d6
28d5
28d5
28d4
28d4
28d3
28d3
28d2
28d2
28d1
28d0
28d0
28cf
28cf
28ce
28ce
28cd
28cd
28cc
28cc
28cb
28ca
28ca
28c9
28c9
28c8
28c8
28c7
28c7
28c6
28c6
28c5
28c5
28c4
28c3
28c3
28c2
28c2
28c1
28c1
28c0
28c0
28bf
28bf
28be
28be
28bd
28bc
28bc
28bb
28bb
28ba
28ba
28b9
28b9
28b8
28b8
28b7
28b7
28b6
28b5
28b5
28b4
28b4
28b3
28b3
28b2
28b2
28b1
28b1
28b0
28b0
28af
28ae
28ae
28ad
28ad
28ac
28ac
28ab
28ab
28aa
28aa
28a9
28a9
28a8
28a7
28a7
28a6
28a6
28a5
28a5
28a4
28a4
28a3
28a3
28a2
28a2
28a1
28a0
28a0
289f
289f
289e
289e
289d
289d
289c
289c
289b
289b
289a
289a
2899
2898
2898
2897
2897
2896
2896
2895
2895
2894
2894
2893
2893
2892
2892
2891
2890
2890
288f
288f
288e
288e
288d
288d
288c
288c
288b
288b
288a
2889
2889
2888
2888
2887
2887
2886
2886
2885
2885
2884
2884
2883
2883
2882
2881
2881
2880
2880
287f
287f
287e
287e
287d
287d
287c
287c
287b
287b
287a
2879
2879
2878
2878
2877
2877
2876
2876
2875
2875
2874
2874
2873
2873
2872
2872
2871
2870
2870
286f
286f
286e
286e
286d
286d
286c
286c
286b
286b
286a
286a
2869
2868
2868
2867
2867
2866
2866
2865
2865
2864
2864
2863
2863
2862
2862
2861
2861
2860
285f
285f
285e
285e
285d
285d
285c
285c
285b
285b
285a
285a
2859
2859
2858
2858
2857
2856
2856
2855
2855
2854
2854
2853
2853
2852
2852
2851
2851
2850
2850
284f
284f
284e
284e
284d
284c
284c
284b
284b
284a
284a
2849
2849
2848
2848
2847
2847
2846
2846
2845
2845
2844
2843
2843
2842
2842
2841
2841
2840
2840
283f
283f
283e
283e
283d
283d
283c
283c
283b
283b
283a
2839
2839
2838
2838
2837
2837
2836
2836
2835
2835
2834
2834
2833
2833
2832
2832
2831
2831
2830
2830
282f
282e
282e
282d
282d
282c
282c
282b
282b
282a
282a
2829
2829
2828
2828
2827
2827
2826
2826
2825
2825
2824
2823
2823
2822
2822
2821
2821
2820
2820
281f
281f
281e
281e
281d
281d
281c
281c
281b
281b
281a
281a
2819
2818
2818
2817
2817
2816
2816
2815
2815
2814
2814
2813
2813
2812
2812
2811
2811
2810
2810
280f
280f
280e
280e
280d
280d
280c
280b
280b
280a
280a
2809
2809
2808
2808
2807
2807
2806
2806
2805
2805
2804
2804
2803
2803
2802
2802
2801
2801
2800
2800
27ff
27fe
27fe
27fd
27fd
27fc
27fc
27fb
27fb
27fa
27fa
27f9
27f9
27f8
27f8
27f7
27f7
27f6
27f6
27f5
27f5
27f4
27f4
27f3
27f3
27f2
27f2
27f1
27f0
27f0
27ef
27ef
27ee
27ee
27ed
27ed
27ec
27ec
27eb
27eb
27ea
27ea
27e9
27e9
27e8
27e8
27e7
27e7
27e6
27e6
27e5
27e5
27e4
27e4
27e3
27e3
27e2
27e1
27e1
27e0
27e0
27df
27df
27de
27de
27dd
27dd
27dc
27dc
27db
27db
27da
27da
27d9
27d9
27d8
27d8
27d7
27d7
27d6
27d6
27d5
27d5
27d4
27d4
27d3
27d3
27d2
27d2
27d1
27d0
27d0
27cf
27cf
27ce
27ce
27cd
27cd
27cc
27cc
27cb
27cb
27ca
27ca
27c9
27c9
27c8
27c8
27c7
27c7
27c6
27c6
27c5
27c5
27c4
27c4
27c3
27c3
27c2
27c2
27c1
27c1
27c0
27c0
27bf
27bf
27be
27be
27bd
27bc
27bc
27bb
27bb
27ba
27ba
27b9
27b9
27b8
27b8
27b7
27b7
27b6
27b6
27b5
27b5
27b4
27b4
27b3
27b3
27b2
27b2
27b1
27b1
27b0
27b0
27af
27af
27ae
27ae
27ad
27ad
27ac
27ac
27ab
27ab
27aa
27aa
27a9
27a9
27a8
27a8
27a7
27a7
27a6
27a6
27a5
27a4
27a4
27a3
27a3
27a2
27a2
27a1
27a1
27a0
27a0
279f
279f
279e
279e
279d
279d
279c
279c
279b
279b
279a
279a
2799
2799
2798
2798
2797
2797
2796
2796
2795
2795
2794
2794
2793
2793
2792
2792
2791
2791
2790
2790
278f
278f
278e
278e
278d
278d
278c
278c
278b
278b
278a
278a
2789
2789
2788
2788
2787
2787
2786
2786
2785
2785
2784
2784
2783
2782
2782
2781
2781
2780
2780
277f
277f
277e
277e
277d
277d
277c
277c
277b
277b
277a
277a
2779
2779
2778
2778
2777
2777
2776
2776
2775
2775
2774
2774
2773
2773
2772
2772
2771
2771
2770
2770
276f
276f
276e
276e
276d
276d
276c
276c
276b
276b
276a
276a
2769
2769
2768
2768
2767
2767
2766
2766
2765
2765
2764
2764
2763
2763
2762
2762
2761
2761
2760
2760
275f
275f
275e
275e
275d
275d
275c
275c
275b
275b
275a
275a
2759
2759
2758
2758
2757
2757
2756
2756
2755
2755
2754
2754
2753
2753
2752
2752
2751
2751
2750
2750
274f
274f
274e
274e
274d
274d
274c
274c
274b
274b
274a
274a
2749
2749
2748
2748
2747
2747
2746
2746
2745
2745
2744
2744
2743
2743
2742
2742
2741
2741
2740
2740
273f
273f
273e
273e
273d
273d
273c
273c
273b
273b
273a
273a
2739
2739
2738
2738
2737
2737
2736
2736
2735
2735
2734
2734
2733
2733
2732
2732
2731
2731
2730
2730
272f
272f
272e
272e
272d
272d
272c
272c
272b
272b
272a
272a
2729
2729
2728
2728
2727
2727
2726
2726
2725
2725
2725
2724
2724
2723
2723
2722
2722
2721
2721
2720
2720
271f
271f
271e
271e
271d
271d
271c
271c
271b
271b
271a
271a
2719
2719
2718
2718
2717
2717
2716
2716
2715
2715
2714
2714
2713
2713
2712
2712
2711
2711
2710
2710
270f
270f
270e
270e
270d
270d
270c
270c
270b
270b
270a
270a
2709
2709
2708
2708
2707
2707
2706
2706
2705
2705
2704
2704
2704
2703
2703
2702
2702
2701
2701
2700
2700
26ff
26ff
26fe
26fe
26fd
26fd
26fc
26fc
26fb
26fb
26fa
26fa
26f9
26f9
26f8
26f8
26f7
26f7
26f6
26f6
26f5
26f5
26f4
26f4
26f3
26f3
26f2
26f2
26f1
26f1
26f0
26f0
26ef
26ef
26ee
26ee
26ed
26ed
26ed
26ec
26ec
26eb
26eb
26ea
26ea
26e9
26e9
26e8
26e8
26e7
26e7
26e6
26e6
26e5
26e5
26e4
26e4
26e3
26e3
26e2
26e2
26e1
26e1
26e0
26e0
26df
26df
26de
26de
26dd
26dd
26dc
26dc
26db
26db
26db
26da
26da
26d9
26d9
26d8
26d8
26d7
26d7
26d6
26d6
26d5
26d5
26d4
26d4
26d3
26d3
26d2
26d2
26d1
26d1
26d0
26d0
26cf
26cf
26ce
26ce
26cd
26cd
26cc
26cc
26cb
26cb
26cb
26ca
26ca
26c9
26c9
26c8
26c8
26c7
26c7
26c6
26c6
26c5
26c5
26c4
26c4
26c3
26c3
26c2
26c2
26c1
26c1
26c0
26c0
26bf
26bf
26be
26be
26bd
26bd
26bd
26bc
26bc
26bb
26bb
26ba
26ba
26b9
26b9
26b8
26b8
26b7
26b7
26b6
26b6
26b5
26b5
26b4
26b4
26b3
26b3
26b2
26b2
26b1
26b1
26b0
26b0
26b0
26af
26af
26ae
26ae
26ad
26ad
26ac
26ac
26ab
26ab
26aa
26aa
26a9
26a9
26a8
26a8
26a7
26a7
26a6
26a6
26a5
26a5
26a5
26a4
26a4
26a3
26a3
26a2
26a2
26a1
26a1
26a0
26a0
269f
269f
269e
269e
269d
269d
269c
269c
269b
269b
269a
269a
269a
2699
2699
2698
2698
2697
2697
2696
2696
2695
2695
2694
2694
2693
2693
2692
2692
2691
2691
2690
2690
268f
268f
268f
268e
268e
268d
268d
268c
268c
268b
268b
268a
268a
2689
2689
2688
2688
2687
2687
2686
2686
2685
2685
2685
2684
2684
2683
2683
2682
2682
2681
2681
2680
2680
267f
267f
267e
267e
267d
267d
267c
267c
267c
267b
267b
267a
267a
2679
2679
2678
2678
2677
2677
2676
2676
2675
2675
2674
2674
2673
2673
2673
2672
2672
2671
2671
2670
2670
266f
266f
266e
266e
266d
266d
266c
266c
266b
266b
266b
266a
266a
2669
2669
2668
2668
2667
2667
2666
2666
2665
2665
2664
2664
2663
2663
2663
2662
2662
2661
2661
2660
2660
265f
265f
265e
265e
265d
265d
265c
265c
265b
265b
265b
265a
265a
2659
2659
2658
2658
2657
2657
2656
2656
2655
2655
2654
2654
2653
2653
2653
2652
2652
2651
2651
2650
2650
264f
264f
264e
264e
264d
264d
264c
264c
264c
264b
264b
264a
264a
2649
2649
2648
2648
2647
2647
2646
2646
2645
2645
2645
2644
2644
2643
2643
2642
2642
2641
2641
2640
2640
263f
263f
263e
263e
263e
263d
263d
263c
263c
263b
263b
263a
263a
2639
2639
2638
2638
2637
2637
2637
2636
2636
2635
2635
2634
2634
2633
2633
2632
2632
2631
2631
2631
2630
2630
262f
262f
262e
262e
262d
262d
262c
262c
262b
262b
262a
262a
262a
2629
2629
2628
2628
2627
2627
2626
2626
2625
2625
2624
2624
2624
2623
2623
2622
2622
2621
2621
2620
2620
261f
261f
261e
261e
261e
261d
261d
261c
261c
261b
261b
261a
261a
2619
2619
2618
2618
2618
2617
2617
2616
2616
2615
2615
2614
2614
2613
2613
2612
2612
2612
2611
2611
2610
2610
260f
260f
260e
260e
260d
260d
260c
260c
260c
260b
260b
260a
260a
2609
2609
2608
2608
2607
2607
2607
2606
2606
2605
2605
2604
2604
2603
2603
2602
2602
2601
2601
2601
2600
2600
25ff
25ff
25fe
25fe
25fd
25fd
25fc
25fc
25fc
25fb
25fb
25fa
25fa
25f9
25f9
25f8
25f8
25f7
25f7
25f7
25f6
25f6
25f5
25f5
25f4
25f4
25f3
25f3
25f2
25f2
25f1
25f1
25f1
25f0
25f0
25ef
25ef
25ee
25ee
25ed
25ed
25ec
25ec
25ec
25eb
25eb
25ea
25ea
25e9
25e9
25e8
25e8
25e7
25e7
25e7
25e6
25e6
25e5
25e5
25e4
25e4
25e3
25e3
25e2
25e2
25e2
25e1
25e1
25e0
25e0
25df
25df
25de
25de
25dd
25dd
25dd
25dc
25dc
25db
25db
25da
25da
25d9
25d9
25d9
25d8
25d8
25d7
25d7
25d6
25d6
25d5
25d5
25d4
25d4
25d4
25d3
25d3
25d2
25d2
25d1
25d1
25d0
25d0
25cf
25cf
25cf
25ce
25ce
25cd
25cd
25cc
25cc
25cb
25cb
25cb
25ca
25ca
25c9
25c9
25c8
25c8
25c7
25c7
25c6
25c6
25c6
25c5
25c5
25c4
25c4
25c3
25c3
25c2
25c2
25c2
25c1
25c1
25c0
25c0
25bf
25bf
25be
25be
25bd
25bd
25bd
25bc
25bc
25bb
25bb
25ba
25ba
25b9
25b9
25b9
25b8
25b8
25b7
25b7
25b6
25b6
25b5
25b5
25b5
25b4
25b4
25b3
25b3
25b2
25b2
25b1
25b1
25b1
25b0
25b0
25af
25af
25ae
25ae
25ad
25ad
25ac
25ac
25ac
25ab
25ab
25aa
25aa
25a9
25a9
25a8
25a8
25a8
25a7
25a7
25a6
25a6
25a5
25a5
25a4
25a4
25a4
25a3
25a3
25a2
25a2
25a1
25a1
25a0
25a0
25a0
259f
259f
259e
259e
259d
259d
259c
259c
259c
259b
259b
259a
259a
2599
2599
2598
2598
2598
2597
2597
2596
2596
2595
2595
2594
2594
2594
2593
2593
2592
2592
2591
2591
2590
2590
2590
258f
258f
258e
258e
258d
258d
258d
258c
258c
258b
258b
258a
258a
2589
2589
2589
2588
2588
2587
2587
2586
2586
2585
2585
2585
2584
2584
2583
2583
2582
2582
2581
2581
2581
2580
2580
257f
257f
257e
257e
257e
257d
257d
257c
257c
257b
257b
257a
257a
257a
2579
2579
2578
2578
2577
2577
2576
2576
2576
2575
2575
2574
2574
2573
2573
2573
2572
2572
2571
2571
2570
2570
256f
256f
256f
256e
256e
256d
256d
256c
256c
256c
256b
256b
256a
256a
2569
2569
2568
2568
2568
2567
2567
2566
2566
2565
2565
2565
2564
2564
2563
2563
2562
2562
2562
2561
2561
2560
2560
255f
255f
255e
255e
255e
255d
255d
255c
255c
255b
255b
255b
255a
255a
2559
2559
2558
2558
2558
2557
2557
2556
2556
2555
2555
2554
2554
2554
2553
2553
2552
2552
2551
2551
2551
2550
2550
254f
254f
254e
254e
254e
254d
254d
254c
254c
254b
254b
254b
254a
254a
2549
2549
2548
2548
2547
2547
2547
2546
2546
2545
2545
2544
2544
2544
2543
2543
2542
2542
2541
2541
2541
2540
2540
253f
253f
253e
253e
253e
253d
253d
253c
253c
253b
253b
253b
253a
253a
2539
2539
2538
2538
2538
2537
2537
2536
2536
2535
2535
2535
2534
2534
2533
2533
2532
2532
2532
2531
2531
2530
2530
252f
252f
252f
252e
252e
252d
252d
252c
252c
252c
252b
252b
252a
252a
2529
2529
2529
2528
2528
2527
2527
2526
2526
2526
2525
2525
2524
2524
2523
2523
2523
2522
2522
2521
2521
2520
2520
2520
251f
251f
251e
251e
251d
251d
251d
251c
251c
251b
251b
251a
251a
251a
2519
2519
2518
2518
2517
2517
2517
2516
2516
2515
2515
2515
2514
2514
2513
2513
2512
2512
2512
2511
2511
2510
2510
250f
250f
250f
250e
250e
250d
250d
250c
250c
250c
250b
250b
250a
250a
250a
2509
2509
2508
2508
2507
2507
2507
2506
2506
2505
2505
2504
2504
2504
2503
2503
2502
2502
2501
2501
2501
2500
2500
24ff
24ff
24ff
24fe
24fe
24fd
24fd
24fc
24fc
24fc
24fb
24fb
24fa
24fa
24f9
24f9
24f9
24f8
24f8
24f7
24f7
24f7
24f6
24f6
24f5
24f5
24f4
24f4
24f4
24f3
24f3
24f2
24f2
24f2
24f1
24f1
24f0
24f0
24ef
24ef
24ef
24ee
24ee
24ed
24ed
24ec
24ec
24ec
24eb
24eb
24ea
24ea
24ea
24e9
24e9
24e8
24e8
24e7
24e7
24e7
24e6
24e6
24e5
24e5
24e5
24e4
24e4
24e3
24e3
24e2
24e2
24e2
24e1
24e1
24e0
24e0
24e0
24df
24df
24de
24de
24dd
24dd
24dd
24dc
24dc
24db
24db
24db
24da
24da
24d9
24d9
24d8
24d8
24d8
24d7
24d7
24d6
24d6
24d6
24d5
24d5
24d4
24d4
24d3
24d3
24d3
24d2
24d2
24d1
24d1
24d1
24d0
24d0
24cf
24cf
24cf
24ce
24ce
24cd
24cd
24cc
24cc
24cc
24cb
24cb
24ca
24ca
24ca
24c9
24c9
24c8
24c8
24c7
24c7
24c7
24c6
24c6
24c5
24c5
24c5
24c4
24c4
24c3
24c3
24c3
24c2
24c2
24c1
24c1
24c0
24c0
24c0
24bf
24bf
24be
24be
24be
24bd
24bd
24bc
24bc
24bc
24bb
24bb
24ba
24ba
24ba
24b9
24b9
24b8
24b8
24b7
24b7
24b7
24b6
24b6
24b5
24b5
24b5
24b4
24b4
24b3
24b3
24b3
24b2
24b2
24b1
24b1
24b0
24b0
24b0
24af
24af
24ae
24ae
24ae
24ad
24ad
24ac
24ac
24ac
24ab
24ab
24aa
24aa
24aa
24a9
24a9
24a8
24a8
24a7
24a7
24a7
24a6
24a6
24a5
24a5
24a5
24a4
24a4
24a3
24a3
24a3
24a2
24a2
24a1
24a1
24a1
24a0
24a0
249f
249f
249f
249e
249e
249d
249d
249d
249c
249c
249b
249b
249a
249a
249a
2499
2499
2498
2498
2498
2497
2497
2496
2496
2496
2495
2495
2494
2494
2494
2493
2493
2492
2492
2492
2491
2491
2490
2490
2490
248f
248f
248e
248e
248e
248d
248d
248c
248c
248c
248b
248b
248a
248a
248a
2489
2489
2488
2488
2487
2487
2487
2486
2486
2485
2485
2485
2484
2484
2483
2483
2483
2482
2482
2481
2481
2481
2480
2480
247f
247f
247f
247e
247e
247d
247d
247d
247c
247c
247b
247b
247b
247a
247a
2479
2479
2479
2478
2478
2477
2477
2477
2476
2476
2475
2475
2475
2474
2474
2473
2473
2473
2472
2472
2471
2471
2471
2470
2470
246f
246f
246f
246e
246e
246d
246d
246d
246c
246c
246b
246b
246b
246a
246a
2469
2469
2469
2468
2468
2467
2467
2467
2466
2466
2466
2465
2465
2464
2464
2464
2463
2463
2462
2462
2462
2461
2461
2460
2460
2460
245f
245f
245e
245e
245e
245d
245d
245c
245c
245c
245b
245b
245a
245a
245a
2459
2459
2458
2458
2458
2457
2457
2456
2456
2456
2455
2455
2454
2454
2454
2453
2453
2453
2452
2452
2451
2451
2451
2450
2450
244f
244f
244f
244e
244e
244d
244d
244d
244c
244c
244b
244b
244b
244a
244a
2449
2449
2449
2448
2448
2448
2447
2447
2446
2446
2446
2445
2445
2444
2444
2444
2443
2443
2442
2442
2442
2441
2441
2440
2440
2440
243f
243f
243f
243e
243e
243d
243d
243d
243c
243c
243b
243b
243b
243a
243a
2439
2439
2439
2438
2438
2437
2437
2437
2436
2436
2436
2435
2435
2434
2434
2434
2433
2433
2432
2432
2432
2431
2431
2430
2430
2430
242f
242f
242f
242e
242e
242d
242d
242d
242c
242c
242b
242b
242b
242a
242a
242a
2429
2429
2428
2428
2428
2427
2427
2426
2426
2426
2425
2425
2424
2424
2424
2423
2423
2423
2422
2422
2421
2421
2421
2420
2420
241f
241f
241f
241e
241e
241e
241d
241d
241c
241c
241c
241b
241b
241a
241a
241a
2419
2419
2419
2418
2418
2417
2417
2417
2416
2416
2415
2415
2415
2414
2414
2414
2413
2413
2412
2412
2412
2411
2411
2410
2410
2410
240f
240f
240f
240e
240e
240d
240d
240d
240c
240c
240c
240b
240b
240a
240a
240a
2409
2409
2408
2408
2408
2407
2407
2407
2406
2406
2405
2405
2405
2404
2404
2403
2403
2403
2402
2402
2402
2401
2401
2400
2400
2400
23ff
23ff
23ff
23fe
23fe
23fd
23fd
23fd
23fc
23fc
23fc
23fb
23fb
23fa
23fa
23fa
23f9
23f9
23f8
23f8
23f8
23f7
23f7
23f7
23f6
23f6
23f5
23f5
23f5
23f4
23f4
23f4
23f3
23f3
23f2
23f2
23f2
23f1
23f1
23f1
23f0
23f0
23ef
23ef
23ef
23ee
23ee
23ee
23ed
23ed
23ec
23ec
23ec
23eb
23eb
23eb
23ea
23ea
23e9
23e9
23e9
23e8
23e8
23e8
23e7
23e7
23e6
23e6
23e6
23e5
23e5
23e5
23e4
23e4
23e3
23e3
23e3
23e2
23e2
23e2
23e1
23e1
23e0
23e0
23e0
23df
23df
23df
23de
23de
23dd
23dd
23dd
23dc
23dc
23dc
23db
23db
23da
23da
23da
23d9
23d9
23d9
23d8
23d8
23d7
23d7
23d7
23d6
23d6
23d6
23d5
23d5
23d4
23d4
23d4
23d3
23d3
23d3
23d2
23d2
23d1
23d1
23d1
23d0
23d0
23d0
23cf
23cf
23ce
23ce
23ce
23cd
23cd
23cd
23cc
23cc
23cc
23cb
23cb
23ca
23ca
23ca
23c9
23c9
23c9
23c8
23c8
23c7
23c7
23c7
23c6
23c6
23c6
23c5
23c5
23c4
23c4
23c4
23c3
23c3
23c3
23c2
23c2
23c2
23c1
23c1
23c0
23c0
23c0
23bf
23bf
23bf
23be
23be
23bd
23bd
23bd
23bc
23bc
23bc
23bb
23bb
23bb
23ba
23ba
23b9
23b9
23b9
23b8
23b8
23b8
23b7
23b7
23b6
23b6
23b6
23b5
23b5
23b5
23b4
23b4
23b4
23b3
23b3
23b2
23b2
23b2
23b1
23b1
23b1
23b0
23b0
23b0
23af
23af
23ae
23ae
23ae
23ad
23ad
23ad
23ac
23ac
23ac
23ab
23ab
23aa
23aa
23aa
23a9
23a9
23a9
23a8
23a8
23a7
23a7
23a7
23a6
23a6
23a6
23a5
23a5
23a5
23a4
23a4
23a3
23a3
23a3
23a2
23a2
23a2
23a1
23a1
23a1
23a0
23a0
23a0
239f
239f
239e
239e
239e
239d
239d
239d
239c
239c
239c
239b
239b
239a
239a
239a
2399
2399
2399
2398
2398
2398
2397
2397
2396
2396
2396
2395
2395
2395
2394
2394
2394
2393
2393
2392
2392
2392
2391
2391
2391
2390
2390
2390
238f
238f
238f
238e
238e
238d
238d
238d
238c
238c
238c
238b
238b
238b
238a
238a
2389
2389
2389
2388
2388
2388
2387
2387
2387
2386
2386
2386
2385
2385
2384
2384
2384
2383
2383
2383
2382
2382
2382
2381
2381
2381
2380
2380
237f
237f
237f
237e
237e
237e
237d
237d
237d
237c
237c
237c
237b
237b
237a
237a
237a
2379
2379
2379
2378
2378
2378
2377
2377
2377
2376
2376
2376
2375
2375
2374
2374
2374
2373
2373
2373
2372
2372
2372
2371
2371
2371
2370
2370
236f
236f
236f
236e
236e
236e
236d
236d
236d
236c
236c
236c
236b
236b
236b
236a
236a
2369
2369
2369
2368
2368
2368
2367
2367
2367
2366
2366
2366
2365
2365
2365
2364
2364
2363
2363
2363
2362
2362
2362
2361
2361
2361
2360
2360
2360
235f
235f
235f
235e
235e
235e
235d
235d
235c
235c
235c
235b
235b
235b
235a
235a
235a
2359
2359
2359
2358
2358
2358
2357
2357
2357
2356
2356
2355
2355
2355
2354
2354
2354
2353
2353
2353
2352
2352
2352
2351
2351
2351
2350
2350
2350
234f
234f
234f
234e
234e
234d
234d
234d
234c
234c
234c
234b
234b
234b
234a
234a
234a
2349
2349
2349
2348
2348
2348
2347
2347
2347
2346
2346
2346
2345
2345
2344
2344
2344
2343
2343
2343
2342
2342
2342
2341
2341
2341
2340
2340
2340
233f
233f
233f
233e
233e
233e
233d
233d
233d
233c
233c
233c
233b
233b
233a
233a
233a
2339
2339
2339
2338
2338
2338
2337
2337
2337
2336
2336
2336
2335
2335
2335
2334
2334
2334
2333
2333
2333
2332
2332
2332
2331
2331
2331
2330
2330
2330
232f
232f
232f
232e
232e
232d
232d
232d
232c
232c
232c
232b
232b
232b
232a
232a
232a
2329
2329
2329
2328
2328
2328
2327
2327
2327
2326
2326
2326
2325
2325
2325
2324
2324
2324
2323
2323
2323
2322
2322
2322
2321
2321
2321
2320
2320
2320
231f
231f
231f
231e
231e
231e
231d
231d
231d
231c
231c
231c
231b
231b
231a
231a
231a
2319
2319
2319
2318
2318
2318
2317
2317
2317
2316
2316
2316
2315
2315
2315
2314
2314
2314
2313
2313
2313
2312
2312
2312
2311
2311
2311
2310
2310
2310
230f
230f
230f
230e
230e
230e
230d
230d
230d
230c
230c
230c
230b
230b
230b
230a
230a
230a
2309
2309
2309
2308
2308
2308
2307
2307
2307
2306
2306
2306
2305
2305
2305
2304
2304
2304
2303
2303
2303
2302
2302
2302
2301
2301
2301
2300
2300
2300
22ff
22ff
22ff
22fe
22fe
22fe
22fd
22fd
22fd
22fc
22fc
22fc
22fb
22fb
22fb
22fa
22fa
22fa
22f9
22f9
22f9
22f8
22f8
22f8
22f7
22f7
22f7
22f6
22f6
22f6
22f5
22f5
22f5
22f4
22f4
22f4
22f4
22f3
22f3
22f3
22f2
22f2
22f2
22f1
22f1
22f1
22f0
22f0
22f0
22ef
22ef
22ef
22ee
22ee
22ee
22ed
22ed
22ed
22ec
22ec
22ec
22eb
22eb
22eb
22ea
22ea
22ea
22e9
22e9
22e9
22e8
22e8
22e8
22e7
22e7
22e7
22e6
22e6
22e6
22e5
22e5
22e5
22e4
22e4
22e4
22e3
22e3
22e3
22e2
22e2
22e2
22e2
22e1
22e1
22e1
22e0
22e0
22e0
22df
22df
22df
22de
22de
22de
22dd
22dd
22dd
22dc
22dc
22dc
22db
22db
22db
22da
22da
22da
22d9
22d9
22d9
22d8
22d8
22d8
22d7
22d7
22d7
22d6
22d6
22d6
22d6
22d5
22d5
22d5
22d4
22d4
22d4
22d3
22d3
22d3
22d2
22d2
22d2
22d1
22d1
22d1
22d0
22d0
22d0
22cf
22cf
22cf
22ce
22ce
22ce
22cd
22cd
22cd
22cc
22cc
22cc
22cc
22cb
22cb
22cb
22ca
22ca
22ca
22c9
22c9
22c9
22c8
22c8
22c8
22c7
22c7
22c7
22c6
22c6
22c6
22c5
22c5
22c5
22c4
22c4
22c4
22c4
22c3
22c3
22c3
22c2
22c2
22c2
22c1
22c1
22c1
22c0
22c0
22c0
22bf
22bf
22bf
22be
22be
22be
22bd
22bd
22bd
22bd
22bc
22bc
22bc
22bb
22bb
22bb
22ba
22ba
22ba
22b9
22b9
22b9
22b8
22b8
22b8
22b7
22b7
22b7
22b7
22b6
22b6
22b6
22b5
22b5
22b5
22b4
22b4
22b4
22b3
22b3
22b3
22b2
22b2
22b2
22b1
22b1
22b1
22b1
22b0
22b0
22b0
22af
22af
22af
22ae
22ae
22ae
22ad
22ad
22ad
22ac
22ac
22ac
22ab
22ab
22ab
22ab
22aa
22aa
22aa
22a9
22a9
22a9
22a8
22a8
22a8
22a7
22a7
22a7
22a6
22a6
22a6
22a6
22a5
22a5
22a5
22a4
22a4
22a4
22a3
22a3
22a3
22a2
22a2
22a2
22a1
22a1
22a1
22a1
22a0
22a0
22a0
229f
229f
229f
229e
229e
229e
229d
229d
229d
229c
229c
229c
229c
229b
229b
229b
229a
229a
229a
2299
2299
2299
2298
2298
2298
2298
2297
2297
2297
2296
2296
2296
2295
2295
2295
2294
2294
2294
2294
2293
2293
2293
2292
2292
2292
2291
2291
2291
2290
2290
2290
2290
228f
228f
228f
228e
228e
228e
228d
228d
228d
228c
228c
228c
228c
228b
228b
228b
228a
228a
228a
2289
2289
2289
2288
2288
2288
2288
2287
2287
2287
2286
2286
2286
2285
2285
2285
2284
2284
2284
2284
2283
2283
2283
2282
2282
2282
2281
2281
2281
2281
2280
2280
2280
227f
227f
227f
227e
227e
227e
227d
227d
227d
227d
227c
227c
227c
227b
227b
227b
227a
227a
227a
227a
2279
2279
2279
2278
2278
2278
2277
2277
2277
2277
2276
2276
2276
2275
2275
2275
2274
2274
2274
2274
2273
2273
2273
2272
2272
2272
2271
2271
2271
2271
2270
2270
2270
226f
226f
226f
226e
226e
226e
226e
226d
226d
226d
226c
226c
226c
226b
226b
226b
226b
226a
226a
226a
2269
2269
2269
2268
2268
2268
2268
2267
2267
2267
2266
2266
2266
2265
2265
2265
2265
2264
2264
2264
2263
2263
2263
2262
2262
2262
2262
2261
2261
2261
2260
2260
2260
225f
225f
225f
225f
225e
225e
225e
225d
225d
225d
225d
225c
225c
225c
225b
225b
225b
225a
225a
225a
225a
2259
2259
2259
2258
2258
2258
2258
2257
2257
2257
2256
2256
2256
2255
2255
2255
2255
2254
2254
2254
2253
2253
2253
2253
2252
2252
2252
2251
2251
2251
2250
2250
2250
2250
224f
224f
224f
224e
224e
224e
224e
224d
224d
224d
224c
224c
224c
224b
224b
224b
224b
224a
224a
224a
2249
2249
2249
2249
2248
2248
2248
2247
2247
2247
2247
2246
2246
2246
2245
2245
2245
2244
2244
2244
2244
2243
2243
2243
2242
2242
2242
2242
2241
2241
2241
2240
2240
2240
2240
223f
223f
223f
223e
223e
223e
223e
223d
223d
223d
223c
223c
223c
223c
223b
223b
223b
223a
223a
223a
223a
2239
2239
2239
2238
2238
2238
2238
2237
2237
2237
2236
2236
2236
2236
2235
2235
2235
2234
2234
2234
2234
2233
2233
2233
2232
2232
2232
2232
2231
2231
2231
2230
2230
2230
2230
222f
222f
222f
222e
222e
222e
222e
222d
222d
222d
222c
222c
222c
222c
222b
222b
222b
222a
222a
222a
222a
2229
2229
2229
2228
2228
2228
2228
2227
2227
2227
2226
2226
2226
2226
2225
2225
2225
2224
2224
2224
2224
2223
2223
2223
2222
2222
2222
2222
2221
2221
2221
2220
2220
2220
2220
221f
221f
221f
221f
221e
221e
221e
221d
221d
221d
221d
221c
221c
221c
221b
221b
221b
221b
221a
221a
221a
2219
2219
2219
2219
2218
2218
2218
2218
2217
2217
2217
2216
2216
2216
2216
2215
2215
2215
2214
2214
2214
2214
2213
2213
2213
2213
2212
2212
2212
2211
2211
2211
2211
2210
2210
2210
220f
220f
220f
220f
220e
220e
220e
220e
220d
220d
220d
220c
220c
220c
220c
220b
220b
220b
220a
220a
220a
220a
2209
2209
2209
2209
2208
2208
2208
2207
2207
2207
2207
2206
2206
2206
2206
2205
2205
2205
2204
2204
2204
2204
2203
2203
2203
2203
2202
2202
2202
2201
2201
2201
2201
2200
2200
2200
2200
21ff
21ff
21ff
21fe
21fe
21fe
21fe
21fd
21fd
21fd
21fd
21fc
21fc
21fc
21fb
21fb
21fb
21fb
21fa
21fa
21fa
21fa
21f9
21f9
21f9
21f8
21f8
21f8
21f8
21f7
21f7
21f7
21f7
21f6
21f6
21f6
21f5
21f5
21f5
21f5
21f4
21f4
21f4
21f4
21f3
21f3
21f3
21f3
21f2
21f2
21f2
21f1
21f1
21f1
21f1
21f0
21f0
21f0
21f0
21ef
21ef
21ef
21ee
21ee
21ee
21ee
21ed
21ed
21ed
21ed
21ec
21ec
21ec
21ec
21eb
21eb
21eb
21ea
21ea
21ea
21ea
21e9
21e9
21e9
21e9
21e8
21e8
21e8
21e8
21e7
21e7
21e7
21e6
21e6
21e6
21e6
21e5
21e5
21e5
21e5
21e4
21e4
21e4
21e4
21e3
21e3
21e3
21e2
21e2
21e2
21e2
21e1
21e1
21e1
21e1
21e0
21e0
21e0
21e0
21df
21df
21df
21de
21de
21de
21de
21dd
21dd
21dd
21dd
21dc
21dc
21dc
21dc
21db
21db
21db
21db
21da
21da
21da
21d9
21d9
21d9
21d9
21d8
21d8
21d8
21d8
21d7
21d7
21d7
21d7
21d6
21d6
21d6
21d6
21d5
21d5
21d5
21d5
21d4
21d4
21d4
21d3
21d3
21d3
21d3
21d2
21d2
21d2
21d2
21d1
21d1
21d1
21d1
21d0
21d0
21d0
21d0
21cf
21cf
21cf
21cf
21ce
21ce
21ce
21cd
21cd
21cd
21cd
21cc
21cc
21cc
21cc
21cb
21cb
21cb
21cb
21ca
21ca
21ca
21ca
21c9
21c9
21c9
21c9
21c8
21c8
21c8
21c8
21c7
21c7
21c7
21c6
21c6
21c6
21c6
21c5
21c5
21c5
21c5
21c4
21c4
21c4
21c4
21c3
21c3
21c3
21c3
21c2
21c2
21c2
21c2
21c1
21c1
21c1
21c1
21c0
21c0
21c0
21c0
21bf
21bf
21bf
21bf
21be
21be
21be
21be
21bd
21bd
21bd
21bc
21bc
21bc
21bc
21bb
21bb
21bb
21bb
21ba
21ba
21ba
21ba
21b9
21b9
21b9
21b9
21b8
21b8
21b8
21b8
21b7
21b7
21b7
21b7
21b6
21b6
21b6
21b6
21b5
21b5
21b5
21b5
21b4
21b4
21b4
21b4
21b3
21b3
21b3
21b3
21b2
21b2
21b2
21b2
21b1
21b1
21b1
21b1
21b0
21b0
21b0
21b0
21af
21af
21af
21af
21ae
21ae
21ae
21ae
21ad
21ad
21ad
21ad
21ac
21ac
21ac
21ac
21ab
21ab
21ab
21ab
21aa
21aa
21aa
21aa
21a9
21a9
21a9
21a9
21a8
21a8
21a8
21a8
21a7
21a7
21a7
21a7
21a6
21a6
21a6
21a6
21a5
21a5
21a5
21a5
21a4
21a4
21a4
21a4
21a3
21a3
21a3
21a3
21a2
21a2
21a2
21a2
21a1
21a1
21a1
21a1
21a0
21a0
21a0
21a0
219f
219f
219f
219f
219e
219e
219e
219e
219d
219d
219d
219d
219c
219c
219c
219c
219b
219b
219b
219b
219a
219a
219a
219a
219a
2199
2199
2199
2199
2198
2198
2198
2198
2197
2197
2197
2197
2196
2196
2196
2196
2195
2195
2195
2195
2194
2194
2194
2194
2193
2193
2193
2193
2192
2192
2192
2192
2191
2191
2191
2191
2190
2190
2190
2190
2190
218f
218f
218f
218f
218e
218e
218e
218e
218d
218d
218d
218d
218c
218c
218c
218c
218b
218b
218b
218b
218a
218a
218a
218a
2189
2189
2189
2189
2189
2188
2188
2188
2188
2187
2187
2187
2187
2186
2186
2186
2186
2185
2185
2185
2185
2184
2184
2184
2184
2184
2183
2183
2183
2183
2182
2182
2182
2182
2181
2181
2181
2181
2180
2180
2180
2180
217f
217f
217f
217f
217f
217e
217e
217e
217e
217d
217d
217d
217d
217c
217c
217c
217c
217b
217b
217b
217b
217b
217a
217a
217a
217a
2179
2179
2179
2179
2178
2178
2178
2178
2177
2177
2177
2177
2177
2176
2176
2176
2176
2175
2175
2175
2175
2174
2174
2174
2174
2173
2173
2173
2173
2173
2172
2172
2172
2172
2171
2171
2171
2171
2170
2170
2170
2170
2170
216f
216f
216f
216f
216e
216e
216e
216e
216d
216d
216d
216d
216c
216c
216c
216c
216c
216b
216b
216b
216b
216a
216a
216a
216a
2169
2169
2169
2169
2169
2168
2168
2168
2168
2167
2167
2167
2167
2167
2166
2166
2166
2166
2165
2165
2165
2165
2164
2164
2164
2164
2164
2163
2163
2163
2163
2162
2162
2162
2162
2161
2161
2161
2161
2161
2160
2160
2160
2160
215f
215f
215f
215f
215f
215e
215e
215e
215e
215d
215d
215d
215d
215c
215c
215c
215c
215c
215b
215b
215b
215b
215a
215a
215a
215a
215a
2159
2159
2159
2159
2158
2158
2158
2158
2158
2157
2157
2157
2157
2156
2156
2156
2156
2155
2155
2155
2155
2155
2154
2154
2154
2154
2153
2153
2153
2153
2153
2152
2152
2152
2152
2151
2151
2151
2151
2151
2150
2150
2150
2150
214f
214f
214f
214f
214f
214e
214e
214e
214e
214d
214d
214d
214d
214d
214c
214c
214c
214c
214b
214b
214b
214b
214b
214a
214a
214a
214a
214a
2149
2149
2149
2149
2148
2148
2148
2148
2148
2147
2147
2147
2147
2146
2146
2146
2146
2146
2145
2145
2145
2145
2144
2144
2144
2144
2144
2143
2143
2143
2143
2142
2142
2142
2142
2142
2141
2141
2141
2141
2141
2140
2140
2140
2140
213f
213f
213f
213f
213f
213e
213e
213e
213e
213e
213d
213d
213d
213d
213c
213c
213c
213c
213c
213b
213b
213b
213b
213a
213a
213a
213a
213a
2139
2139
2139
2139
2139
2138
2138
2138
2138
2137
2137
2137
2137
2137
2136
2136
2136
2136
2136
2135
2135
2135
2135
2134
2134
2134
2134
2134
2133
2133
2133
2133
2133
2132
2132
2132
2132
2132
2131
2131
2131
2131
2130
2130
2130
2130
2130
212f
212f
212f
212f
212f
212e
212e
212e
212e
212d
212d
212d
212d
212d
212c
212c
212c
212c
212c
212b
212b
212b
212b
212b
212a
212a
212a
212a
212a
2129
2129
2129
2129
2128
2128
2128
2128
2128
2127
2127
2127
2127
2127
2126
2126
2126
2126
2126
2125
2125
2125
2125
2124
2124
2124
2124
2124
2123
2123
2123
2123
2123
2122
2122
2122
2122
2122
2121
2121
2121
2121
2121
2120
2120
2120
2120
2120
211f
211f
211f
211f
211f
211e
211e
211e
211e
211d
211d
211d
211d
211d
211c
211c
211c
211c
211c
211b
211b
211b
211b
211b
211a
211a
211a
211a
211a
2119
2119
2119
2119
2119
2118
2118
2118
2118
2118
2117
2117
2117
2117
2117
2116
2116
2116
2116
2116
2115
2115
2115
2115
2115
2114
2114
2114
2114
2114
2113
2113
2113
2113
2113
2112
2112
2112
2112
2112
2111
2111
2111
2111
2110
2110
2110
2110
2110
210f
210f
210f
210f
210f
210e
210e
210e
210e
210e
210d
210d
210d
210d
210d
210d
210c
210c
210c
210c
210c
210b
210b
210b
210b
210b
210a
210a
210a
210a
210a
2109
2109
2109
2109
2109
2108
2108
2108
2108
2108
2107
2107
2107
2107
2107
2106
2106
2106
2106
2106
2105
2105
2105
2105
2105
2104
2104
2104
2104
2104
2103
2103
2103
2103
2103
2102
2102
2102
2102
2102
2101
2101
2101
2101
2101
2100
2100
2100
2100
2100
2100
20ff
20ff
20ff
20ff
20ff
20fe
20fe
20fe
20fe
20fe
20fd
20fd
20fd
20fd
20fd
20fc
20fc
20fc
20fc
20fc
20fb
20fb
20fb
20fb
20fb
20fa
20fa
20fa
20fa
20fa
20fa
20f9
20f9
20f9
20f9
20f9
20f8
20f8
20f8
20f8
20f8
20f7
20f7
20f7
20f7
20f7
20f6
20f6
20f6
20f6
20f6
20f6
20f5
20f5
20f5
20f5
20f5
20f4
20f4
20f4
20f4
20f4
20f3
20f3
20f3
20f3
20f3
20f2
20f2
20f2
20f2
20f2
20f2
20f1
20f1
20f1
20f1
20f1
20f0
20f0
20f0
20f0
20f0
20ef
20ef
20ef
20ef
20ef
20ef
20ee
20ee
20ee
20ee
20ee
20ed
20ed
20ed
20ed
20ed
20ec
20ec
20ec
20ec
20ec
20ec
20eb
20eb
20eb
20eb
20eb
20ea
20ea
20ea
20ea
20ea
20e9
20e9
20e9
20e9
20e9
20e9
20e8
20e8
20e8
20e8
20e8
20e7
20e7
20e7
20e7
20e7
20e7
20e6
20e6
20e6
20e6
20e6
20e5
20e5
20e5
20e5
20e5
20e4
20e4
20e4
20e4
20e4
20e4
20e3
20e3
20e3
20e3
20e3
20e2
20e2
20e2
20e2
20e2
20e2
20e1
20e1
20e1
20e1
20e1
20e0
20e0
20e0
20e0
20e0
20e0
20df
20df
20df
20df
20df
20de
20de
20de
20de
20de
20de
20dd
20dd
20dd
20dd
20dd
20dc
20dc
20dc
20dc
20dc
20dc
20db
20db
20db
20db
20db
20da
20da
20da
20da
20da
20da
20d9
20d9
20d9
20d9
20d9
20d9
20d8
20d8
20d8
20d8
20d8
20d7
20d7
20d7
20d7
20d7
20d7
20d6
20d6
20d6
20d6
20d6
20d5
20d5
20d5
20d5
20d5
20d5
20d4
20d4
20d4
20d4
20d4
20d4
20d3
20d3
20d3
20d3
20d3
20d2
20d2
20d2
20d2
20d2
20d2
20d1
20d1
20d1
20d1
20d1
20d1
20d0
20d0
20d0
20d0
20d0
20cf
20cf
20cf
20cf
20cf
20cf
20ce
20ce
20ce
20ce
20ce
20ce
20cd
20cd
20cd
20cd
20cd
20cd
20cc
20cc
20cc
20cc
20cc
20cb
20cb
20cb
20cb
20cb
20cb
20ca
20ca
20ca
20ca
20ca
20ca
20c9
20c9
20c9
20c9
20c9
20c9
20c8
20c8
20c8
20c8
20c8
20c8
20c7
20c7
20c7
20c7
20c7
20c6
20c6
20c6
20c6
20c6
20c6
20c5
20c5
20c5
20c5
20c5
20c5
20c4
20c4
20c4
20c4
20c4
20c4
20c3
20c3
20c3
20c3
20c3
20c3
20c2
20c2
20c2
20c2
20c2
20c2
20c1
20c1
20c1
20c1
20c1
20c1
20c0
20c0
20c0
20c0
20c0
20c0
20bf
20bf
20bf
20bf
20bf
20bf
20be
20be
20be
20be
20be
20bd
20bd
20bd
20bd
20bd
20bd
20bc
20bc
20bc
20bc
20bc
20bc
20bb
20bb
20bb
20bb
20bb
20bb
20ba
20ba
20ba
20ba
20ba
20ba
20b9
20b9
20b9
20b9
20b9
20b9
20b9
20b8
20b8
20b8
20b8
20b8
20b8
20b7
20b7
20b7
20b7
20b7
20b7
20b6
20b6
20b6
20b6
20b6
20b6
20b5
20b5
20b5
20b5
20b5
20b5
20b4
20b4
20b4
20b4
20b4
20b4
20b3
20b3
20b3
20b3
20b3
20b3
20b2
20b2
20b2
20b2
20b2
20b2
20b1
20b1
20b1
20b1
20b1
20b1
20b0
20b0
20b0
20b0
20b0
20b0
20b0
20af
20af
20af
20af
20af
20af
20ae
20ae
20ae
20ae
20ae
20ae
20ad
20ad
20ad
20ad
20ad
20ad
20ac
20ac
20ac
20ac
20ac
20ac
20ac
20ab
20ab
20ab
20ab
20ab
20ab
20aa
20aa
20aa
20aa
20aa
20aa
20a9
20a9
20a9
20a9
20a9
20a9
20a9
20a8
20a8
20a8
20a8
20a8
20a8
20a7
20a7
20a7
20a7
20a7
20a7
20a6
20a6
20a6
20a6
20a6
20a6
20a6
20a5
20a5
20a5
20a5
20a5
20a5
20a4
20a4
20a4
20a4
20a4
20a4
20a3
20a3
20a3
20a3
20a3
20a3
20a3
20a2
20a2
20a2
20a2
20a2
20a2
20a1
20a1
20a1
20a1
20a1
20a1
20a1
20a0
20a0
20a0
20a0
20a0
20a0
209f
209f
209f
209f
209f
209f
209f
209e
209e
209e
209e
209e
209e
209d
209d
209d
209d
209d
209d
209d
209c
209c
209c
209c
209c
209c
209b
209b
209b
209b
209b
209b
209b
209a
209a
209a
209a
209a
209a
209a
2099
2099
2099
2099
2099
2099
2098
2098
2098
2098
2098
2098
2098
2097
2097
2097
2097
2097
2097
2097
2096
2096
2096
2096
2096
2096
2095
2095
2095
2095
2095
2095
2095
2094
2094
2094
2094
2094
2094
2094
2093
2093
2093
2093
2093
2093
2093
2092
2092
2092
2092
2092
2092
2091
2091
2091
2091
2091
2091
2091
2090
2090
2090
2090
2090
2090
2090
208f
208f
208f
208f
208f
208f
208f
208e
208e
208e
208e
208e
208e
208e
208d
208d
208d
208d
208d
208d
208d
208c
208c
208c
208c
208c
208c
208c
208b
208b
208b
208b
208b
208b
208b
208a
208a
208a
208a
208a
208a
208a
2089
2089
2089
2089
2089
2089
2089
2088
2088
2088
2088
2088
2088
2088
2087
2087
2087
2087
2087
2087
2087
2086
2086
2086
2086
2086
2086
2086
2085
2085
2085
2085
2085
2085
2085
2084
2084
2084
2084
2084
2084
2084
2083
2083
2083
2083
2083
2083
2083
2082
2082
2082
2082
2082
2082
2082
2082
2081
2081
2081
2081
2081
2081
2081
2080
2080
2080
2080
2080
2080
2080
207f
207f
207f
207f
207f
207f
207f
207e
207e
207e
207e
207e
207e
207e
207e
207d
207d
207d
207d
207d
207d
207d
207c
207c
207c
207c
207c
207c
207c
207b
207b
207b
207b
207b
207b
207b
207b
207a
207a
207a
207a
207a
207a
207a
2079
2079
2079
2079
2079
2079
2079
2079
2078
2078
2078
2078
2078
2078
2078
2077
2077
2077
2077
2077
2077
2077
2077
2076
2076
2076
2076
2076
2076
2076
2075
2075
2075
2075
2075
2075
2075
2075
2074
2074
2074
2074
2074
2074
2074
2073
2073
2073
2073
2073
2073
2073
2073
2072
2072
2072
2072
2072
2072
2072
2072
2071
2071
2071
2071
2071
2071
2071
2071
2070
2070
2070
2070
2070
2070
2070
206f
206f
206f
206f
206f
206f
206f
206f
206e
206e
206e
206e
206e
206e
206e
206e
206d
206d
206d
206d
206d
206d
206d
206d
206c
206c
206c
206c
206c
206c
206c
206c
206b
206b
206b
206b
206b
206b
206b
206b
206a
206a
206a
206a
206a
206a
206a
206a
2069
2069
2069
2069
2069
2069
2069
2069
2068
2068
2068
2068
2068
2068
2068
2068
2067
2067
2067
2067
2067
2067
2067
2067
2066
2066
2066
2066
2066
2066
2066
2066
2065
2065
2065
2065
2065
2065
2065
2065
2064
2064
2064
2064
2064
2064
2064
2064
2063
2063
2063
2063
2063
2063
2063
2063
2063
2062
2062
2062
2062
2062
2062
2062
2062
2061
2061
2061
2061
2061
2061
2061
2061
2060
2060
2060
2060
2060
2060
2060
2060
2060
205f
205f
205f
205f
205f
205f
205f
205f
205e
205e
205e
205e
205e
205e
205e
205e
205d
205d
205d
205d
205d
205d
205d
205d
205d
205c
205c
205c
205c
205c
205c
205c
205c
205c
205b
205b
205b
205b
205b
205b
205b
205b
205a
205a
205a
205a
205a
205a
205a
205a
205a
2059
2059
2059
2059
2059
2059
2059
2059
2059
2058
2058
2058
2058
2058
2058
2058
2058
2057
2057
2057
2057
2057
2057
2057
2057
2057
2056
2056
2056
2056
2056
2056
2056
2056
2056
2055
2055
2055
2055
2055
2055
2055
2055
2055
2054
2054
2054
2054
2054
2054
2054
2054
2054
2053
2053
2053
2053
2053
2053
2053
2053
2053
2052
2052
2052
2052
2052
2052
2052
2052
2052
2051
2051
2051
2051
2051
2051
2051
2051
2051
2050
2050
2050
2050
2050
2050
2050
2050
2050
204f
204f
204f
204f
204f
204f
204f
204f
204f
204f
204e
204e
204e
204e
204e
204e
204e
204e
204e
204d
204d
204d
204d
204d
204d
204d
204d
204d
204c
204c
204c
204c
204c
204c
204c
204c
204c
204c
204b
204b
204b
204b
204b
204b
204b
204b
204b
204a
204a
204a
204a
204a
204a
204a
204a
204a
204a
2049
2049
2049
2049
2049
2049
2049
2049
2049
2048
2048
2048
2048
2048
2048
2048
2048
2048
2048
2047
2047
2047
2047
2047
2047
2047
2047
2047
2047
2046
2046
2046
2046
2046
2046
2046
2046
2046
2046
2045
2045
2045
2045
2045
2045
2045
2045
2045
2045
2044
2044
2044
2044
2044
2044
2044
2044
2044
2043
2043
2043
2043
2043
2043
2043
2043
2043
2043
2043
2042
2042
2042
2042
2042
2042
2042
2042
2042
2042
2041
2041
2041
2041
2041
2041
2041
2041
2041
2041
2040
2040
2040
2040
2040
2040
2040
2040
2040
2040
203f
203f
203f
203f
203f
203f
203f
203f
203f
203f
203f
203e
203e
203e
203e
203e
203e
203e
203e
203e
203e
203d
203d
203d
203d
203d
203d
203d
203d
203d
203d
203d
203c
203c
203c
203c
203c
203c
203c
203c
203c
203c
203b
203b
203b
203b
203b
203b
203b
203b
203b
203b
203b
203a
203a
203a
203a
203a
203a
203a
203a
203a
203a
203a
2039
2039
2039
2039
2039
2039
2039
2039
2039
2039
2039
2038
2038
2038
2038
2038
2038
2038
2038
2038
2038
2038
2037
2037
2037
2037
2037
2037
2037
2037
2037
2037
2037
2036
2036
2036
2036
2036
2036
2036
2036
2036
2036
2036
2035
2035
2035
2035
2035
2035
2035
2035
2035
2035
2035
2034
2034
2034
2034
2034
2034
2034
2034
2034
2034
2034
2034
2033
2033
2033
2033
2033
2033
2033
2033
2033
2033
2033
2032
2032
2032
2032
2032
2032
2032
2032
2032
2032
2032
2032
2031
2031
2031
2031
2031
2031
2031
2031
2031
2031
2031
2031
2030
2030
2030
2030
2030
2030
2030
2030
2030
2030
2030
2030
202f
202f
202f
202f
202f
202f
202f
202f
202f
202f
202f
202f
202e
202e
202e
202e
202e
202e
202e
202e
202e
202e
202e
202e
202d
202d
202d
202d
202d
202d
202d
202d
202d
202d
202d
202d
202c
202c
202c
202c
202c
202c
202c
202c
202c
202c
202c
202c
202c
202b
202b
202b
202b
202b
202b
202b
202b
202b
202b
202b
202b
202a
202a
202a
202a
202a
202a
202a
202a
202a
202a
202a
202a
202a
2029
2029
2029
2029
2029
2029
2029
2029
2029
2029
2029
2029
2029
2028
2028
2028
2028
2028
2028
2028
2028
2028
2028
2028
2028
2028
2027
2027
2027
2027
2027
2027
2027
2027
2027
2027
2027
2027
2027
2026
2026
2026
2026
2026
2026
2026
2026
2026
2026
2026
2026
2026
2025
2025
2025
2025
2025
2025
2025
2025
2025
2025
2025
2025
2025
2025
2024
2024
2024
2024
2024
2024
2024
2024
2024
2024
2024
2024
2024
2024
2023
2023
2023
2023
2023
2023
2023
2023
2023
2023
2023
2023
2023
2023
2022
2022
2022
2022
2022
2022
2022
2022
2022
2022
2022
2022
2022
2022
2021
2021
2021
2021
2021
2021
2021
2021
2021
2021
2021
2021
2021
2021
2020
2020
2020
2020
2020
2020
2020
2020
2020
2020
2020
2020
2020
2020
2020
201f
201f
201f
201f
201f
201f
201f
201f
201f
201f
201f
201f
201f
201f
201f
201e
201e
201e
201e
201e
201e
201e
201e
201e
201e
201e
201e
201e
201e
201e
201d
201d
201d
201d
201d
201d
201d
201d
201d
201d
201d
201d
201d
201d
201d
201d
201c
201c
201c
201c
201c
201c
201c
201c
201c
201c
201c
201c
201c
201c
201c
201b
201b
201b
201b
201b
201b
201b
201b
201b
201b
201b
201b
201b
201b
201b
201b
201a
201a
201a
201a
201a
201a
201a
201a
201a
201a
201a
201a
201a
201a
201a
201a
201a
2019
2019
2019
2019
2019
2019
2019
2019
2019
2019
2019
2019
2019
2019
2019
2019
2018
2018
2018
2018
2018
2018
2018
2018
2018
2018
2018
2018
2018
2018
2018
2018
2018
2017
2017
2017
2017
2017
2017
2017
2017
2017
2017
2017
2017
2017
2017
2017
2017
2017
2017
2016
2016
2016
2016
2016
2016
2016
2016
2016
2016
2016
2016
2016
2016
2016
2016
2016
2015
2015
2015
2015
2015
2015
2015
2015
2015
2015
2015
2015
2015
2015
2015
2015
2015
2015
2015
2014
2014
2014
2014
2014
2014
2014
2014
2014
2014
2014
2014
2014
2014
2014
2014
2014
2014
2013
2013
2013
2013
2013
2013
2013
2013
2013
2013
2013
2013
2013
2013
2013
2013
2013
2013
2013
2013
2012
2012
2012
2012
2012
2012
2012
2012
2012
2012
2012
2012
2012
2012
2012
2012
2012
2012
2012
2011
2011
2011
2011
2011
2011
2011
2011
2011
2011
2011
2011
2011
2011
2011
2011
2011
2011
2011
2011
2011
2010
2010
2010
2010
2010
2010
2010
2010
2010
2010
2010
2010
2010
2010
2010
2010
2010
2010
2010
2010
2010
200f
200f
200f
200f
200f
200f
200f
200f
200f
200f
200f
200f
200f
200f
200f
200f
200f
200f
200f
200f
200f
200f
200e
200e
200e
200e
200e
200e
200e
200e
200e
200e
200e
200e
200e
200e
200e
200e
200e
200e
200e
200e
200e
200e
200d
200d
200d
200d
200d
200d
200d
200d
200d
200d
200d
200d
200d
200d
200d
200d
200d
200d
200d
200d
200d
200d
200d
200d
200c
200c
200c
200c
200c
200c
200c
200c
200c
200c
200c
200c
200c
200c
200c
200c
200c
200c
200c
200c
200c
200c
200c
200c
200b
200b
200b
200b
200b
200b
200b
200b
200b
200b
200b
200b
200b
200b
200b
200b
200b
200b
200b
200b
200b
200b
200b
200b
200b
200b
200a
200a
200a
200a
200a
200a
200a
200a
200a
200a
200a
200a
200a
200a
200a
200a
200a
200a
200a
200a
200a
200a
200a
200a
200a
200a
200a
2009
2009
2009
2009
2009
2009
2009
2009
2009
2009
2009
2009
2009
2009
2009
2009
2009
2009
2009
2009
2009
2009
2009
2009
2009
2009
2009
2009
2009
2008
2008
2008
2008
2008
2008
2008
2008
2008
2008
2008
2008
2008
2008
2008
2008
2008
2008
2008
2008
2008
2008
2008
2008
2008
2008
2008
2008
2008
2008
2008
2007
2007
2007
2007
2007
2007
2007
2007
2007
2007
2007
2007
2007
2007
2007
2007
2007
2007
2007
2007
2007
2007
2007
2007
2007
2007
2007
2007
2007
2007
2007
2007
2007
2006
2006
2006
2006
2006
2006
2006
2006
2006
2006
2006
2006
2006
2006
2006
2006
2006
2006
2006
2006
2006
2006
2006
2006
2006
2006
2006
2006
2006
2006
2006
2006
2006
2006
2006
2006
2006
2005
2005
2005
2005
2005
2005
2005
2005
2005
2005
2005
2005
2005
2005
2005
2005
2005
2005
2005
2005
2005
2005
2005
2005
2005
2005
2005
2005
2005
2005
2005
2005
2005
2005
2005
2005
2005
2005
2005
2005
2005
2004
2004
2004
2004
2004
2004
2004
2004
2004
2004
2004
2004
2004
2004
2004
2004
2004
2004
2004
2004
2004
2004
2004
2004
2004
2004
2004
2004
2004
2004
2004
2004
2004
2004
2004
2004
2004
2004
2004
2004
2004
2004
2004
2004
2004
2004
2004
2003
2003
2003
2003
2003
2003
2003
2003
2003
2003
2003
2003
2003
2003
2003
2003
2003
2003
2003
2003
2003
2003
2003
2003
2003
2003
2003
2003
2003
2003
2003
2003
2003
2003
2003
2003
2003
2003
2003
2003
2003
2003
2003
2003
2003
2003
2003
2003
2003
2003
2003
2003
2003
2003
2003
2003
2003
2003
2002
2002
2002
2002
2002
2002
2002
2002
2002
2002
2002
2002
2002
2002
2002
2002
2002
2002
2002
2002
2002
2002
2002
2002
2002
2002
2002
2002
2002
2002
2002
2002
2002
2002
2002
2002
2002
2002
2002
2002
2002
2002
2002
2002
2002
2002
2002
2002
2002
2002
2002
2002
2002
2002
2002
2002
2002
2002
2002
2002
2002
2002
2002
2002
2002
2002
2002
2002
2002
2002
2002
2002
2002
2002
2002
2002
2002
2002
2002
2002
2002
2002
2002
2002
2001
2001
2001
2001
2001
2001
2001
2001
2001
2001
2001
2001
2001
2001
2001
2001
2001
2001
2001
2001
2001
2001
2001
2001
2001
2001
2001
2001
2001
2001
2001
2001
2001
2001
2001
2001
2001
2001
2001
2001
2001
2001
2001
2001
2001
2001
2001
2001
2001
2001
2001
2001
2001
2001
2001
2001
2001
2001
2001
2001
2001
2001
2001
2001
2001
2001
2001
2001
2001
2001
2001
2001
2001
2001
2001
2001
2001
2001
2001
2001
2001
2001
2001
2001
2001
2001
2001
2001
2001
2001
2001
2001
2001
2001
2001
2001
2001
2001
2001
2001
2001
2001
2001
2001
2001
2001
2001
2001
2001
2001
2001
2001
2001
2001
2001
2001
2001
2001
2001
2001
2001
2001
2001
2001
2001
2001
2001
2001
2001
2001
2001
2001
2001
2001
2001
2001
2001
2001
2001
2001
2001
2001
2001
2001
2001
2001
2001
2001
2001
2001
2001
2001
2001
2001
2001
2001
2001
2001
2001
2001
2001
2001
2001
2001
2001
2001
2001
2001
2001
2001
2001
2001
2001
2001
2001
2001
2001
2001
2001
2001
2001
2001
2001
2001
2001
2001
2001
2001
2001
2001
2001
2001
2001
2001
2001
2001
2001
2001
2001
2001
2001
2001
2001
2001
2001
2001
2001
2001
2001
2001
2001
2001
2001
2001
2001
2001
2001
2001
2001
2001
2001
2001
2001
2001
2001
2001
2001
2001
2001
2001
2001
2002
2002
2002
2002
2002
2002
2002
2002
2002
2002
2002
2002
2002
2002
2002
2002
2002
2002
2002
2002
2002
2002
2002
2002
2002
2002
2002
2002
2002
2002
2002
2002
2002
2002
2002
2002
2002
2002
2002
2002
2002
2002
2002
2002
2002
2002
2002
2002
2002
2002
2002
2002
2002
2002
2002
2002
2002
2002
2002
2002
2002
2002
2002
2002
2002
2002
2002
2002
2002
2002
2002
2002
2002
2002
2002
2002
2002
2002
2002
2002
2002
2002
2002
2002
2003
2003
2003
2003
2003
2003
2003
2003
2003
2003
2003
2003
2003
2003
2003
2003
2003
2003
2003
2003
2003
2003
2003
2003
2003
2003
2003
2003
2003
2003
2003
2003
2003
2003
2003
2003
2003
2003
2003
2003
2003
2003
2003
2003
2003
2003
2003
2003
2003
2003
2003
2003
2003
2003
2003
2003
2003
2003
2004
2004
2004
2004
2004
2004
2004
2004
2004
2004
2004
2004
2004
2004
2004
2004
2004
2004
2004
2004
2004
2004
2004
2004
2004
2004
2004
2004
2004
2004
2004
2004
2004
2004
2004
2004
2004
2004
2004
2004
2004
2004
2004
2004
2004
2004
2004
2005
2005
2005
2005
2005
2005
2005
2005
2005
2005
2005
2005
2005
2005
2005
2005
2005
2005
2005
2005
2005
2005
2005
2005
2005
2005
2005
2005
2005
2005
2005
2005
2005
2005
2005
2005
2005
2005
2005
2005
2005
2006
2006
2006
2006
2006
2006
2006
2006
2006
2006
2006
2006
2006
2006
2006
2006
2006
2006
2006
2006
2006
2006
2006
2006
2006
2006
2006
2006
2006
2006
2006
2006
2006
2006
2006
2006
2006
2007
2007
2007
2007
2007
2007
2007
2007
2007
2007
2007
2007
2007
2007
2007
2007
2007
2007
2007
2007
2007
2007
2007
2007
2007
2007
2007
2007
2007
2007
2007
2007
2007
2008
2008
2008
2008
2008
2008
2008
2008
2008
2008
2008
2008
2008
2008
2008
2008
2008
2008
2008
2008
2008
2008
2008
2008
2008
2008
2008
2008
2008
2008
2008
2009
2009
2009
2009
2009
2009
2009
2009
2009
2009
2009
2009
2009
2009
2009
2009
2009
2009
2009
2009
2009
2009
2009
2009
2009
2009
2009
2009
2009
200a
200a
200a
200a
200a
200a
200a
200a
200a
200a
200a
200a
200a
200a
200a
200a
200a
200a
200a
200a
200a
200a
200a
200a
200a
200a
200a
200b
200b
200b
200b
200b
200b
200b
200b
200b
200b
200b
200b
200b
200b
200b
200b
200b
200b
200b
200b
200b
200b
200b
200b
200b
200b
200c
200c
200c
200c
200c
200c
200c
200c
200c
200c
200c
200c
200c
200c
200c
200c
200c
200c
200c
200c
200c
200c
200c
200c
200d
200d
200d
200d
200d
200d
200d
200d
200d
200d
200d
200d
200d
200d
200d
200d
200d
200d
200d
200d
200d
200d
200d
200d
200e
200e
200e
200e
200e
200e
200e
200e
200e
200e
200e
200e
200e
200e
200e
200e
200e
200e
200e
200e
200e
200e
200f
200f
200f
200f
200f
200f
200f
200f
200f
200f
200f
200f
200f
200f
200f
200f
200f
200f
200f
200f
200f
200f
2010
2010
2010
2010
2010
2010
2010
2010
2010
2010
2010
2010
2010
2010
2010
2010
2010
2010
2010
2010
2010
2011
2011
2011
2011
2011
2011
2011
2011
2011
2011
2011
2011
2011
2011
2011
2011
2011
2011
2011
2011
2011
2012
2012
2012
2012
2012
2012
2012
2012
2012
2012
2012
2012
2012
2012
2012
2012
2012
2012
2012
2013
2013
2013
2013
2013
2013
2013
2013
2013
2013
2013
2013
2013
2013
2013
2013
2013
2013
2013
2013
2014
2014
2014
2014
2014
2014
2014
2014
2014
2014
2014
2014
2014
2014
2014
2014
2014
2014
2015
2015
2015
2015
2015
2015
2015
2015
2015
2015
2015
2015
2015
2015
2015
2015
2015
2015
2015
2016
2016
2016
2016
2016
2016
2016
2016
2016
2016
2016
2016
2016
2016
2016
2016
2016
2017
2017
2017
2017
2017
2017
2017
2017
2017
2017
2017
2017
2017
2017
2017
2017
2017
2017
2018
2018
2018
2018
2018
2018
2018
2018
2018
2018
2018
2018
2018
2018
2018
2018
2018
2019
2019
2019
2019
2019
2019
2019
2019
2019
2019
2019
2019
2019
2019
2019
2019
201a
201a
201a
201a
201a
201a
201a
201a
201a
201a
201a
201a
201a
201a
201a
201a
201a
201b
201b
201b
201b
201b
201b
201b
201b
201b
201b
201b
201b
201b
201b
201b
201b
201c
201c
201c
201c
201c
201c
201c
201c
201c
201c
201c
201c
201c
201c
201c
201d
201d
201d
201d
201d
201d
201d
201d
201d
201d
201d
201d
201d
201d
201d
201d
201e
201e
201e
201e
201e
201e
201e
201e
201e
201e
201e
201e
201e
201e
201e
201f
201f
201f
201f
201f
201f
201f
201f
201f
201f
201f
201f
201f
201f
201f
2020
2020
2020
2020
2020
2020
2020
2020
2020
2020
2020
2020
2020
2020
2020
2021
2021
2021
2021
2021
2021
2021
2021
2021
2021
2021
2021
2021
2021
2022
2022
2022
2022
2022
2022
2022
2022
2022
2022
2022
2022
2022
2022
2023
2023
2023
2023
2023
2023
2023
2023
2023
2023
2023
2023
2023
2023
2024
2024
2024
2024
2024
2024
2024
2024
2024
2024
2024
2024
2024
2024
2025
2025
2025
2025
2025
2025
2025
2025
2025
2025
2025
2025
2025
2025
2026
2026
2026
2026
2026
2026
2026
2026
2026
2026
2026
2026
2026
2027
2027
2027
2027
2027
2027
2027
2027
2027
2027
2027
2027
2027
2028
2028
2028
2028
2028
2028
2028
2028
2028
2028
2028
2028
2028
2029
2029
2029
2029
2029
2029
2029
2029
2029
2029
2029
2029
2029
202a
202a
202a
202a
202a
202a
202a
202a
202a
202a
202a
202a
202a
202b
202b
202b
202b
202b
202b
202b
202b
202b
202b
202b
202b
202c
202c
202c
202c
202c
202c
202c
202c
202c
202c
202c
202c
202c
202d
202d
202d
202d
202d
202d
202d
202d
202d
202d
202d
202d
202e
202e
202e
202e
202e
202e
202e
202e
202e
202e
202e
202e
202f
202f
202f
202f
202f
202f
202f
202f
202f
202f
202f
202f
2030
2030
2030
2030
2030
2030
2030
2030
2030
2030
2030
2030
2031
2031
2031
2031
2031
2031
2031
2031
2031
2031
2031
2031
2032
2032
2032
2032
2032
2032
2032
2032
2032
2032
2032
2032
2033
2033
2033
2033
2033
2033
2033
2033
2033
2033
2033
2034
2034
2034
2034
2034
2034
2034
2034
2034
2034
2034
2034
2035
2035
2035
2035
2035
2035
2035
2035
2035
2035
2035
2036
2036
2036
2036
2036
2036
2036
2036
2036
2036
2036
2037
2037
2037
2037
2037
2037
2037
2037
2037
2037
2037
2038
2038
2038
2038
2038
2038
2038
2038
2038
2038
2038
2039
2039
2039
2039
2039
2039
2039
2039
2039
2039
2039
203a
203a
203a
203a
203a
203a
203a
203a
203a
203a
203a
203b
203b
203b
203b
203b
203b
203b
203b
203b
203b
203b
203c
203c
203c
203c
203c
203c
203c
203c
203c
203c
203d
203d
203d
203d
203d
203d
203d
203d
203d
203d
203d
203e
203e
203e
203e
203e
203e
203e
203e
203e
203e
203f
203f
203f
203f
203f
203f
203f
203f
203f
203f
203f
2040
2040
2040
2040
2040
2040
2040
2040
2040
2040
2041
2041
2041
2041
2041
2041
2041
2041
2041
2041
2042
2042
2042
2042
2042
2042
2042
2042
2042
2042
2043
2043
2043
2043
2043
2043
2043
2043
2043
2043
2043
2044
2044
2044
2044
2044
2044
2044
2044
2044
2045
2045
2045
2045
2045
2045
2045
2045
2045
2045
2046
2046
2046
2046
2046
2046
2046
2046
2046
2046
2047
2047
2047
2047
2047
2047
2047
2047
2047
2047
2048
2048
2048
2048
2048
2048
2048
2048
2048
2048
2049
2049
2049
2049
2049
2049
2049
2049
2049
204a
204a
204a
204a
204a
204a
204a
204a
204a
204a
204b
204b
204b
204b
204b
204b
204b
204b
204b
204c
204c
204c
204c
204c
204c
204c
204c
204c
204c
204d
204d
204d
204d
204d
204d
204d
204d
204d
204e
204e
204e
204e
204e
204e
204e
204e
204e
204f
204f
204f
204f
204f
204f
204f
204f
204f
204f
2050
2050
2050
2050
2050
2050
2050
2050
2050
2051
2051
2051
2051
2051
2051
2051
2051
2051
2052
2052
2052
2052
2052
2052
2052
2052
2052
2053
2053
2053
2053
2053
2053
2053
2053
2053
2054
2054
2054
2054
2054
2054
2054
2054
2054
2055
2055
2055
2055
2055
2055
2055
2055
2055
2056
2056
2056
2056
2056
2056
2056
2056
2056
2057
2057
2057
2057
2057
2057
2057
2057
2057
2058
2058
2058
2058
2058
2058
2058
2058
2059
2059
2059
2059
2059
2059
2059
2059
2059
205a
205a
205a
205a
205a
205a
205a
205a
205a
205b
205b
205b
205b
205b
205b
205b
205b
205c
205c
205c
205c
205c
205c
205c
205c
205c
205d
205d
205d
205d
205d
205d
205d
205d
205d
205e
205e
205e
205e
205e
205e
205e
205e
205f
205f
205f
205f
205f
205f
205f
205f
2060
2060
2060
2060
2060
2060
2060
2060
2060
2061
2061
2061
2061
2061
2061
2061
2061
2062
2062
2062
2062
2062
2062
2062
2062
2063
2063
2063
2063
2063
2063
2063
2063
2063
2064
2064
2064
2064
2064
2064
2064
2064
2065
2065
2065
2065
2065
2065
2065
2065
2066
2066
2066
2066
2066
2066
2066
2066
2067
2067
2067
2067
2067
2067
2067
2067
2068
2068
2068
2068
2068
2068
2068
2068
2069
2069
2069
2069
2069
2069
2069
2069
206a
206a
206a
206a
206a
206a
206a
206a
206b
206b
206b
206b
206b
206b
206b
206b
206c
206c
206c
206c
206c
206c
206c
206c
206d
206d
206d
206d
206d
206d
206d
206d
206e
206e
206e
206e
206e
206e
206e
206e
206f
206f
206f
206f
206f
206f
206f
206f
2070
2070
2070
2070
2070
2070
2070
2071
2071
2071
2071
2071
2071
2071
2071
2072
2072
2072
2072
2072
2072
2072
2072
2073
2073
2073
2073
2073
2073
2073
2073
2074
2074
2074
2074
2074
2074
2074
2075
2075
2075
2075
2075
2075
2075
2075
2076
2076
2076
2076
2076
2076
2076
2077
2077
2077
2077
2077
2077
2077
2077
2078
2078
2078
2078
2078
2078
2078
2079
2079
2079
2079
2079
2079
2079
2079
207a
207a
207a
207a
207a
207a
207a
207b
207b
207b
207b
207b
207b
207b
207b
207c
207c
207c
207c
207c
207c
207c
207d
207d
207d
207d
207d
207d
207d
207e
207e
207e
207e
207e
207e
207e
207e
207f
207f
207f
207f
207f
207f
207f
2080
2080
2080
2080
2080
2080
2080
2081
2081
2081
2081
2081
2081
2081
2082
2082
2082
2082
2082
2082
2082
2082
2083
2083
2083
2083
2083
2083
2083
2084
2084
2084
2084
2084
2084
2084
2085
2085
2085
2085
2085
2085
2085
2086
2086
2086
2086
2086
2086
2086
2087
2087
2087
2087
2087
2087
2087
2088
2088
2088
2088
2088
2088
2088
2089
2089
2089
2089
2089
2089
2089
208a
208a
208a
208a
208a
208a
208a
208b
208b
208b
208b
208b
208b
208b
208c
208c
208c
208c
208c
208c
208c
208d
208d
208d
208d
208d
208d
208d
208e
208e
208e
208e
208e
208e
208e
208f
208f
208f
208f
208f
208f
208f
2090
2090
2090
2090
2090
2090
2090
2091
2091
2091
2091
2091
2091
2091
2092
2092
2092
2092
2092
2092
2093
2093
2093
2093
2093
2093
2093
2094
2094
2094
2094
2094
2094
2094
2095
2095
2095
2095
2095
2095
2095
2096
2096
2096
2096
2096
2096
2097
2097
2097
2097
2097
2097
2097
2098
2098
2098
2098
2098
2098
2098
2099
2099
2099
2099
2099
2099
209a
209a
209a
209a
209a
209a
209a
209b
209b
209b
209b
209b
209b
209b
209c
209c
209c
209c
209c
209c
209d
209d
209d
209d
209d
209d
209d
209e
209e
209e
209e
209e
209e
209f
209f
209f
209f
209f
209f
209f
20a0
20a0
20a0
20a0
20a0
20a0
20a1
20a1
20a1
20a1
20a1
20a1
20a1
20a2
20a2
20a2
20a2
20a2
20a2
20a3
20a3
20a3
20a3
20a3
20a3
20a3
20a4
20a4
20a4
20a4
20a4
20a4
20a5
20a5
20a5
20a5
20a5
20a5
20a6
20a6
20a6
20a6
20a6
20a6
20a6
20a7
20a7
20a7
20a7
20a7
20a7
20a8
20a8
20a8
20a8
20a8
20a8
20a9
20a9
20a9
20a9
20a9
20a9
20a9
20aa
20aa
20aa
20aa
20aa
20aa
20ab
20ab
20ab
20ab
20ab
20ab
20ac
20ac
20ac
20ac
20ac
20ac
20ac
20ad
20ad
20ad
20ad
20ad
20ad
20ae
20ae
20ae
20ae
20ae
20ae
20af
20af
20af
20af
20af
20af
20b0
20b0
20b0
20b0
20b0
20b0
20b0
20b1
20b1
20b1
20b1
20b1
20b1
20b2
20b2
20b2
20b2
20b2
20b2
20b3
20b3
20b3
20b3
20b3
20b3
20b4
20b4
20b4
20b4
20b4
20b4
20b5
20b5
20b5
20b5
20b5
20b5
20b6
20b6
20b6
20b6
20b6
20b6
20b7
20b7
20b7
20b7
20b7
20b7
20b8
20b8
20b8
20b8
20b8
20b8
20b9
20b9
20b9
20b9
20b9
20b9
20b9
20ba
20ba
20ba
20ba
20ba
20ba
20bb
20bb
20bb
20bb
20bb
20bb
20bc
20bc
20bc
20bc
20bc
20bc
20bd
20bd
20bd
20bd
20bd
20bd
20be
20be
20be
20be
20be
20bf
20bf
20bf
20bf
20bf
20bf
20c0
20c0
20c0
20c0
20c0
20c0
20c1
20c1
20c1
20c1
20c1
20c1
20c2
20c2
20c2
20c2
20c2
20c2
20c3
20c3
20c3
20c3
20c3
20c3
20c4
20c4
20c4
20c4
20c4
20c4
20c5
20c5
20c5
20c5
20c5
20c5
20c6
20c6
20c6
20c6
20c6
20c6
20c7
20c7
20c7
20c7
20c7
20c8
20c8
20c8
20c8
20c8
20c8
20c9
20c9
20c9
20c9
20c9
20c9
20ca
20ca
20ca
20ca
20ca
20ca
20cb
20cb
20cb
20cb
20cb
20cb
20cc
20cc
20cc
20cc
20cc
20cd
20cd
20cd
20cd
20cd
20cd
20ce
20ce
20ce
20ce
20ce
20ce
20cf
20cf
20cf
20cf
20cf
20cf
20d0
20d0
20d0
20d0
20d0
20d1
20d1
20d1
20d1
20d1
20d1
20d2
20d2
20d2
20d2
20d2
20d2
20d3
20d3
20d3
20d3
20d3
20d4
20d4
20d4
20d4
20d4
20d4
20d5
20d5
20d5
20d5
20d5
20d5
20d6
20d6
20d6
20d6
20d6
20d7
20d7
20d7
20d7
20d7
20d7
20d8
20d8
20d8
20d8
20d8
20d9
20d9
20d9
20d9
20d9
20d9
20da
20da
20da
20da
20da
20da
20db
20db
20db
20db
20db
20dc
20dc
20dc
20dc
20dc
20dc
20dd
20dd
20dd
20dd
20dd
20de
20de
20de
20de
20de
20de
20df
20df
20df
20df
20df
20e0
20e0
20e0
20e0
20e0
20e0
20e1
20e1
20e1
20e1
20e1
20e2
20e2
20e2
20e2
20e2
20e2
20e3
20e3
20e3
20e3
20e3
20e4
20e4
20e4
20e4
20e4
20e4
20e5
20e5
20e5
20e5
20e5
20e6
20e6
20e6
20e6
20e6
20e7
20e7
20e7
20e7
20e7
20e7
20e8
20e8
20e8
20e8
20e8
20e9
20e9
20e9
20e9
20e9
20e9
20ea
20ea
20ea
20ea
20ea
20eb
20eb
20eb
20eb
20eb
20ec
20ec
20ec
20ec
20ec
20ec
20ed
20ed
20ed
20ed
20ed
20ee
20ee
20ee
20ee
20ee
20ef
20ef
20ef
20ef
20ef
20ef
20f0
20f0
20f0
20f0
20f0
20f1
20f1
20f1
20f1
20f1
20f2
20f2
20f2
20f2
20f2
20f2
20f3
20f3
20f3
20f3
20f3
20f4
20f4
20f4
20f4
20f4
20f5
20f5
20f5
20f5
20f5
20f6
20f6
20f6
20f6
20f6
20f6
20f7
20f7
20f7
20f7
20f7
20f8
20f8
20f8
20f8
20f8
20f9
20f9
20f9
20f9
20f9
20fa
20fa
20fa
20fa
20fa
20fa
20fb
20fb
20fb
20fb
20fb
20fc
20fc
20fc
20fc
20fc
20fd
20fd
20fd
20fd
20fd
20fe
20fe
20fe
20fe
20fe
20ff
20ff
20ff
20ff
20ff
2100
2100
2100
2100
2100
2100
2101
2101
2101
2101
2101
2102
2102
2102
2102
2102
2103
2103
2103
2103
2103
2104
2104
2104
2104
2104
2105
2105
2105
2105
2105
2106
2106
2106
2106
2106
2107
2107
2107
2107
2107
2108
2108
2108
2108
2108
2109
2109
2109
2109
2109
210a
210a
210a
210a
210a
210b
210b
210b
210b
210b
210c
210c
210c
210c
210c
210d
210d
210d
210d
210d
210d
210e
210e
210e
210e
210e
210f
210f
210f
210f
210f
2110
2110
2110
2110
2110
2111
2111
2111
2111
2112
2112
2112
2112
2112
2113
2113
2113
2113
2113
2114
2114
2114
2114
2114
2115
2115
2115
2115
2115
2116
2116
2116
2116
2116
2117
2117
2117
2117
2117
2118
2118
2118
2118
2118
2119
2119
2119
2119
2119
211a
211a
211a
211a
211a
211b
211b
211b
211b
211b
211c
211c
211c
211c
211c
211d
211d
211d
211d
211d
211e
211e
211e
211e
211f
211f
211f
211f
211f
2120
2120
2120
2120
2120
2121
2121
2121
2121
2121
2122
2122
2122
2122
2122
2123
2123
2123
2123
2123
2124
2124
2124
2124
2124
2125
2125
2125
2125
2126
2126
2126
2126
2126
2127
2127
2127
2127
2127
2128
2128
2128
2128
2128
2129
2129
2129
2129
212a
212a
212a
212a
212a
212b
212b
212b
212b
212b
212c
212c
212c
212c
212c
212d
212d
212d
212d
212d
212e
212e
212e
212e
212f
212f
212f
212f
212f
2130
2130
2130
2130
2130
2131
2131
2131
2131
2132
2132
2132
2132
2132
2133
2133
2133
2133
2133
2134
2134
2134
2134
2134
2135
2135
2135
2135
2136
2136
2136
2136
2136
2137
2137
2137
2137
2137
2138
2138
2138
2138
2139
2139
2139
2139
2139
213a
213a
213a
213a
213a
213b
213b
213b
213b
213c
213c
213c
213c
213c
213d
213d
213d
213d
213e
213e
213e
213e
213e
213f
213f
213f
213f
213f
2140
2140
2140
2140
2141
2141
2141
2141
2141
2142
2142
2142
2142
2142
2143
2143
2143
2143
2144
2144
2144
2144
2144
2145
2145
2145
2145
2146
2146
2146
2146
2146
2147
2147
2147
2147
2148
2148
2148
2148
2148
2149
2149
2149
2149
214a
214a
214a
214a
214a
214b
214b
214b
214b
214b
214c
214c
214c
214c
214d
214d
214d
214d
214d
214e
214e
214e
214e
214f
214f
214f
214f
214f
2150
2150
2150
2150
2151
2151
2151
2151
2151
2152
2152
2152
2152
2153
2153
2153
2153
2153
2154
2154
2154
2154
2155
2155
2155
2155
2155
2156
2156
2156
2156
2157
2157
2157
2157
2158
2158
2158
2158
2158
2159
2159
2159
2159
215a
215a
215a
215a
215a
215b
215b
215b
215b
215c
215c
215c
215c
215c
215d
215d
215d
215d
215e
215e
215e
215e
215f
215f
215f
215f
215f
2160
2160
2160
2160
2161
2161
2161
2161
2161
2162
2162
2162
2162
2163
2163
2163
2163
2164
2164
2164
2164
2164
2165
2165
2165
2165
2166
2166
2166
2166
2167
2167
2167
2167
2167
2168
2168
2168
2168
2169
2169
2169
2169
2169
216a
216a
216a
216a
216b
216b
216b
216b
216c
216c
216c
216c
216c
216d
216d
216d
216d
216e
216e
216e
216e
216f
216f
216f
216f
2170
2170
2170
2170
2170
2171
2171
2171
2171
2172
2172
2172
2172
2173
2173
2173
2173
2173
2174
2174
2174
2174
2175
2175
2175
2175
2176
2176
2176
2176
2177
2177
2177
2177
2177
2178
2178
2178
2178
2179
2179
2179
2179
217a
217a
217a
217a
217b
217b
217b
217b
217b
217c
217c
217c
217c
217d
217d
217d
217d
217e
217e
217e
217e
217f
217f
217f
217f
217f
2180
2180
2180
2180
2181
2181
2181
2181
2182
2182
2182
2182
2183
2183
2183
2183
2184
2184
2184
2184
2184
2185
2185
2185
2185
2186
2186
2186
2186
2187
2187
2187
2187
2188
2188
2188
2188
2189
2189
2189
2189
2189
218a
218a
218a
218a
218b
218b
218b
218b
218c
218c
218c
218c
218d
218d
218d
218d
218e
218e
218e
218e
218f
218f
218f
218f
2190
2190
2190
2190
2190
2191
2191
2191
2191
2192
2192
2192
2192
2193
2193
2193
2193
2194
2194
2194
2194
2195
2195
2195
2195
2196
2196
2196
2196
2197
2197
2197
2197
2198
2198
2198
2198
2199
2199
2199
2199
219a
219a
219a
219a
219a
219b
219b
219b
219b
219c
219c
219c
219c
219d
219d
219d
219d
219e
219e
219e
219e
219f
219f
219f
219f
21a0
21a0
21a0
21a0
21a1
21a1
21a1
21a1
21a2
21a2
21a2
21a2
21a3
21a3
21a3
21a3
21a4
21a4
21a4
21a4
21a5
21a5
21a5
21a5
21a6
21a6
21a6
21a6
21a7
21a7
21a7
21a7
21a8
21a8
21a8
21a8
21a9
21a9
21a9
21a9
21aa
21aa
21aa
21aa
21ab
21ab
21ab
21ab
21ac
21ac
21ac
21ac
21ad
21ad
21ad
21ad
21ae
21ae
21ae
21ae
21af
21af
21af
21af
21b0
21b0
21b0
21b0
21b1
21b1
21b1
21b1
21b2
21b2
21b2
21b2
21b3
21b3
21b3
21b3
21b4
21b4
21b4
21b4
21b5
21b5
21b5
21b5
21b6
21b6
21b6
21b6
21b7
21b7
21b7
21b7
21b8
21b8
21b8
21b8
21b9
21b9
21b9
21b9
21ba
21ba
21ba
21ba
21bb
21bb
21bb
21bb
21bc
21bc
21bc
21bc
21bd
21bd
21bd
21be
21be
21be
21be
21bf
21bf
21bf
21bf
21c0
21c0
21c0
21c0
21c1
21c1
21c1
21c1
21c2
21c2
21c2
21c2
21c3
21c3
21c3
21c3
21c4
21c4
21c4
21c4
21c5
21c5
21c5
21c5
21c6
21c6
21c6
21c6
21c7
21c7
21c7
21c8
21c8
21c8
21c8
21c9
21c9
21c9
21c9
21ca
21ca
21ca
21ca
21cb
21cb
21cb
21cb
21cc
21cc
21cc
21cc
21cd
21cd
21cd
21cd
21ce
21ce
21ce
21cf
21cf
21cf
21cf
21d0
21d0
21d0
21d0
21d1
21d1
21d1
21d1
21d2
21d2
21d2
21d2
21d3
21d3
21d3
21d3
21d4
21d4
21d4
21d5
21d5
21d5
21d5
21d6
21d6
21d6
21d6
21d7
21d7
21d7
21d7
21d8
21d8
21d8
21d8
21d9
21d9
21d9
21d9
21da
21da
21da
21db
21db
21db
21db
21dc
21dc
21dc
21dc
21dd
21dd
21dd
21dd
21de
21de
21de
21de
21df
21df
21df
21e0
21e0
21e0
21e0
21e1
21e1
21e1
21e1
21e2
21e2
21e2
21e2
21e3
21e3
21e3
21e4
21e4
21e4
21e4
21e5
21e5
21e5
21e5
21e6
21e6
21e6
21e6
21e7
21e7
21e7
21e8
21e8
21e8
21e8
21e9
21e9
21e9
21e9
21ea
21ea
21ea
21ea
21eb
21eb
21eb
21ec
21ec
21ec
21ec
21ed
21ed
21ed
21ed
21ee
21ee
21ee
21ee
21ef
21ef
21ef
21f0
21f0
21f0
21f0
21f1
21f1
21f1
21f1
21f2
21f2
21f2
21f3
21f3
21f3
21f3
21f4
21f4
21f4
21f4
21f5
21f5
21f5
21f5
21f6
21f6
21f6
21f7
21f7
21f7
21f7
21f8
21f8
21f8
21f8
21f9
21f9
21f9
21fa
21fa
21fa
21fa
21fb
21fb
21fb
21fb
21fc
21fc
21fc
21fd
21fd
21fd
21fd
21fe
21fe
21fe
21fe
21ff
21ff
21ff
2200
2200
2200
2200
2201
2201
2201
2201
2202
2202
2202
2203
2203
2203
2203
2204
2204
2204
2204
2205
2205
2205
2206
2206
2206
2206
2207
2207
2207
2207
2208
2208
2208
2209
2209
2209
2209
220a
220a
220a
220a
220b
220b
220b
220c
220c
220c
220c
220d
220d
220d
220e
220e
220e
220e
220f
220f
220f
220f
2210
2210
2210
2211
2211
2211
2211
2212
2212
2212
2213
2213
2213
2213
2214
2214
2214
2214
2215
2215
2215
2216
2216
2216
2216
2217
2217
2217
2218
2218
2218
2218
2219
2219
2219
2219
221a
221a
221a
221b
221b
221b
221b
221c
221c
221c
221d
221d
221d
221d
221e
221e
221e
221f
221f
221f
221f
2220
2220
2220
2220
2221
2221
2221
2222
2222
2222
2222
2223
2223
2223
2224
2224
2224
2224
2225
2225
2225
2226
2226
2226
2226
2227
2227
2227
2228
2228
2228
2228
2229
2229
2229
222a
222a
222a
222a
222b
222b
222b
222c
222c
222c
222c
222d
222d
222d
222e
222e
222e
222e
222f
222f
222f
2230
2230
2230
2230
2231
2231
2231
2232
2232
2232
2232
2233
2233
2233
2234
2234
2234
2234
2235
2235
2235
2236
2236
2236
2236
2237
2237
2237
2238
2238
2238
2238
2239
2239
2239
223a
223a
223a
223a
223b
223b
223b
223c
223c
223c
223c
223d
223d
223d
223e
223e
223e
223e
223f
223f
223f
2240
2240
2240
2240
2241
2241
2241
2242
2242
2242
2242
2243
2243
2243
2244
2244
2244
2244
2245
2245
2245
2246
2246
2246
2247
2247
2247
2247
2248
2248
2248
2249
2249
2249
2249
224a
224a
224a
224b
224b
224b
224b
224c
224c
224c
224d
224d
224d
224e
224e
224e
224e
224f
224f
224f
2250
2250
2250
2250
2251
2251
2251
2252
2252
2252
2253
2253
2253
2253
2254
2254
2254
2255
2255
2255
2255
2256
2256
2256
2257
2257
2257
2258
2258
2258
2258
2259
2259
2259
225a
225a
225a
225a
225b
225b
225b
225c
225c
225c
225d
225d
225d
225d
225e
225e
225e
225f
225f
225f
225f
2260
2260
2260
2261
2261
2261
2262
2262
2262
2262
2263
2263
2263
2264
2264
2264
2265
2265
2265
2265
2266
2266
2266
2267
2267
2267
2268
2268
2268
2268
2269
2269
2269
226a
226a
226a
226b
226b
226b
226b
226c
226c
226c
226d
226d
226d
226e
226e
226e
226e
226f
226f
226f
2270
2270
2270
2271
2271
2271
2271
2272
2272
2272
2273
2273
2273
2274
2274
2274
2274
2275
2275
2275
2276
2276
2276
2277
2277
2277
2277
2278
2278
2278
2279
2279
2279
227a
227a
227a
227a
227b
227b
227b
227c
227c
227c
227d
227d
227d
227d
227e
227e
227e
227f
227f
227f
2280
2280
2280
2281
2281
2281
2281
2282
2282
2282
2283
2283
2283
2284
2284
2284
2284
2285
2285
2285
2286
2286
2286
2287
2287
2287
2288
2288
2288
2288
2289
2289
2289
228a
228a
228a
228b
228b
228b
228c
228c
228c
228c
228d
228d
228d
228e
228e
228e
228f
228f
228f
2290
2290
2290
2290
2291
2291
2291
2292
2292
2292
2293
2293
2293
2294
2294
2294
2294
2295
2295
2295
2296
2296
2296
2297
2297
2297
2298
2298
2298
2298
2299
2299
2299
229a
229a
229a
229b
229b
229b
229c
229c
229c
229c
229d
229d
229d
229e
229e
229e
229f
229f
229f
22a0
22a0
22a0
22a1
22a1
22a1
22a1
22a2
22a2
22a2
22a3
22a3
22a3
22a4
22a4
22a4
22a5
22a5
22a5
22a6
22a6
22a6
22a6
22a7
22a7
22a7
22a8
22a8
22a8
22a9
22a9
22a9
22aa
22aa
22aa
22ab
22ab
22ab
22ab
22ac
22ac
22ac
22ad
22ad
22ad
22ae
22ae
22ae
22af
22af
22af
22b0
22b0
22b0
22b1
22b1
22b1
22b1
22b2
22b2
22b2
22b3
22b3
22b3
22b4
22b4
22b4
22b5
22b5
22b5
22b6
22b6
22b6
22b7
22b7
22b7
22b7
22b8
22b8
22b8
22b9
22b9
22b9
22ba
22ba
22ba
22bb
22bb
22bb
22bc
22bc
22bc
22bd
22bd
22bd
22bd
22be
22be
22be
22bf
22bf
22bf
22c0
22c0
22c0
22c1
22c1
22c1
22c2
22c2
22c2
22c3
22c3
22c3
22c4
22c4
22c4
22c4
22c5
22c5
22c5
22c6
22c6
22c6
22c7
22c7
22c7
22c8
22c8
22c8
22c9
22c9
22c9
22ca
22ca
22ca
22cb
22cb
22cb
22cc
22cc
22cc
22cc
22cd
22cd
22cd
22ce
22ce
22ce
22cf
22cf
22cf
22d0
22d0
22d0
22d1
22d1
22d1
22d2
22d2
22d2
22d3
22d3
22d3
22d4
22d4
22d4
22d5
22d5
22d5
22d6
22d6
22d6
22d6
22d7
22d7
22d7
22d8
22d8
22d8
22d9
22d9
22d9
22da
22da
22da
22db
22db
22db
22dc
22dc
22dc
22dd
22dd
22dd
22de
22de
22de
22df
22df
22df
22e0
22e0
22e0
22e1
22e1
22e1
22e2
22e2
22e2
22e2
22e3
22e3
22e3
22e4
22e4
22e4
22e5
22e5
22e5
22e6
22e6
22e6
22e7
22e7
22e7
22e8
22e8
22e8
22e9
22e9
22e9
22ea
22ea
22ea
22eb
22eb
22eb
22ec
22ec
22ec
22ed
22ed
22ed
22ee
22ee
22ee
22ef
22ef
22ef
22f0
22f0
22f0
22f1
22f1
22f1
22f2
22f2
22f2
22f3
22f3
22f3
22f4
22f4
22f4
22f4
22f5
22f5
22f5
22f6
22f6
22f6
22f7
22f7
22f7
22f8
22f8
22f8
22f9
22f9
22f9
22fa
22fa
22fa
22fb
22fb
22fb
22fc
22fc
22fc
22fd
22fd
22fd
22fe
22fe
22fe
22ff
22ff
22ff
2300
2300
2300
2301
2301
2301
2302
2302
2302
2303
2303
2303
2304
2304
2304
2305
2305
2305
2306
2306
2306
2307
2307
2307
2308
2308
2308
2309
2309
2309
230a
230a
230a
230b
230b
230b
230c
230c
230c
230d
230d
230d
230e
230e
230e
230f
230f
230f
2310
2310
2310
2311
2311
2311
2312
2312
2312
2313
2313
2313
2314
2314
2314
2315
2315
2315
2316
2316
2316
2317
2317
2317
2318
2318
2318
2319
2319
2319
231a
231a
231a
231b
231b
231c
231c
231c
231d
231d
231d
231e
231e
231e
231f
231f
231f
2320
2320
2320
2321
2321
2321
2322
2322
2322
2323
2323
2323
2324
2324
2324
2325
2325
2325
2326
2326
2326
2327
2327
2327
2328
2328
2328
2329
2329
2329
232a
232a
232a
232b
232b
232b
232c
232c
232c
232d
232d
232d
232e
232e
232f
232f
232f
2330
2330
2330
2331
2331
2331
2332
2332
2332
2333
2333
2333
2334
2334
2334
2335
2335
2335
2336
2336
2336
2337
2337
2337
2338
2338
2338
2339
2339
2339
233a
233a
233a
233b
233b
233c
233c
233c
233d
233d
233d
233e
233e
233e
233f
233f
233f
2340
2340
2340
2341
2341
2341
2342
2342
2342
2343
2343
2343
2344
2344
2344
2345
2345
2346
2346
2346
2347
2347
2347
2348
2348
2348
2349
2349
2349
234a
234a
234a
234b
234b
234b
234c
234c
234c
234d
234d
234d
234e
234e
234f
234f
234f
2350
2350
2350
2351
2351
2351
2352
2352
2352
2353
2353
2353
2354
2354
2354
2355
2355
2355
2356
2356
2357
2357
2357
2358
2358
2358
2359
2359
2359
235a
235a
235a
235b
235b
235b
235c
235c
235c
235d
235d
235e
235e
235e
235f
235f
235f
2360
2360
2360
2361
2361
2361
2362
2362
2362
2363
2363
2363
2364
2364
2365
2365
2365
2366
2366
2366
2367
2367
2367
2368
2368
2368
2369
2369
2369
236a
236a
236b
236b
236b
236c
236c
236c
236d
236d
236d
236e
236e
236e
236f
236f
236f
2370
2370
2371
2371
2371
2372
2372
2372
2373
2373
2373
2374
2374
2374
2375
2375
2376
2376
2376
2377
2377
2377
2378
2378
2378
2379
2379
2379
237a
237a
237a
237b
237b
237c
237c
237c
237d
237d
237d
237e
237e
237e
237f
237f
237f
2380
2380
2381
2381
2381
2382
2382
2382
2383
2383
2383
2384
2384
2384
2385
2385
2386
2386
2386
2387
2387
2387
2388
2388
2388
2389
2389
2389
238a
238a
238b
238b
238b
238c
238c
238c
238d
238d
238d
238e
238e
238f
238f
238f
2390
2390
2390
2391
2391
2391
2392
2392
2392
2393
2393
2394
2394
2394
2395
2395
2395
2396
2396
2396
2397
2397
2398
2398
2398
2399
2399
2399
239a
239a
239a
239b
239b
239c
239c
239c
239d
239d
239d
239e
239e
239e
239f
239f
23a0
23a0
23a0
23a1
23a1
23a1
23a2
23a2
23a2
23a3
23a3
23a3
23a4
23a4
23a5
23a5
23a5
23a6
23a6
23a6
23a7
23a7
23a7
23a8
23a8
23a9
23a9
23a9
23aa
23aa
23aa
23ab
23ab
23ac
23ac
23ac
23ad
23ad
23ad
23ae
23ae
23ae
23af
23af
23b0
23b0
23b0
23b1
23b1
23b1
23b2
23b2
23b2
23b3
23b3
23b4
23b4
23b4
23b5
23b5
23b5
23b6
23b6
23b6
23b7
23b7
23b8
23b8
23b8
23b9
23b9
23b9
23ba
23ba
23bb
23bb
23bb
23bc
23bc
23bc
23bd
23bd
23bd
23be
23be
23bf
23bf
23bf
23c0
23c0
23c0
23c1
23c1
23c2
23c2
23c2
23c3
23c3
23c3
23c4
23c4
23c4
23c5
23c5
23c6
23c6
23c6
23c7
23c7
23c7
23c8
23c8
23c9
23c9
23c9
23ca
23ca
23ca
23cb
23cb
23cc
23cc
23cc
23cd
23cd
23cd
23ce
23ce
23ce
23cf
23cf
23d0
23d0
23d0
23d1
23d1
23d1
23d2
23d2
23d3
23d3
23d3
23d4
23d4
23d4
23d5
23d5
23d6
23d6
23d6
23d7
23d7
23d7
23d8
23d8
23d9
23d9
23d9
23da
23da
23da
23db
23db
23dc
23dc
23dc
23dd
23dd
23dd
23de
23de
23df
23df
23df
23e0
23e0
23e0
23e1
23e1
23e2
23e2
23e2
23e3
23e3
23e3
23e4
23e4
23e5
23e5
23e5
23e6
23e6
23e6
23e7
23e7
23e8
23e8
23e8
23e9
23e9
23e9
23ea
23ea
23eb
23eb
23eb
23ec
23ec
23ec
23ed
23ed
23ee
23ee
23ee
23ef
23ef
23ef
23f0
23f0
23f1
23f1
23f1
23f2
23f2
23f2
23f3
23f3
23f4
23f4
23f4
23f5
23f5
23f5
23f6
23f6
23f7
23f7
23f7
23f8
23f8
23f8
23f9
23f9
23fa
23fa
23fa
23fb
23fb
23fc
23fc
23fc
23fd
23fd
23fd
23fe
23fe
23ff
23ff
23ff
2400
2400
2400
2401
2401
2402
2402
2402
2403
2403
2403
2404
2404
2405
2405
2405
2406
2406
2407
2407
2407
2408
2408
2408
2409
2409
240a
240a
240a
240b
240b
240c
240c
240c
240d
240d
240d
240e
240e
240f
240f
240f
2410
2410
2410
2411
2411
2412
2412
2412
2413
2413
2414
2414
2414
2415
2415
2415
2416
2416
2417
2417
2417
2418
2418
2419
2419
2419
241a
241a
241a
241b
241b
241c
241c
241c
241d
241d
241e
241e
241e
241f
241f
241f
2420
2420
2421
2421
2421
2422
2422
2423
2423
2423
2424
2424
2424
2425
2425
2426
2426
2426
2427
2427
2428
2428
2428
2429
2429
242a
242a
242a
242b
242b
242b
242c
242c
242d
242d
242d
242e
242e
242f
242f
242f
2430
2430
2430
2431
2431
2432
2432
2432
2433
2433
2434
2434
2434
2435
2435
2436
2436
2436
2437
2437
2437
2438
2438
2439
2439
2439
243a
243a
243b
243b
243b
243c
243c
243d
243d
243d
243e
243e
243f
243f
243f
2440
2440
2440
2441
2441
2442
2442
2442
2443
2443
2444
2444
2444
2445
2445
2446
2446
2446
2447
2447
2448
2448
2448
2449
2449
2449
244a
244a
244b
244b
244b
244c
244c
244d
244d
244d
244e
244e
244f
244f
244f
2450
2450
2451
2451
2451
2452
2452
2453
2453
2453
2454
2454
2454
2455
2455
2456
2456
2456
2457
2457
2458
2458
2458
2459
2459
245a
245a
245a
245b
245b
245c
245c
245c
245d
245d
245e
245e
245e
245f
245f
2460
2460
2460
2461
2461
2462
2462
2462
2463
2463
2464
2464
2464
2465
2465
2466
2466
2466
2467
2467
2467
2468
2468
2469
2469
2469
246a
246a
246b
246b
246b
246c
246c
246d
246d
246d
246e
246e
246f
246f
246f
2470
2470
2471
2471
2471
2472
2472
2473
2473
2473
2474
2474
2475
2475
2475
2476
2476
2477
2477
2477
2478
2478
2479
2479
2479
247a
247a
247b
247b
247b
247c
247c
247d
247d
247d
247e
247e
247f
247f
247f
2480
2480
2481
2481
2481
2482
2482
2483
2483
2483
2484
2484
2485
2485
2485
2486
2486
2487
2487
2487
2488
2488
2489
2489
248a
248a
248a
248b
248b
248c
248c
248c
248d
248d
248e
248e
248e
248f
248f
2490
2490
2490
2491
2491
2492
2492
2492
2493
2493
2494
2494
2494
2495
2495
2496
2496
2496
2497
2497
2498
2498
2498
2499
2499
249a
249a
249a
249b
249b
249c
249c
249d
249d
249d
249e
249e
249f
249f
249f
24a0
24a0
24a1
24a1
24a1
24a2
24a2
24a3
24a3
24a3
24a4
24a4
24a5
24a5
24a5
24a6
24a6
24a7
24a7
24a7
24a8
24a8
24a9
24a9
24aa
24aa
24aa
24ab
24ab
24ac
24ac
24ac
24ad
24ad
24ae
24ae
24ae
24af
24af
24b0
24b0
24b0
24b1
24b1
24b2
24b2
24b3
24b3
24b3
24b4
24b4
24b5
24b5
24b5
24b6
24b6
24b7
24b7
24b7
24b8
24b8
24b9
24b9
24ba
24ba
24ba
24bb
24bb
24bc
24bc
24bc
24bd
24bd
24be
24be
24be
24bf
24bf
24c0
24c0
24c0
24c1
24c1
24c2
24c2
24c3
24c3
24c3
24c4
24c4
24c5
24c5
24c5
24c6
24c6
24c7
24c7
24c7
24c8
24c8
24c9
24c9
24ca
24ca
24ca
24cb
24cb
24cc
24cc
24cc
24cd
24cd
24ce
24ce
24cf
24cf
24cf
24d0
24d0
24d1
24d1
24d1
24d2
24d2
24d3
24d3
24d3
24d4
24d4
24d5
24d5
24d6
24d6
24d6
24d7
24d7
24d8
24d8
24d8
24d9
24d9
24da
24da
24db
24db
24db
24dc
24dc
24dd
24dd
24dd
24de
24de
24df
24df
24e0
24e0
24e0
24e1
24e1
24e2
24e2
24e2
24e3
24e3
24e4
24e4
24e5
24e5
24e5
24e6
24e6
24e7
24e7
24e7
24e8
24e8
24e9
24e9
24ea
24ea
24ea
24eb
24eb
24ec
24ec
24ec
24ed
24ed
24ee
24ee
24ef
24ef
24ef
24f0
24f0
24f1
24f1
24f2
24f2
24f2
24f3
24f3
24f4
24f4
24f4
24f5
24f5
24f6
24f6
24f7
24f7
24f7
24f8
24f8
24f9
24f9
24f9
24fa
24fa
24fb
24fb
24fc
24fc
24fc
24fd
24fd
24fe
24fe
24ff
24ff
24ff
2500
2500
2501
2501
2501
2502
2502
2503
2503
2504
2504
2504
2505
2505
2506
2506
2507
2507
2507
2508
2508
2509
2509
250a
250a
250a
250b
250b
250c
250c
250c
250d
250d
250e
250e
250f
250f
250f
2510
2510
2511
2511
2512
2512
2512
2513
2513
2514
2514
2515
2515
2515
2516
2516
2517
2517
2517
2518
2518
2519
2519
251a
251a
251a
251b
251b
251c
251c
251d
251d
251d
251e
251e
251f
251f
2520
2520
2520
2521
2521
2522
2522
2523
2523
2523
2524
2524
2525
2525
2526
2526
2526
2527
2527
2528
2528
2529
2529
2529
252a
252a
252b
252b
252c
252c
252c
252d
252d
252e
252e
252f
252f
252f
2530
2530
2531
2531
2532
2532
2532
2533
2533
2534
2534
2535
2535
2535
2536
2536
2537
2537
2538
2538
2538
2539
2539
253a
253a
253b
253b
253b
253c
253c
253d
253d
253e
253e
253e
253f
253f
2540
2540
2541
2541
2541
2542
2542
2543
2543
2544
2544
2544
2545
2545
2546
2546
2547
2547
2547
2548
2548
2549
2549
254a
254a
254b
254b
254b
254c
254c
254d
254d
254e
254e
254e
254f
254f
2550
2550
2551
2551
2551
2552
2552
2553
2553
2554
2554
2554
2555
2555
2556
2556
2557
2557
2558
2558
2558
2559
2559
255a
255a
255b
255b
255b
255c
255c
255d
255d
255e
255e
255e
255f
255f
2560
2560
2561
2561
2562
2562
2562
2563
2563
2564
2564
2565
2565
2565
2566
2566
2567
2567
2568
2568
2568
2569
2569
256a
256a
256b
256b
256c
256c
256c
256d
256d
256e
256e
256f
256f
256f
2570
2570
2571
2571
2572
2572
2573
2573
2573
2574
2574
2575
2575
2576
2576
2576
2577
2577
2578
2578
2579
2579
257a
257a
257a
257b
257b
257c
257c
257d
257d
257e
257e
257e
257f
257f
2580
2580
2581
2581
2581
2582
2582
2583
2583
2584
2584
2585
2585
2585
2586
2586
2587
2587
2588
2588
2589
2589
2589
258a
258a
258b
258b
258c
258c
258d
258d
258d
258e
258e
258f
258f
2590
2590
2590
2591
2591
2592
2592
2593
2593
2594
2594
2594
2595
2595
2596
2596
2597
2597
2598
2598
2598
2599
2599
259a
259a
259b
259b
259c
259c
259c
259d
259d
259e
259e
259f
259f
25a0
25a0
25a0
25a1
25a1
25a2
25a2
25a3
25a3
25a4
25a4
25a4
25a5
25a5
25a6
25a6
25a7
25a7
25a8
25a8
25a8
25a9
25a9
25aa
25aa
25ab
25ab
25ac
25ac
25ac
25ad
25ad
25ae
25ae
25af
25af
25b0
25b0
25b1
25b1
25b1
25b2
25b2
25b3
25b3
25b4
25b4
25b5
25b5
25b5
25b6
25b6
25b7
25b7
25b8
25b8
25b9
25b9
25b9
25ba
25ba
25bb
25bb
25bc
25bc
25bd
25bd
25bd
25be
25be
25bf
25bf
25c0
25c0
25c1
25c1
25c2
25c2
25c2
25c3
25c3
25c4
25c4
25c5
25c5
25c6
25c6
25c6
25c7
25c7
25c8
25c8
25c9
25c9
25ca
25ca
25cb
25cb
25cb
25cc
25cc
25cd
25cd
25ce
25ce
25cf
25cf
25cf
25d0
25d0
25d1
25d1
25d2
25d2
25d3
25d3
25d4
25d4
25d4
25d5
25d5
25d6
25d6
25d7
25d7
25d8
25d8
25d9
25d9
25d9
25da
25da
25db
25db
25dc
25dc
25dd
25dd
25dd
25de
25de
25df
25df
25e0
25e0
25e1
25e1
25e2
25e2
25e2
25e3
25e3
25e4
25e4
25e5
25e5
25e6
25e6
25e7
25e7
25e7
25e8
25e8
25e9
25e9
25ea
25ea
25eb
25eb
25ec
25ec
25ec
25ed
25ed
25ee
25ee
25ef
25ef
25f0
25f0
25f1
25f1
25f1
25f2
25f2
25f3
25f3
25f4
25f4
25f5
25f5
25f6
25f6
25f7
25f7
25f7
25f8
25f8
25f9
25f9
25fa
25fa
25fb
25fb
25fc
25fc
25fc
25fd
25fd
25fe
25fe
25ff
25ff
2600
2600
2601
2601
2601
2602
2602
2603
2603
2604
2604
2605
2605
2606
2606
2607
2607
2607
2608
2608
2609
2609
260a
260a
260b
260b
260c
260c
260c
260d
260d
260e
260e
260f
260f
2610
2610
2611
2611
2612
2612
2612
2613
2613
2614
2614
2615
2615
2616
2616
2617
2617
2618
2618
2618
2619
2619
261a
261a
261b
261b
261c
261c
261d
261d
261e
261e
261e
261f
261f
2620
2620
2621
2621
2622
2622
2623
2623
2624
2624
2624
2625
2625
2626
2626
2627
2627
2628
2628
2629
2629
262a
262a
262a
262b
262b
262c
262c
262d
262d
262e
262e
262f
262f
2630
2630
2631
2631
2631
2632
2632
2633
2633
2634
2634
2635
2635
2636
2636
2637
2637
2637
2638
2638
2639
2639
263a
263a
263b
263b
263c
263c
263d
263d
263e
263e
263e
263f
263f
2640
2640
2641
2641
2642
2642
2643
2643
2644
2644
2645
2645
2645
2646
2646
2647
2647
2648
2648
2649
2649
264a
264a
264b
264b
264c
264c
264c
264d
264d
264e
264e
264f
264f
2650
2650
2651
2651
2652
2652
2653
2653
2653
2654
2654
2655
2655
2656
2656
2657
2657
2658
2658
2659
2659
265a
265a
265b
265b
265b
265c
265c
265d
265d
265e
265e
265f
265f
2660
2660
2661
2661
2662
2662
2663
2663
2663
2664
2664
2665
2665
2666
2666
2667
2667
2668
2668
2669
2669
266a
266a
266b
266b
266b
266c
266c
266d
266d
266e
266e
266f
266f
2670
2670
2671
2671
2672
2672
2673
2673
2673
2674
2674
2675
2675
2676
2676
2677
2677
2678
2678
2679
2679
267a
267a
267b
267b
267c
267c
267c
267d
267d
267e
267e
267f
267f
2680
2680
2681
2681
2682
2682
2683
2683
2684
2684
2685
2685
2685
2686
2686
2687
2687
2688
2688
2689
2689
268a
268a
268b
268b
268c
268c
268d
268d
268e
268e
268f
268f
268f
2690
2690
2691
2691
2692
2692
2693
2693
2694
2694
2695
2695
2696
2696
2697
2697
2698
2698
2699
2699
269a
269a
269a
269b
269b
269c
269c
269d
269d
269e
269e
269f
269f
26a0
26a0
26a1
26a1
26a2
26a2
26a3
26a3
26a4
26a4
26a5
26a5
26a5
26a6
26a6
26a7
26a7
26a8
26a8
26a9
26a9
26aa
26aa
26ab
26ab
26ac
26ac
26ad
26ad
26ae
26ae
26af
26af
26b0
26b0
26b0
26b1
26b1
26b2
26b2
26b3
26b3
26b4
26b4
26b5
26b5
26b6
26b6
26b7
26b7
26b8
26b8
26b9
26b9
26ba
26ba
26bb
26bb
26bc
26bc
26bd
26bd
26bd
26be
26be
26bf
26bf
26c0
26c0
26c1
26c1
26c2
26c2
26c3
26c3
26c4
26c4
26c5
26c5
26c6
26c6
26c7
26c7
26c8
26c8
26c9
26c9
26ca
26ca
26cb
26cb
26cb
26cc
26cc
26cd
26cd
26ce
26ce
26cf
26cf
26d0
26d0
26d1
26d1
26d2
26d2
26d3
26d3
26d4
26d4
26d5
26d5
26d6
26d6
26d7
26d7
26d8
26d8
26d9
26d9
26da
26da
26db
26db
26db
26dc
26dc
26dd
26dd
26de
26de
26df
26df
26e0
26e0
26e1
26e1
26e2
26e2
26e3
26e3
26e4
26e4
26e5
26e5
26e6
26e6
26e7
26e7
26e8
26e8
26e9
26e9
26ea
26ea
26eb
26eb
26ec
26ec
26ed
26ed
26ed
26ee
26ee
26ef
26ef
26f0
26f0
26f1
26f1
26f2
26f2
26f3
26f3
26f4
26f4
26f5
26f5
26f6
26f6
26f7
26f7
26f8
26f8
26f9
26f9
26fa
26fa
26fb
26fb
26fc
26fc
26fd
26fd
26fe
26fe
26ff
26ff
2700
2700
2701
2701
2702
2702
2703
2703
2704
2704
2704
2705
2705
2706
2706
2707
2707
2708
2708
2709
2709
270a
270a
270b
270b
270c
270c
270d
270d
270e
270e
270f
270f
2710
2710
2711
2711
2712
2712
2713
2713
2714
2714
2715
2715
2716
2716
2717
2717
2718
2718
2719
2719
271a
271a
271b
271b
271c
271c
271d
271d
271e
271e
271f
271f
2720
2720
2721
2721
2722
2722
2723
2723
2724
2724
2725
2725
2725
2726
2726
2727
2727
2728
2728
2729
2729
272a
272a
272b
272b
272c
272c
272d
272d
272e
272e
272f
272f
2730
2730
2731
2731
2732
2732
2733
2733
2734
2734
2735
2735
2736
2736
2737
2737
2738
2738
2739
2739
273a
273a
273b
273b
273c
273c
273d
273d
273e
273e
273f
273f
2740
2740
2741
2741
2742
2742
2743
2743
2744
2744
2745
2745
2746
2746
2747
2747
2748
2748
2749
2749
274a
274a
274b
274b
274c
274c
274d
274d
274e
274e
274f
274f
2750
2750
2751
2751
2752
2752
2753
2753
2754
2754
2755
2755
2756
2756
2757
2757
2758
2758
2759
2759
275a
275a
275b
275b
275c
275c
275d
275d
275e
275e
275f
275f
2760
2760
2761
2761
2762
2762
2763
2763
2764
2764
2765
2765
2766
2766
2767
2767
2768
2768
2769
2769
276a
276a
276b
276b
276c
276c
276d
276d
276e
276e
276f
276f
2770
2770
2771
2771
2772
2772
2773
2773
2774
2774
2775
2775
2776
2776
2777
2777
2778
2778
2779
2779
277a
277a
277b
277b
277c
277c
277d
277d
277e
277e
277f
277f
2780
2780
2781
2781
2782
2782
2783
2784
2784
2785
2785
2786
2786
2787
2787
2788
2788
2789
2789
278a
278a
278b
278b
278c
278c
278d
278d
278e
278e
278f
278f
2790
2790
2791
2791
2792
2792
2793
2793
2794
2794
2795
2795
2796
2796
2797
2797
2798
2798
2799
2799
279a
279a
279b
279b
279c
279c
279d
279d
279e
279e
279f
279f
27a0
27a0
27a1
27a1
27a2
27a2
27a3
27a3
27a4
27a4
27a5
27a6
27a6
27a7
27a7
27a8
27a8
27a9
27a9
27aa
27aa
27ab
27ab
27ac
27ac
27ad
27ad
27ae
27ae
27af
27af
27b0
27b0
27b1
27b1
27b2
27b2
27b3
27b3
27b4
27b4
27b5
27b5
27b6
27b6
27b7
27b7
27b8
27b8
27b9
27b9
27ba
27ba
27bb
27bb
27bc
27bc
27bd
27be
27be
27bf
27bf
27c0
27c0
27c1
27c1
27c2
27c2
27c3
27c3
27c4
27c4
27c5
27c5
27c6
27c6
27c7
27c7
27c8
27c8
27c9
27c9
27ca
27ca
27cb
27cb
27cc
27cc
27cd
27cd
27ce
27ce
27cf
27cf
27d0
27d0
27d1
27d2
27d2
27d3
27d3
27d4
27d4
27d5
27d5
27d6
27d6
27d7
27d7
27d8
27d8
27d9
27d9
27da
27da
27db
27db
27dc
27dc
27dd
27dd
27de
27de
27df
27df
27e0
27e0
27e1
27e1
27e2
27e3
27e3
27e4
27e4
27e5
27e5
27e6
27e6
27e7
27e7
27e8
27e8
27e9
27e9
27ea
27ea
27eb
27eb
27ec
27ec
27ed
27ed
27ee
27ee
27ef
27ef
27f0
27f0
27f1
27f2
27f2
27f3
27f3
27f4
27f4
27f5
27f5
27f6
27f6
27f7
27f7
27f8
27f8
27f9
27f9
27fa
27fa
27fb
27fb
27fc
27fc
27fd
27fd
27fe
27fe
27ff
2800
2800
2801
2801
2802
2802
2803
2803
2804
2804
2805
2805
2806
2806
2807
2807
2808
2808
2809
2809
280a
280a
280b
280b
280c
280d
280d
280e
280e
280f
280f
2810
2810
2811
2811
2812
2812
2813
2813
2814
2814
2815
2815
2816
2816
2817
2817
2818
2818
2819
281a
281a
281b
281b
281c
281c
281d
281d
281e
281e
281f
281f
2820
2820
2821
2821
2822
2822
2823
2823
2824
2825
2825
2826
2826
2827
2827
2828
2828
2829
2829
282a
282a
282b
282b
282c
282c
282d
282d
282e
282e
282f
2830
2830
2831
2831
2832
2832
2833
2833
2834
2834
2835
2835
2836
2836
2837
2837
2838
2838
2839
2839
283a
283b
283b
283c
283c
283d
283d
283e
283e
283f
283f
2840
2840
2841
2841
2842
2842
2843
2843
2844
2845
2845
2846
2846
2847
2847
2848
2848
2849
2849
284a
284a
284b
284b
284c
284c
284d
284e
284e
284f
284f
2850
2850
2851
2851
2852
2852
2853
2853
2854
2854
2855
2855
2856
2856
2857
2858
2858
2859
2859
285a
285a
285b
285b
285c
285c
285d
285d
285e
285e
285f
285f
2860
2861
2861
2862
2862
2863
2863
2864
2864
2865
2865
2866
2866
2867
2867
2868
2868
2869
286a
286a
286b
286b
286c
286c
286d
286d
286e
286e
286f
286f
2870
2870
2871
2872
2872
2873
2873
2874
2874
2875
2875
2876
2876
2877
2877
2878
2878
2879
2879
287a
287b
287b
287c
287c
287d
287d
287e
287e
287f
287f
2880
2880
2881
2881
2882
2883
2883
2884
2884
2885
2885
2886
2886
2887
2887
2888
2888
2889
2889
288a
288b
288b
288c
288c
288d
288d
288e
288e
288f
288f
2890
2890
2891
2892
2892
2893
2893
2894
2894
2895
2895
2896
2896
2897
2897
2898
2898
2899
289a
289a
289b
289b
289c
289c
289d
289d
289e
289e
289f
289f
28a0
28a0
28a1
28a2
28a2
28a3
28a3
28a4
28a4
28a5
28a5
28a6
28a6
28a7
28a7
28a8
28a9
28a9
28aa
28aa
28ab
28ab
28ac
28ac
28ad
28ad
28ae
28ae
28af
28b0
28b0
28b1
28b1
28b2
28b2
28b3
28b3
28b4
28b4
28b5
28b5
28b6
28b7
28b7
28b8
28b8
28b9
28b9
28ba
28ba
28bb
28bb
28bc
28bc
28bd
28be
28be
28bf
28bf
28c0
28c0
28c1
28c1
28c2
28c2
28c3
28c3
28c4
28c5
28c5
28c6
28c6
28c7
28c7
28c8
28c8
28c9
28c9
28ca
28ca
28cb
28cc
28cc
28cd
28cd
28ce
28ce
28cf
28cf
28d0
28d0
28d1
28d2
28d2
28d3
28d3
28d4
28d4
28d5
28d5
28d6
28d6
28d7
28d7
28d8
28d9
28d9
28da
28da
28db
28db
28dc
28dc
28dd
28dd
28de
28df
28df
28e0
28e0
28e1
28e1
28e2
28e2
28e3
28e3
28e4
28e5
28e5
28e6
28e6
28e7
28e7
28e8
28e8
28e9
28e9
28ea
28ea
28eb
28ec
28ec
28ed
28ed
28ee
28ee
28ef
28ef
28f0
28f0
28f1
28f2
28f2
28f3
28f3
28f4
28f4
28f5
28f5
28f6
28f6
28f7
28f8
28f8
28f9
28f9
28fa
28fa
28fb
28fb
28fc
28fc
28fd
28fe
28fe
28ff
28ff
2900
2900
2901
2901
2902
2902
2903
2904
2904
2905
2905
2906
2906
2907
2907
2908
2908
2909
290a
290a
290b
290b
290c
290c
290d
290d
290e
290e
290f
2910
2910
2911
2911
2912
2912
2913
2913
2914
2915
2915
2916
2916
2917
2917
2918
2918
2919
2919
291a
291b
291b
291c
291c
291d
291d
291e
291e
291f
291f
2920
2921
2921
2922
2922
2923
2923
2924
2924
2925
2926
2926
2927
2927
2928
2928
2929
2929
292a
292a
292b
292c
292c
292d
292d
292e
292e
292f
292f
2930
2931
2931
2932
2932
2933
2933
2934
2934
2935
2935
2936
2937
2937
2938
2938
2939
2939
293a
293a
293b
293c
293c
293d
293d
293e
293e
293f
293f
2940
2941
2941
2942
2942
2943
2943
2944
2944
2945
2945
2946
2947
2947
2948
2948
2949
2949
294a
294a
294b
294c
294c
294d
294d
294e
294e
294f
294f
2950
2951
2951
2952
2952
2953
2953
2954
2954
2955
2956
2956
2957
2957
2958
2958
2959
2959
295a
295b
295b
295c
295c
295d
295d
295e
295e
295f
2960
2960
2961
2961
2962
2962
2963
2963
2964
2965
2965
2966
2966
2967
2967
2968
2968
2969
296a
296a
296b
296b
296c
296c
296d
296d
296e
296f
296f
2970
2970
2971
2971
2972
2972
2973
2974
2974
2975
2975
2976
2976
2977
2977
2978
2979
2979
297a
297a
297b
297b
297c
297c
297d
297e
297e
297f
297f
2980
2980
2981
2982
2982
2983
2983
2984
2984
2985
2985
2986
2987
2987
2988
2988
2989
2989
298a
298a
298b
298c
298c
298d
298d
298e
298e
298f
298f
2990
2991
2991
2992
2992
2993
2993
2994
2995
2995
2996
2996
2997
2997
2998
2998
2999
299a
299a
299b
299b
299c
299c
299d
299d
299e
299f
299f
29a0
29a0
29a1
29a1
29a2
29a3
29a3
29a4
29a4
29a5
29a5
29a6
29a6
29a7
29a8
29a8
29a9
29a9
29aa
29aa
29ab
29ac
29ac
29ad
29ad
29ae
29ae
29af
29af
29b0
29b1
29b1
29b2
29b2
29b3
29b3
29b4
29b5
29b5
29b6
29b6
29b7
29b7
29b8
29b8
29b9
29ba
29ba
29bb
29bb
29bc
29bc
29bd
29be
29be
29bf
29bf
29c0
29c0
29c1
29c2
29c2
29c3
29c3
29c4
29c4
29c5
29c5
29c6
29c7
29c7
29c8
29c8
29c9
29c9
29ca
29cb
29cb
29cc
29cc
29cd
29cd
29ce
29cf
29cf
29d0
29d0
29d1
29d1
29d2
29d2
29d3
29d4
29d4
29d5
29d5
29d6
29d6
29d7
29d8
29d8
29d9
29d9
29da
29da
29db
29dc
29dc
29dd
29dd
29de
29de
29df
29e0
29e0
29e1
29e1
29e2
29e2
29e3
29e3
29e4
29e5
29e5
29e6
29e6
29e7
29e7
29e8
29e9
29e9
29ea
29ea
29eb
29eb
29ec
29ed
29ed
29ee
29ee
29ef
29ef
29f0
29f1
29f1
29f2
29f2
29f3
29f3
29f4
29f5
29f5
29f6
29f6
29f7
29f7
29f8
29f9
29f9
29fa
29fa
29fb
29fb
29fc
29fc
29fd
29fe
29fe
29ff
29ff
2a00
2a00
2a01
2a02
2a02
2a03
2a03
2a04
2a04
2a05
2a06
2a06
2a07
2a07
2a08
2a08
2a09
2a0a
2a0a
2a0b
2a0b
2a0c
2a0c
2a0d
2a0e
2a0e
2a0f
2a0f
2a10
2a10
2a11
2a12
2a12
2a13
2a13
2a14
2a14
2a15
2a16
2a16
2a17
2a17
2a18
2a18
2a19
2a1a
2a1a
2a1b
2a1b
2a1c
2a1c
2a1d
2a1e
2a1e
2a1f
2a1f
2a20
2a21
2a21
2a22
2a22
2a23
2a23
2a24
2a25
2a25
2a26
2a26
2a27
2a27
2a28
2a29
2a29
2a2a
2a2a
2a2b
2a2b
2a2c
2a2d
2a2d
2a2e
2a2e
2a2f
2a2f
2a30
2a31
2a31
2a32
2a32
2a33
2a33
2a34
2a35
2a35
2a36
2a36
2a37
2a37
2a38
2a39
2a39
2a3a
2a3a
2a3b
2a3b
2a3c
2a3d
2a3d
2a3e
2a3e
2a3f
2a40
2a40
2a41
2a41
2a42
2a42
2a43
2a44
2a44
2a45
2a45
2a46
2a46
2a47
2a48
2a48
2a49
2a49
2a4a
2a4a
2a4b
2a4c
2a4c
2a4d
2a4d
2a4e
2a4f
2a4f
2a50
2a50
2a51
2a51
2a52
2a53
2a53
2a54
2a54
2a55
2a55
2a56
2a57
2a57
2a58
2a58
2a59
2a59
2a5a
2a5b
2a5b
2a5c
2a5c
2a5d
2a5e
2a5e
2a5f
2a5f
2a60
2a60
2a61
2a62
2a62
2a63
2a63
2a64
2a64
2a65
2a66
2a66
2a67
2a67
2a68
2a69
2a69
2a6a
2a6a
2a6b
2a6b
2a6c
2a6d
2a6d
2a6e
2a6e
2a6f
2a70
2a70
2a71
2a71
2a72
2a72
2a73
2a74
2a74
2a75
2a75
2a76
2a76
2a77
2a78
2a78
2a79
2a79
2a7a
2a7b
2a7b
2a7c
2a7c
2a7d
2a7d
2a7e
2a7f
2a7f
2a80
2a80
2a81
2a82
2a82
2a83
2a83
2a84
2a84
2a85
2a86
2a86
2a87
2a87
2a88
2a88
2a89
2a8a
2a8a
2a8b
2a8b
2a8c
2a8d
2a8d
2a8e
2a8e
2a8f
2a8f
2a90
2a91
2a91
2a92
2a92
2a93
2a94
2a94
2a95
2a95
2a96
2a96
2a97
2a98
2a98
2a99
2a99
2a9a
2a9b
2a9b
2a9c
2a9c
2a9d
2a9d
2a9e
2a9f
2a9f
2aa0
2aa0
2aa1
2aa2
2aa2
2aa3
2aa3
2aa4
2aa5
2aa5
2aa6
2aa6
2aa7
2aa7
2aa8
2aa9
2aa9
2aaa
2aaa
2aab
2aac
2aac
2aad
2aad
2aae
2aae
2aaf
2ab0
2ab0
2ab1
2ab1
2ab2
2ab3
2ab3
2ab4
2ab4
2ab5
2ab5
2ab6
2ab7
2ab7
2ab8
2ab8
2ab9
2aba
2aba
2abb
2abb
2abc
2abd
2abd
2abe
2abe
2abf
2abf
2ac0
2ac1
2ac1
2ac2
2ac2
2ac3
2ac4
2ac4
2ac5
2ac5
2ac6
2ac7
2ac7
2ac8
2ac8
2ac9
2ac9
2aca
2acb
2acb
2acc
2acc
2acd
2ace
2ace
2acf
2acf
2ad0
2ad1
2ad1
2ad2
2ad2
2ad3
2ad3
2ad4
2ad5
2ad5
2ad6
2ad6
2ad7
2ad8
2ad8
2ad9
2ad9
2ada
2adb
2adb
2adc
2adc
2add
2add
2ade
2adf
2adf
2ae0
2ae0
2ae1
2ae2
2ae2
2ae3
2ae3
2ae4
2ae5
2ae5
2ae6
2ae6
2ae7
2ae7
2ae8
2ae9
2ae9
2aea
2aea
2aeb
2aec
2aec
2aed
2aed
2aee
2aef
2aef
2af0
2af0
2af1
2af2
2af2
2af3
2af3
2af4
2af4
2af5
2af6
2af6
2af7
2af7
2af8
2af9
2af9
2afa
2afa
2afb
2afc
2afc
2afd
2afd
2afe
2aff
2aff
2b00
2b00
2b01
2b02
2b02
2b03
2b03
2b04
2b04
2b05
2b06
2b06
2b07
2b07
2b08
2b09
2b09
2b0a
2b0a
2b0b
2b0c
2b0c
2b0d
2b0d
2b0e
2b0f
2b0f
2b10
2b10
2b11
2b12
2b12
2b13
2b13
2b14
2b15
2b15
2b16
2b16
2b17
2b17
2b18
2b19
2b19
2b1a
2b1a
2b1b
2b1c
2b1c
2b1d
2b1d
2b1e
2b1f
2b1f
2b20
2b20
2b21
2b22
2b22
2b23
2b23
2b24
2b25
2b25
2b26
2b26
2b27
2b28
2b28
2b29
2b29
2b2a
2b2b
2b2b
2b2c
2b2c
2b2d
2b2e
2b2e
2b2f
2b2f
2b30
2b30
2b31
2b32
2b32
2b33
2b33
2b34
2b35
2b35
2b36
2b36
2b37
2b38
2b38
2b39
2b39
2b3a
2b3b
2b3b
2b3c
2b3c
2b3d
2b3e
2b3e
2b3f
2b3f
2b40
2b41
2b41
2b42
2b42
2b43
2b44
2b44
2b45
2b45
2b46
2b47
2b47
2b48
2b48
2b49
2b4a
2b4a
2b4b
2b4b
2b4c
2b4d
2b4d
2b4e
2b4e
2b4f
2b50
2b50
2b51
2b51
2b52
2b53
2b53
2b54
2b54
2b55
2b56
2b56
2b57
2b57
2b58
2b59
2b59
2b5a
2b5a
2b5b
2b5c
2b5c
2b5d
2b5d
2b5e
2b5f
2b5f
2b60
2b60
2b61
2b62
2b62
2b63
2b63
2b64
2b65
2b65
2b66
2b66
2b67
2b68
2b68
2b69
2b69
2b6a
2b6b
2b6b
2b6c
2b6c
2b6d
2b6e
2b6e
2b6f
2b6f
2b70
2b71
2b71
2b72
2b72
2b73
2b74
2b74
2b75
2b75
2b76
2b77
2b77
2b78
2b78
2b79
2b7a
2b7a
2b7b
2b7b
2b7c
2b7d
2b7d
2b7e
2b7e
2b7f
2b80
2b80
2b81
2b81
2b82
2b83
2b83
2b84
2b84
2b85
2b86
2b86
2b87
2b87
2b88
2b89
2b89
2b8a
2b8b
2b8b
2b8c
2b8c
2b8d
2b8e
2b8e
2b8f
2b8f
2b90
2b91
2b91
2b92
2b92
2b93
2b94
2b94
2b95
2b95
2b96
2b97
2b97
2b98
2b98
2b99
2b9a
2b9a
2b9b
2b9b
2b9c
2b9d
2b9d
2b9e
2b9e
2b9f
2ba0
2ba0
2ba1
2ba1
2ba2
2ba3
2ba3
2ba4
2ba5
2ba5
2ba6
2ba6
2ba7
2ba8
2ba8
2ba9
2ba9
2baa
2bab
2bab
2bac
2bac
2bad
2bae
2bae
2baf
2baf
2bb0
2bb1
2bb1
2bb2
2bb2
2bb3
2bb4
2bb4
2bb5
2bb6
2bb6
2bb7
2bb7
2bb8
2bb9
2bb9
2bba
2bba
2bbb
2bbc
2bbc
2bbd
2bbd
2bbe
2bbf
2bbf
2bc0
2bc0
2bc1
2bc2
2bc2
2bc3
2bc3
2bc4
2bc5
2bc5
2bc6
2bc7
2bc7
2bc8
2bc8
2bc9
2bca
2bca
2bcb
2bcb
2bcc
2bcd
2bcd
2bce
2bce
2bcf
2bd0
2bd0
2bd1
2bd1
2bd2
2bd3
2bd3
2bd4
2bd5
2bd5
2bd6
2bd6
2bd7
2bd8
2bd8
2bd9
2bd9
2bda
2bdb
2bdb
2bdc
2bdc
2bdd
2bde
2bde
2bdf
2be0
2be0
2be1
2be1
2be2
2be3
2be3
2be4
2be4
2be5
2be6
2be6
2be7
2be7
2be8
2be9
2be9
2bea
2beb
2beb
2bec
2bec
2bed
2bee
2bee
2bef
2bef
2bf0
2bf1
2bf1
2bf2
2bf2
2bf3
2bf4
2bf4
2bf5
2bf6
2bf6
2bf7
2bf7
2bf8
2bf9
2bf9
2bfa
2bfa
2bfb
2bfc
2bfc
2bfd
2bfd
2bfe
2bff
2bff
2c00
2c01
2c01
2c02
2c02
2c03
2c04
2c04
2c05
2c05
2c06
2c07
2c07
2c08
2c09
2c09
2c0a
2c0a
2c0b
2c0c
2c0c
2c0d
2c0d
2c0e
2c0f
2c0f
2c10
2c11
2c11
2c12
2c12
2c13
2c14
2c14
2c15
2c15
2c16
2c17
2c17
2c18
2c18
2c19
2c1a
2c1a
2c1b
2c1c
2c1c
2c1d
2c1d
2c1e
2c1f
2c1f
2c20
2c20
2c21
2c22
2c22
2c23
2c24
2c24
2c25
2c25
2c26
2c27
2c27
2c28
2c28
2c29
2c2a
2c2a
2c2b
2c2c
2c2c
2c2d
2c2d
2c2e
2c2f
2c2f
2c30
2c31
2c31
2c32
2c32
2c33
2c34
2c34
2c35
2c35
2c36
2c37
2c37
2c38
2c39
2c39
2c3a
2c3a
2c3b
2c3c
2c3c
2c3d
2c3d
2c3e
2c3f
2c3f
2c40
2c41
2c41
2c42
2c42
2c43
2c44
2c44
2c45
2c46
2c46
2c47
2c47
2c48
2c49
2c49
2c4a
2c4a
2c4b
2c4c
2c4c
2c4d
2c4e
2c4e
2c4f
2c4f
2c50
2c51
2c51
2c52
2c52
2c53
2c54
2c54
2c55
2c56
2c56
2c57
2c57
2c58
2c59
2c59
2c5a
2c5b
2c5b
2c5c
2c5c
2c5d
2c5e
2c5e
2c5f
2c60
2c60
2c61
2c61
2c62
2c63
2c63
2c64
2c64
2c65
2c66
2c66
2c67
2c68
2c68
2c69
2c69
2c6a
2c6b
2c6b
2c6c
2c6d
2c6d
2c6e
2c6e
2c6f
2c70
2c70
2c71
2c72
2c72
2c73
2c73
2c74
2c75
2c75
2c76
2c76
2c77
2c78
2c78
2c79
2c7a
2c7a
2c7b
2c7b
2c7c
2c7d
2c7d
2c7e
2c7f
2c7f
2c80
2c80
2c81
2c82
2c82
2c83
2c84
2c84
2c85
2c85
2c86
2c87
2c87
2c88
2c89
2c89
2c8a
2c8a
2c8b
2c8c
2c8c
2c8d
2c8e
2c8e
2c8f
2c8f
2c90
2c91
2c91
2c92
2c93
2c93
2c94
2c94
2c95
2c96
2c96
2c97
2c98
2c98
2c99
2c99
2c9a
2c9b
2c9b
2c9c
2c9d
2c9d
2c9e
2c9e
2c9f
2ca0
2ca0
2ca1
2ca2
2ca2
2ca3
2ca3
2ca4
2ca5
2ca5
2ca6
2ca7
2ca7
2ca8
2ca8
2ca9
2caa
2caa
2cab
2cac
2cac
2cad
2cad
2cae
2caf
2caf
2cb0
2cb1
2cb1
2cb2
2cb2
2cb3
2cb4
2cb4
2cb5
2cb6
2cb6
2cb7
2cb7
2cb8
2cb9
2cb9
2cba
2cbb
2cbb
2cbc
2cbc
2cbd
2cbe
2cbe
2cbf
2cc0
2cc0
2cc1
2cc1
2cc2
2cc3
2cc3
2cc4
2cc5
2cc5
2cc6
2cc6
2cc7
2cc8
2cc8
2cc9
2cca
2cca
2ccb
2ccb
2ccc
2ccd
2ccd
2cce
2ccf
2ccf
2cd0
2cd1
2cd1
2cd2
2cd2
2cd3
2cd4
2cd4
2cd5
2cd6
2cd6
2cd7
2cd7
2cd8
2cd9
2cd9
2cda
2cdb
2cdb
2cdc
2cdc
2cdd
2cde
2cde
2cdf
2ce0
2ce0
2ce1
2ce2
2ce2
2ce3
2ce3
2ce4
2ce5
2ce5
2ce6
2ce7
2ce7
2ce8
2ce8
2ce9
2cea
2cea
2ceb
2cec
2cec
2ced
2ced
2cee
2cef
2cef
2cf0
2cf1
2cf1
2cf2
2cf3
2cf3
2cf4
2cf4
2cf5
2cf6
2cf6
2cf7
2cf8
2cf8
2cf9
2cf9
2cfa
2cfb
2cfb
2cfc
2cfd
2cfd
2cfe
2cff
2cff
2d00
2d00
2d01
2d02
2d02
2d03
2d04
2d04
2d05
2d05
2d06
2d07
2d07
2d08
2d09
2d09
2d0a
2d0b
2d0b
2d0c
2d0c
2d0d
2d0e
2d0e
2d0f
2d10
2d10
2d11
2d11
2d12
2d13
2d13
2d14
2d15
2d15
2d16
2d17
2d17
2d18
2d18
2d19
2d1a
2d1a
2d1b
2d1c
2d1c
2d1d
2d1e
2d1e
2d1f
2d1f
2d20
2d21
2d21
2d22
2d23
2d23
2d24
2d24
2d25
2d26
2d26
2d27
2d28
2d28
2d29
2d2a
2d2a
2d2b
2d2b
2d2c
2d2d
2d2d
2d2e
2d2f
2d2f
2d30
2d31
2d31
2d32
2d32
2d33
2d34
2d34
2d35
2d36
2d36
2d37
2d38
2d38
2d39
2d39
2d3a
2d3b
2d3b
2d3c
2d3d
2d3d
2d3e
2d3f
2d3f
2d40
2d40
2d41
2d42
2d42
2d43
2d44
2d44
2d45
2d46
2d46
2d47
2d47
2d48
2d49
2d49
2d4a
2d4b
2d4b
2d4c
2d4d
2d4d
2d4e
2d4e
2d4f
2d50
2d50
2d51
2d52
2d52
2d53
2d54
2d54
2d55
2d55
2d56
2d57
2d57
2d58
2d59
2d59
2d5a
2d5b
2d5b
2d5c
2d5c
2d5d
2d5e
2d5e
2d5f
2d60
2d60
2d61
2d62
2d62
2d63
2d64
2d64
2d65
2d65
2d66
2d67
2d67
2d68
2d69
2d69
2d6a
2d6b
2d6b
2d6c
2d6c
2d6d
2d6e
2d6e
2d6f
2d70
2d70
2d71
2d72
2d72
2d73
2d74
2d74
2d75
2d75
2d76
2d77
2d77
2d78
2d79
2d79
2d7a
2d7b
2d7b
2d7c
2d7c
2d7d
2d7e
2d7e
2d7f
2d80
2d80
2d81
2d82
2d82
2d83
2d84
2d84
2d85
2d85
2d86
2d87
2d87
2d88
2d89
2d89
2d8a
2d8b
2d8b
2d8c
2d8c
2d8d
2d8e
2d8e
2d8f
2d90
2d90
2d91
2d92
2d92
2d93
2d94
2d94
2d95
2d95
2d96
2d97
2d97
2d98
2d99
2d99
2d9a
2d9b
2d9b
2d9c
2d9d
2d9d
2d9e
2d9e
2d9f
2da0
2da0
2da1
2da2
2da2
2da3
2da4
2da4
2da5
2da6
2da6
2da7
2da7
2da8
2da9
2da9
2daa
2dab
2dab
2dac
2dad
2dad
2dae
2daf
2daf
2db0
2db0
2db1
2db2
2db2
2db3
2db4
2db4
2db5
2db6
2db6
2db7
2db8
2db8
2db9
2dba
2dba
2dbb
2dbb
2dbc
2dbd
2dbd
2dbe
2dbf
2dbf
2dc0
2dc1
2dc1
2dc2
2dc3
2dc3
2dc4
2dc4
2dc5
2dc6
2dc6
2dc7
2dc8
2dc8
2dc9
2dca
2dca
2dcb
2dcc
2dcc
2dcd
2dce
2dce
2dcf
2dcf
2dd0
2dd1
2dd1
2dd2
2dd3
2dd3
2dd4
2dd5
2dd5
2dd6
2dd7
2dd7
2dd8
2dd9
2dd9
2dda
2dda
2ddb
2ddc
2ddc
2ddd
2dde
2dde
2ddf
2de0
2de0
2de1
2de2
2de2
2de3
2de4
2de4
2de5
2de5
2de6
2de7
2de7
2de8
2de9
2de9
2dea
2deb
2deb
2dec
2ded
2ded
2dee
2def
2def
2df0
2df0
2df1
2df2
2df2
2df3
2df4
2df4
2df5
2df6
2df6
2df7
2df8
2df8
2df9
2dfa
2dfa
2dfb
2dfb
2dfc
2dfd
2dfd
2dfe
2dff
2dff
2e00
2e01
2e01
2e02
2e03
2e03
2e04
2e05
2e05
2e06
2e07
2e07
2e08
2e08
2e09
2e0a
2e0a
2e0b
2e0c
2e0c
2e0d
2e0e
2e0e
2e0f
2e10
2e10
2e11
2e12
2e12
2e13
2e14
2e14
2e15
2e15
2e16
2e17
2e17
2e18
2e19
2e19
2e1a
2e1b
2e1b
2e1c
2e1d
2e1d
2e1e
2e1f
2e1f
2e20
2e21
2e21
2e22
2e22
2e23
2e24
2e24
2e25
2e26
2e26
2e27
2e28
2e28
2e29
2e2a
2e2a
2e2b
2e2c
2e2c
2e2d
2e2e
2e2e
2e2f
2e30
2e30
2e31
2e31
2e32
2e33
2e33
2e34
2e35
2e35
2e36
2e37
2e37
2e38
2e39
2e39
2e3a
2e3b
2e3b
2e3c
2e3d
2e3d
2e3e
2e3f
2e3f
2e40
2e41
2e41
2e42
2e42
2e43
2e44
2e44
2e45
2e46
2e46
2e47
2e48
2e48
2e49
2e4a
2e4a
2e4b
2e4c
2e4c
2e4d
2e4e
2e4e
2e4f
2e50
2e50
2e51
2e52
2e52
2e53
2e53
2e54
2e55
2e55
2e56
2e57
2e57
2e58
2e59
2e59
2e5a
2e5b
2e5b
2e5c
2e5d
2e5d
2e5e
2e5f
2e5f
2e60
2e61
2e61
2e62
2e63
2e63
2e64
2e65
2e65
2e66
2e66
2e67
2e68
2e68
2e69
2e6a
2e6a
2e6b
2e6c
2e6c
2e6d
2e6e
2e6e
2e6f
2e70
2e70
2e71
2e72
2e72
2e73
2e74
2e74
2e75
2e76
2e76
2e77
2e78
2e78
2e79
2e7a
2e7a
2e7b
2e7b
2e7c
2e7d
2e7d
2e7e
2e7f
2e7f
2e80
2e81
2e81
2e82
2e83
2e83
2e84
2e85
2e85
2e86
2e87
2e87
2e88
2e89
2e89
2e8a
2e8b
2e8b
2e8c
2e8d
2e8d
2e8e
2e8f
2e8f
2e90
2e91
2e91
2e92
2e93
2e93
2e94
2e94
2e95
2e96
2e96
2e97
2e98
2e98
2e99
2e9a
2e9a
2e9b
2e9c
2e9c
2e9d
2e9e
2e9e
2e9f
2ea0
2ea0
2ea1
2ea2
2ea2
2ea3
2ea4
2ea4
2ea5
2ea6
2ea6
2ea7
2ea8
2ea8
2ea9
2eaa
2eaa
2eab
2eac
2eac
2ead
2eae
2eae
2eaf
2eb0
2eb0
2eb1
2eb2
2eb2
2eb3
2eb3
2eb4
2eb5
2eb5
2eb6
2eb7
2eb7
2eb8
2eb9
2eb9
2eba
2ebb
2ebb
2ebc
2ebd
2ebd
2ebe
2ebf
2ebf
2ec0
2ec1
2ec1
2ec2
2ec3
2ec3
2ec4
2ec5
2ec5
2ec6
2ec7
2ec7
2ec8
2ec9
2ec9
2eca
2ecb
2ecb
2ecc
2ecd
2ecd
2ece
2ecf
2ecf
2ed0
2ed1
2ed1
2ed2
2ed3
2ed3
2ed4
2ed5
2ed5
2ed6
2ed7
2ed7
2ed8
2ed9
2ed9
2eda
2edb
2edb
2edc
2edd
2edd
2ede
2edf
2edf
2ee0
2ee1
2ee1
2ee2
2ee2
2ee3
2ee4
2ee4
2ee5
2ee6
2ee6
2ee7
2ee8
2ee8
2ee9
2eea
2eea
2eeb
2eec
2eec
2eed
2eee
2eee
2eef
2ef0
2ef0
2ef1
2ef2
2ef2
2ef3
2ef4
2ef4
2ef5
2ef6
2ef6
2ef7
2ef8
2ef8
2ef9
2efa
2efa
2efb
2efc
2efc
2efd
2efe
2efe
2eff
2f00
2f00
2f01
2f02
2f02
2f03
2f04
2f04
2f05
2f06
2f06
2f07
2f08
2f08
2f09
2f0a
2f0a
2f0b
2f0c
2f0c
2f0d
2f0e
2f0e
2f0f
2f10
2f10
2f11
2f12
2f12
2f13
2f14
2f14
2f15
2f16
2f16
2f17
2f18
2f18
2f19
2f1a
2f1a
2f1b
2f1c
2f1c
2f1d
2f1e
2f1e
2f1f
2f20
2f20
2f21
2f22
2f22
2f23
2f24
2f24
2f25
2f26
2f26
2f27
2f28
2f28
2f29
2f2a
2f2a
2f2b
2f2c
2f2c
2f2d
2f2e
2f2e
2f2f
2f30
2f30
2f31
2f32
2f32
2f33
2f34
2f34
2f35
2f36
2f36
2f37
2f38
2f38
2f39
2f3a
2f3a
2f3b
2f3c
2f3c
2f3d
2f3e
2f3e
2f3f
2f40
2f40
2f41
2f42
2f42
2f43
2f44
2f44
2f45
2f46
2f46
2f47
2f48
2f48
2f49
2f4a
2f4a
2f4b
2f4c
2f4d
2f4d
2f4e
2f4f
2f4f
2f50
2f51
2f51
2f52
2f53
2f53
2f54
2f55
2f55
2f56
2f57
2f57
2f58
2f59
2f59
2f5a
2f5b
2f5b
2f5c
2f5d
2f5d
2f5e
2f5f
2f5f
2f60
2f61
2f61
2f62
2f63
2f63
2f64
2f65
2f65
2f66
2f67
2f67
2f68
2f69
2f69
2f6a
2f6b
2f6b
2f6c
2f6d
2f6d
2f6e
2f6f
2f6f
2f70
2f71
2f71
2f72
2f73
2f73
2f74
2f75
2f75
2f76
2f77
2f77
2f78
2f79
2f79
2f7a
2f7b
2f7b
2f7c
2f7d
2f7e
2f7e
2f7f
2f80
2f80
2f81
2f82
2f82
2f83
2f84
2f84
2f85
2f86
2f86
2f87
2f88
2f88
2f89
2f8a
2f8a
2f8b
2f8c
2f8c
2f8d
2f8e
2f8e
2f8f
2f90
2f90
2f91
2f92
2f92
2f93
2f94
2f94
2f95
2f96
2f96
2f97
2f98
2f98
2f99
2f9a
2f9a
2f9b
2f9c
2f9c
2f9d
2f9e
2f9f
2f9f
2fa0
2fa1
2fa1
2fa2
2fa3
2fa3
2fa4
2fa5
2fa5
2fa6
2fa7
2fa7
2fa8
2fa9
2fa9
2faa
2fab
2fab
2fac
2fad
2fad
2fae
2faf
2faf
2fb0
2fb1
2fb1
2fb2
2fb3
2fb3
2fb4
2fb5
2fb5
2fb6
2fb7
2fb7
2fb8
2fb9
2fba
2fba
2fbb
2fbc
2fbc
2fbd
2fbe
2fbe
2fbf
2fc0
2fc0
2fc1
2fc2
2fc2
2fc3
2fc4
2fc4
2fc5
2fc6
2fc6
2fc7
2fc8
2fc8
2fc9
2fca
2fca
2fcb
2fcc
2fcc
2fcd
2fce
2fcf
2fcf
2fd0
2fd1
2fd1
2fd2
2fd3
2fd3
2fd4
2fd5
2fd5
2fd6
2fd7
2fd7
2fd8
2fd9
2fd9
2fda
2fdb
2fdb
2fdc
2fdd
2fdd
2fde
2fdf
2fdf
2fe0
2fe1
2fe1
2fe2
2fe3
2fe4
2fe4
2fe5
2fe6
2fe6
2fe7
2fe8
2fe8
2fe9
2fea
2fea
2feb
2fec
2fec
2fed
2fee
2fee
2fef
2ff0
2ff0
2ff1
2ff2
2ff2
2ff3
2ff4
2ff4
2ff5
2ff6
2ff7
2ff7
2ff8
2ff9
2ff9
2ffa
2ffb
2ffb
2ffc
2ffd
2ffd
2ffe
2fff
2fff
3000
3001
3001
3002
3003
3003
3004
3005
3005
3006
3007
3008
3008
3009
300a
300a
300b
300c
300c
300d
300e
300e
300f
3010
3010
3011
3012
3012
3013
3014
3014
3015
3016
3017
3017
3018
3019
3019
301a
301b
301b
301c
301d
301d
301e
301f
301f
3020
3021
3021
3022
3023
3023
3024
3025
3026
3026
3027
3028
3028
3029
302a
302a
302b
302c
302c
302d
302e
302e
302f
3030
3030
3031
3032
3032
3033
3034
3035
3035
3036
3037
3037
3038
3039
3039
303a
303b
303b
303c
303d
303d
303e
303f
303f
3040
3041
3042
3042
3043
3044
3044
3045
3046
3046
3047
3048
3048
3049
304a
304a
304b
304c
304c
304d
304e
304f
304f
3050
3051
3051
3052
3053
3053
3054
3055
3055
3056
3057
3057
3058
3059
3059
305a
305b
305c
305c
305d
305e
305e
305f
3060
3060
3061
3062
3062
3063
3064
3064
3065
3066
3066
3067
3068
3069
3069
306a
306b
306b
306c
306d
306d
306e
306f
306f
3070
3071
3071
3072
3073
3074
3074
3075
3076
3076
3077
3078
3078
3079
307a
307a
307b
307c
307c
307d
307e
307e
307f
3080
3081
3081
3082
3083
3083
3084
3085
3085
3086
3087
3087
3088
3089
3089
308a
308b
308c
308c
308d
308e
308e
308f
3090
3090
3091
3092
3092
3093
3094
3094
3095
3096
3097
3097
3098
3099
3099
309a
309b
309b
309c
309d
309d
309e
309f
30a0
30a0
30a1
30a2
30a2
30a3
30a4
30a4
30a5
30a6
30a6
30a7
30a8
30a8
30a9
30aa
30ab
30ab
30ac
30ad
30ad
30ae
30af
30af
30b0
30b1
30b1
30b2
30b3
30b3
30b4
30b5
30b6
30b6
30b7
30b8
30b8
30b9
30ba
30ba
30bb
30bc
30bc
30bd
30be
30bf
30bf
30c0
30c1
30c1
30c2
30c3
30c3
30c4
30c5
30c5
30c6
30c7
30c8
30c8
30c9
30ca
30ca
30cb
30cc
30cc
30cd
30ce
30ce
30cf
30d0
30d0
30d1
30d2
30d3
30d3
30d4
30d5
30d5
30d6
30d7
30d7
30d8
30d9
30d9
30da
30db
30dc
30dc
30dd
30de
30de
30df
30e0
30e0
30e1
30e2
30e2
30e3
30e4
30e5
30e5
30e6
30e7
30e7
30e8
30e9
30e9
30ea
30eb
30eb
30ec
30ed
30ee
30ee
30ef
30f0
30f0
30f1
30f2
30f2
30f3
30f4
30f4
30f5
30f6
30f7
30f7
30f8
30f9
30f9
30fa
30fb
30fb
30fc
30fd
30fe
30fe
30ff
3100
3100
3101
3102
3102
3103
3104
3104
3105
3106
3107
3107
3108
3109
3109
310a
310b
310b
310c
310d
310d
310e
310f
3110
3110
3111
3112
3112
3113
3114
3114
3115
3116
3116
3117
3118
3119
3119
311a
311b
311b
311c
311d
311d
311e
311f
3120
3120
3121
3122
3122
3123
3124
3124
3125
3126
3126
3127
3128
3129
3129
312a
312b
312b
312c
312d
312d
312e
312f
3130
3130
3131
3132
3132
3133
3134
3134
3135
3136
3136
3137
3138
3139
3139
313a
313b
313b
313c
313d
313d
313e
313f
3140
3140
3141
3142
3142
3143
3144
3144
3145
3146
3147
3147
3148
3149
3149
314a
314b
314b
314c
314d
314d
314e
314f
3150
3150
3151
3152
3152
3153
3154
3154
3155
3156
3157
3157
3158
3159
3159
315a
315b
315b
315c
315d
315e
315e
315f
3160
3160
3161
3162
3162
3163
3164
3165
3165
3166
3167
3167
3168
3169
3169
316a
316b
316c
316c
316d
316e
316e
316f
3170
3170
3171
3172
3173
3173
3174
3175
3175
3176
3177
3177
3178
3179
317a
317a
317b
317c
317c
317d
317e
317e
317f
3180
3181
3181
3182
3183
3183
3184
3185
3185
3186
3187
3188
3188
3189
318a
318a
318b
318c
318c
318d
318e
318f
318f
3190
3191
3191
3192
3193
3193
3194
3195
3196
3196
3197
3198
3198
3199
319a
319a
319b
319c
319d
319d
319e
319f
319f
31a0
31a1
31a1
31a2
31a3
31a4
31a4
31a5
31a6
31a6
31a7
31a8
31a8
31a9
31aa
31ab
31ab
31ac
31ad
31ad
31ae
31af
31af
31b0
31b1
31b2
31b2
31b3
31b4
31b4
31b5
31b6
31b7
31b7
31b8
31b9
31b9
31ba
31bb
31bb
31bc
31bd
31be
31be
31bf
31c0
31c0
31c1
31c2
31c2
31c3
31c4
31c5
31c5
31c6
31c7
31c7
31c8
31c9
31c9
31ca
31cb
31cc
31cc
31cd
31ce
31ce
31cf
31d0
31d1
31d1
31d2
31d3
31d3
31d4
31d5
31d5
31d6
31d7
31d8
31d8
31d9
31da
31da
31db
31dc
31dd
31dd
31de
31df
31df
31e0
31e1
31e1
31e2
31e3
31e4
31e4
31e5
31e6
31e6
31e7
31e8
31e8
31e9
31ea
31eb
31eb
31ec
31ed
31ed
31ee
31ef
31f0
31f0
31f1
31f2
31f2
31f3
31f4
31f4
31f5
31f6
31f7
31f7
31f8
31f9
31f9
31fa
31fb
31fc
31fc
31fd
31fe
31fe
31ff
3200
3200
3201
3202
3203
3203
3204
3205
3205
3206
3207
3208
3208
3209
320a
320a
320b
320c
320c
320d
320e
320f
320f
3210
3211
3211
3212
3213
3214
3214
3215
3216
3216
3217
3218
3219
3219
321a
321b
321b
321c
321d
321d
321e
321f
3220
3220
3221
3222
3222
3223
3224
3225
3225
3226
3227
3227
3228
3229
3229
322a
322b
322c
322c
322d
322e
322e
322f
3230
3231
3231
3232
3233
3233
3234
3235
3236
3236
3237
3238
3238
3239
323a
323a
323b
323c
323d
323d
323e
323f
323f
3240
3241
3242
3242
3243
3244
3244
3245
3246
3247
3247
3248
3249
3249
324a
324b
324c
324c
324d
324e
324e
324f
3250
3250
3251
3252
3253
3253
3254
3255
3255
3256
3257
3258
3258
3259
325a
325a
325b
325c
325d
325d
325e
325f
325f
3260
3261
3262
3262
3263
3264
3264
3265
3266
3266
3267
3268
3269
3269
326a
326b
326b
326c
326d
326e
326e
326f
3270
3270
3271
3272
3273
3273
3274
3275
3275
3276
3277
3278
3278
3279
327a
327a
327b
327c
327d
327d
327e
327f
327f
3280
3281
3282
3282
3283
3284
3284
3285
3286
3287
3287
3288
3289
3289
328a
328b
328c
328c
328d
328e
328e
328f
3290
3290
3291
3292
3293
3293
3294
3295
3295
3296
3297
3298
3298
3299
329a
329a
329b
329c
329d
329d
329e
329f
329f
32a0
32a1
32a2
32a2
32a3
32a4
32a4
32a5
32a6
32a7
32a7
32a8
32a9
32a9
32aa
32ab
32ac
32ac
32ad
32ae
32ae
32af
32b0
32b1
32b1
32b2
32b3
32b3
32b4
32b5
32b6
32b6
32b7
32b8
32b8
32b9
32ba
32bb
32bb
32bc
32bd
32bd
32be
32bf
32c0
32c0
32c1
32c2
32c2
32c3
32c4
32c5
32c5
32c6
32c7
32c7
32c8
32c9
32ca
32ca
32cb
32cc
32cc
32cd
32ce
32cf
32cf
32d0
32d1
32d1
32d2
32d3
32d4
32d4
32d5
32d6
32d6
32d7
32d8
32d9
32d9
32da
32db
32db
32dc
32dd
32de
32de
32df
32e0
32e1
32e1
32e2
32e3
32e3
32e4
32e5
32e6
32e6
32e7
32e8
32e8
32e9
32ea
32eb
32eb
32ec
32ed
32ed
32ee
32ef
32f0
32f0
32f1
32f2
32f2
32f3
32f4
32f5
32f5
32f6
32f7
32f7
32f8
32f9
32fa
32fa
32fb
32fc
32fc
32fd
32fe
32ff
32ff
3300
3301
3301
3302
3303
3304
3304
3305
3306
3307
3307
3308
3309
3309
330a
330b
330c
330c
330d
330e
330e
330f
3310
3311
3311
3312
3313
3313
3314
3315
3316
3316
3317
3318
3318
3319
331a
331b
331b
331c
331d
331e
331e
331f
3320
3320
3321
3322
3323
3323
3324
3325
3325
3326
3327
3328
3328
3329
332a
332a
332b
332c
332d
332d
332e
332f
332f
3330
3331
3332
3332
3333
3334
3335
3335
3336
3337
3337
3338
3339
333a
333a
333b
333c
333c
333d
333e
333f
333f
3340
3341
3341
3342
3343
3344
3344
3345
3346
3347
3347
3348
3349
3349
334a
334b
334c
334c
334d
334e
334e
334f
3350
3351
3351
3352
3353
3353
3354
3355
3356
3356
3357
3358
3359
3359
335a
335b
335b
335c
335d
335e
335e
335f
3360
3360
3361
3362
3363
3363
3364
3365
3366
3366
3367
3368
3368
3369
336a
336b
336b
336c
336d
336d
336e
336f
3370
3370
3371
3372
3373
3373
3374
3375
3375
3376
3377
3378
3378
3379
337a
337a
337b
337c
337d
337d
337e
337f
3380
3380
3381
3382
3382
3383
3384
3385
3385
3386
3387
3387
3388
3389
338a
338a
338b
338c
338d
338d
338e
338f
338f
3390
3391
3392
3392
3393
3394
3395
3395
3396
3397
3397
3398
3399
339a
339a
339b
339c
339c
339d
339e
339f
339f
33a0
33a1
33a2
33a2
33a3
33a4
33a4
33a5
33a6
33a7
33a7
33a8
33a9
33aa
33aa
33ab
33ac
33ac
33ad
33ae
33af
33af
33b0
33b1
33b1
33b2
33b3
33b4
33b4
33b5
33b6
33b7
33b7
33b8
33b9
33b9
33ba
33bb
33bc
33bc
33bd
33be
33bf
33bf
33c0
33c1
33c1
33c2
33c3
33c4
33c4
33c5
33c6
33c7
33c7
33c8
33c9
33c9
33ca
33cb
33cc
33cc
33cd
33ce
33cf
33cf
33d0
33d1
33d1
33d2
33d3
33d4
33d4
33d5
33d6
33d6
33d7
33d8
33d9
33d9
33da
33db
33dc
33dc
33dd
33de
33de
33df
33e0
33e1
33e1
33e2
33e3
33e4
33e4
33e5
33e6
33e6
33e7
33e8
33e9
33e9
33ea
33eb
33ec
33ec
33ed
33ee
33ee
33ef
33f0
33f1
33f1
33f2
33f3
33f4
33f4
33f5
33f6
33f6
33f7
33f8
33f9
33f9
33fa
33fb
33fc
33fc
33fd
33fe
33fe
33ff
3400
3401
3401
3402
3403
3404
3404
3405
3406
3406
3407
3408
3409
3409
340a
340b
340c
340c
340d
340e
340f
340f
3410
3411
3411
3412
3413
3414
3414
3415
3416
3417
3417
3418
3419
3419
341a
341b
341c
341c
341d
341e
341f
341f
3420
3421
3421
3422
3423
3424
3424
3425
3426
3427
3427
3428
3429
3429
342a
342b
342c
342c
342d
342e
342f
342f
3430
3431
3432
3432
3433
3434
3434
3435
3436
3437
3437
3438
3439
343a
343a
343b
343c
343c
343d
343e
343f
343f
3440
3441
3442
3442
3443
3444
3444
3445
3446
3447
3447
3448
3449
344a
344a
344b
344c
344d
344d
344e
344f
344f
3450
3451
3452
3452
3453
3454
3455
3455
3456
3457
3457
3458
3459
345a
345a
345b
345c
345d
345d
345e
345f
3460
3460
3461
3462
3462
3463
3464
3465
3465
3466
3467
3468
3468
3469
346a
346b
346b
346c
346d
346d
346e
346f
3470
3470
3471
3472
3473
3473
3474
3475
3476
3476
3477
3478
3478
3479
347a
347b
347b
347c
347d
347e
347e
347f
3480
3480
3481
3482
3483
3483
3484
3485
3486
3486
3487
3488
3489
3489
348a
348b
348b
348c
348d
348e
348e
348f
3490
3491
3491
3492
3493
3494
3494
3495
3496
3496
3497
3498
3499
3499
349a
349b
349c
349c
349d
349e
349f
349f
34a0
34a1
34a2
34a2
34a3
34a4
34a4
34a5
34a6
34a7
34a7
34a8
34a9
34aa
34aa
34ab
34ac
34ad
34ad
34ae
34af
34af
34b0
34b1
34b2
34b2
34b3
34b4
34b5
34b5
34b6
34b7
34b8
34b8
34b9
34ba
34ba
34bb
34bc
34bd
34bd
34be
34bf
34c0
34c0
34c1
34c2
34c3
34c3
34c4
34c5
34c6
34c6
34c7
34c8
34c8
34c9
34ca
34cb
34cb
34cc
34cd
34ce
34ce
34cf
34d0
34d1
34d1
34d2
34d3
34d3
34d4
34d5
34d6
34d6
34d7
34d8
34d9
34d9
34da
34db
34dc
34dc
34dd
34de
34df
34df
34e0
34e1
34e1
34e2
34e3
34e4
34e4
34e5
34e6
34e7
34e7
34e8
34e9
34ea
34ea
34eb
34ec
34ed
34ed
34ee
34ef
34ef
34f0
34f1
34f2
34f2
34f3
34f4
34f5
34f5
34f6
34f7
34f8
34f8
34f9
34fa
34fb
34fb
34fc
34fd
34fd
34fe
34ff
3500
3500
3501
3502
3503
3503
3504
3505
3506
3506
3507
3508
3509
3509
350a
350b
350b
350c
350d
350e
350e
350f
3510
3511
3511
3512
3513
3514
3514
3515
3516
3517
3517
3518
3519
351a
351a
351b
351c
351c
351d
351e
351f
351f
3520
3521
3522
3522
3523
3524
3525
3525
3526
3527
3528
3528
3529
352a
352a
352b
352c
352d
352d
352e
352f
3530
3530
3531
3532
3533
3533
3534
3535
3536
3536
3537
3538
3539
3539
353a
353b
353b
353c
353d
353e
353e
353f
3540
3541
3541
3542
3543
3544
3544
3545
3546
3547
3547
3548
3549
354a
354a
354b
354c
354d
354d
354e
354f
354f
3550
3551
3552
3552
3553
3554
3555
3555
3556
3557
3558
3558
3559
355a
355b
355b
355c
355d
355e
355e
355f
3560
3560
3561
3562
3563
3563
3564
3565
3566
3566
3567
3568
3569
3569
356a
356b
356c
356c
356d
356e
356f
356f
3570
3571
3572
3572
3573
3574
3575
3575
3576
3577
3577
3578
3579
357a
357a
357b
357c
357d
357d
357e
357f
3580
3580
3581
3582
3583
3583
3584
3585
3586
3586
3587
3588
3589
3589
358a
358b
358c
358c
358d
358e
358e
358f
3590
3591
3591
3592
3593
3594
3594
3595
3596
3597
3597
3598
3599
359a
359a
359b
359c
359d
359d
359e
359f
35a0
35a0
35a1
35a2
35a3
35a3
35a4
35a5
35a5
35a6
35a7
35a8
35a8
35a9
35aa
35ab
35ab
35ac
35ad
35ae
35ae
35af
35b0
35b1
35b1
35b2
35b3
35b4
35b4
35b5
35b6
35b7
35b7
35b8
35b9
35ba
35ba
35bb
35bc
35bd
35bd
35be
35bf
35c0
35c0
35c1
35c2
35c2
35c3
35c4
35c5
35c5
35c6
35c7
35c8
35c8
35c9
35ca
35cb
35cb
35cc
35cd
35ce
35ce
35cf
35d0
35d1
35d1
35d2
35d3
35d4
35d4
35d5
35d6
35d7
35d7
35d8
35d9
35da
35da
35db
35dc
35dd
35dd
35de
35df
35e0
35e0
35e1
35e2
35e3
35e3
35e4
35e5
35e5
35e6
35e7
35e8
35e8
35e9
35ea
35eb
35eb
35ec
35ed
35ee
35ee
35ef
35f0
35f1
35f1
35f2
35f3
35f4
35f4
35f5
35f6
35f7
35f7
35f8
35f9
35fa
35fa
35fb
35fc
35fd
35fd
35fe
35ff
3600
3600
3601
3602
3603
3603
3604
3605
3606
3606
3607
3608
3609
3609
360a
360b
360c
360c
360d
360e
360f
360f
3610
3611
3611
3612
3613
3614
3614
3615
3616
3617
3617
3618
3619
361a
361a
361b
361c
361d
361d
361e
361f
3620
3620
3621
3622
3623
3623
3624
3625
3626
3626
3627
3628
3629
3629
362a
362b
362c
362c
362d
362e
362f
362f
3630
3631
3632
3632
3633
3634
3635
3635
3636
3637
3638
3638
3639
363a
363b
363b
363c
363d
363e
363e
363f
3640
3641
3641
3642
3643
3644
3644
3645
3646
3647
3647
3648
3649
364a
364a
364b
364c
364d
364d
364e
364f
3650
3650
3651
3652
3653
3653
3654
3655
3656
3656
3657
3658
3659
3659
365a
365b
365c
365c
365d
365e
365f
365f
3660
3661
3662
3662
3663
3664
3664
3665
3666
3667
3667
3668
3669
366a
366a
366b
366c
366d
366d
366e
366f
3670
3670
3671
3672
3673
3673
3674
3675
3676
3676
3677
3678
3679
3679
367a
367b
367c
367c
367d
367e
367f
367f
3680
3681
3682
3682
3683
3684
3685
3685
3686
3687
3688
3688
3689
368a
368b
368b
368c
368d
368e
368e
368f
3690
3691
3691
3692
3693
3694
3694
3695
3696
3697
3697
3698
3699
369a
369a
369b
369c
369d
369d
369e
369f
36a0
36a0
36a1
36a2
36a3
36a3
36a4
36a5
36a6
36a7
36a7
36a8
36a9
36aa
36aa
36ab
36ac
36ad
36ad
36ae
36af
36b0
36b0
36b1
36b2
36b3
36b3
36b4
36b5
36b6
36b6
36b7
36b8
36b9
36b9
36ba
36bb
36bc
36bc
36bd
36be
36bf
36bf
36c0
36c1
36c2
36c2
36c3
36c4
36c5
36c5
36c6
36c7
36c8
36c8
36c9
36ca
36cb
36cb
36cc
36cd
36ce
36ce
36cf
36d0
36d1
36d1
36d2
36d3
36d4
36d4
36d5
36d6
36d7
36d7
36d8
36d9
36da
36da
36db
36dc
36dd
36dd
36de
36df
36e0
36e0
36e1
36e2
36e3
36e3
36e4
36e5
36e6
36e6
36e7
36e8
36e9
36e9
36ea
36eb
36ec
36ec
36ed
36ee
36ef
36ef
36f0
36f1
36f2
36f2
36f3
36f4
36f5
36f5
36f6
36f7
36f8
36f8
36f9
36fa
36fb
36fc
36fc
36fd
36fe
36ff
36ff
3700
3701
3702
3702
3703
3704
3705
3705
3706
3707
3708
3708
3709
370a
370b
370b
370c
370d
370e
370e
370f
3710
3711
3711
3712
3713
3714
3714
3715
3716
3717
3717
3718
3719
371a
371a
371b
371c
371d
371d
371e
371f
3720
3720
3721
3722
3723
3723
3724
3725
3726
3726
3727
3728
3729
372a
372a
372b
372c
372d
372d
372e
372f
3730
3730
3731
3732
3733
3733
3734
3735
3736
3736
3737
3738
3739
3739
373a
373b
373c
373c
373d
373e
373f
373f
3740
3741
3742
3742
3743
3744
3745
3745
3746
3747
3748
3748
3749
374a
374b
374b
374c
374d
374e
374f
374f
3750
3751
3752
3752
3753
3754
3755
3755
3756
3757
3758
3758
3759
375a
375b
375b
375c
375d
375e
375e
375f
3760
3761
3761
3762
3763
3764
3764
3765
3766
3767
3767
3768
3769
376a
376a
376b
376c
376d
376e
376e
376f
3770
3771
3771
3772
3773
3774
3774
3775
3776
3777
3777
3778
3779
377a
377a
377b
377c
377d
377d
377e
377f
3780
3780
3781
3782
3783
3783
3784
3785
3786
3786
3787
3788
3789
378a
378a
378b
378c
378d
378d
378e
378f
3790
3790
3791
3792
3793
3793
3794
3795
3796
3796
3797
3798
3799
3799
379a
379b
379c
379c
379d
379e
379f
379f
37a0
37a1
37a2
37a3
37a3
37a4
37a5
37a6
37a6
37a7
37a8
37a9
37a9
37aa
37ab
37ac
37ac
37ad
37ae
37af
37af
37b0
37b1
37b2
37b2
37b3
37b4
37b5
37b5
37b6
37b7
37b8
37b9
37b9
37ba
37bb
37bc
37bc
37bd
37be
37bf
37bf
37c0
37c1
37c2
37c2
37c3
37c4
37c5
37c5
37c6
37c7
37c8
37c8
37c9
37ca
37cb
37cb
37cc
37cd
37ce
37cf
37cf
37d0
37d1
37d2
37d2
37d3
37d4
37d5
37d5
37d6
37d7
37d8
37d8
37d9
37da
37db
37db
37dc
37dd
37de
37de
37df
37e0
37e1
37e2
37e2
37e3
37e4
37e5
37e5
37e6
37e7
37e8
37e8
37e9
37ea
37eb
37eb
37ec
37ed
37ee
37ee
37ef
37f0
37f1
37f1
37f2
37f3
37f4
37f5
37f5
37f6
37f7
37f8
37f8
37f9
37fa
37fb
37fb
37fc
37fd
37fe
37fe
37ff
3800
3801
3801
3802
3803
3804
3804
3805
3806
3807
3808
3808
3809
380a
380b
380b
380c
380d
380e
380e
380f
3810
3811
3811
3812
3813
3814
3814
3815
3816
3817
3817
3818
3819
381a
381b
381b
381c
381d
381e
381e
381f
3820
3821
3821
3822
3823
3824
3824
3825
3826
3827
3827
3828
3829
382a
382b
382b
382c
382d
382e
382e
382f
3830
3831
3831
3832
3833
3834
3834
3835
3836
3837
3837
3838
3839
383a
383b
383b
383c
383d
383e
383e
383f
3840
3841
3841
3842
3843
3844
3844
3845
3846
3847
3847
3848
3849
384a
384b
384b
384c
384d
384e
384e
384f
3850
3851
3851
3852
3853
3854
3854
3855
3856
3857
3857
3858
3859
385a
385b
385b
385c
385d
385e
385e
385f
3860
3861
3861
3862
3863
3864
3864
3865
3866
3867
3867
3868
3869
386a
386b
386b
386c
386d
386e
386e
386f
3870
3871
3871
3872
3873
3874
3874
3875
3876
3877
3878
3878
3879
387a
387b
387b
387c
387d
387e
387e
387f
3880
3881
3881
3882
3883
3884
3884
3885
3886
3887
3888
3888
3889
388a
388b
388b
388c
388d
388e
388e
388f
3890
3891
3891
3892
3893
3894
3895
3895
3896
3897
3898
3898
3899
389a
389b
389b
389c
389d
389e
389e
389f
38a0
38a1
38a2
38a2
38a3
38a4
38a5
38a5
38a6
38a7
38a8
38a8
38a9
38aa
38ab
38ab
38ac
38ad
38ae
38af
38af
38b0
38b1
38b2
38b2
38b3
38b4
38b5
38b5
38b6
38b7
38b8
38b8
38b9
38ba
38bb
38bc
38bc
38bd
38be
38bf
38bf
38c0
38c1
38c2
38c2
38c3
38c4
38c5
38c5
38c6
38c7
38c8
38c9
38c9
38ca
38cb
38cc
38cc
38cd
38ce
38cf
38cf
38d0
38d1
38d2
38d2
38d3
38d4
38d5
38d6
38d6
38d7
38d8
38d9
38d9
38da
38db
38dc
38dc
38dd
38de
38df
38df
38e0
38e1
38e2
38e3
38e3
38e4
38e5
38e6
38e6
38e7
38e8
38e9
38e9
38ea
38eb
38ec
38ec
38ed
38ee
38ef
38f0
38f0
38f1
38f2
38f3
38f3
38f4
38f5
38f6
38f6
38f7
38f8
38f9
38fa
38fa
38fb
38fc
38fd
38fd
38fe
38ff
3900
3900
3901
3902
3903
3903
3904
3905
3906
3907
3907
3908
3909
390a
390a
390b
390c
390d
390d
390e
390f
3910
3911
3911
3912
3913
3914
3914
3915
3916
3917
3917
3918
3919
391a
391a
391b
391c
391d
391e
391e
391f
3920
3921
3921
3922
3923
3924
3924
3925
3926
3927
3928
3928
3929
392a
392b
392b
392c
392d
392e
392e
392f
3930
3931
3931
3932
3933
3934
3935
3935
3936
3937
3938
3938
3939
393a
393b
393b
393c
393d
393e
393f
393f
3940
3941
3942
3942
3943
3944
3945
3945
3946
3947
3948
3949
3949
394a
394b
394c
394c
394d
394e
394f
394f
3950
3951
3952
3952
3953
3954
3955
3956
3956
3957
3958
3959
3959
395a
395b
395c
395c
395d
395e
395f
3960
3960
3961
3962
3963
3963
3964
3965
3966
3966
3967
3968
3969
396a
396a
396b
396c
396d
396d
396e
396f
3970
3970
3971
3972
3973
3974
3974
3975
3976
3977
3977
3978
3979
397a
397a
397b
397c
397d
397e
397e
397f
3980
3981
3981
3982
3983
3984
3984
3985
3986
3987
3988
3988
3989
398a
398b
398b
398c
398d
398e
398e
398f
3990
3991
3992
3992
3993
3994
3995
3995
3996
3997
3998
3998
3999
399a
399b
399c
399c
399d
399e
399f
399f
39a0
39a1
39a2
39a2
39a3
39a4
39a5
39a6
39a6
39a7
39a8
39a9
39a9
39aa
39ab
39ac
39ac
39ad
39ae
39af
39b0
39b0
39b1
39b2
39b3
39b3
39b4
39b5
39b6
39b6
39b7
39b8
39b9
39ba
39ba
39bb
39bc
39bd
39bd
39be
39bf
39c0
39c0
39c1
39c2
39c3
39c4
39c4
39c5
39c6
39c7
39c7
39c8
39c9
39ca
39ca
39cb
39cc
39cd
39ce
39ce
39cf
39d0
39d1
39d1
39d2
39d3
39d4
39d5
39d5
39d6
39d7
39d8
39d8
39d9
39da
39db
39db
39dc
39dd
39de
39df
39df
39e0
39e1
39e2
39e2
39e3
39e4
39e5
39e5
39e6
39e7
39e8
39e9
39e9
39ea
39eb
39ec
39ec
39ed
39ee
39ef
39ef
39f0
39f1
39f2
39f3
39f3
39f4
39f5
39f6
39f6
39f7
39f8
39f9
39fa
39fa
39fb
39fc
39fd
39fd
39fe
39ff
3a00
3a00
3a01
3a02
3a03
3a04
3a04
3a05
3a06
3a07
3a07
3a08
3a09
3a0a
3a0a
3a0b
3a0c
3a0d
3a0e
3a0e
3a0f
3a10
3a11
3a11
3a12
3a13
3a14
3a15
3a15
3a16
3a17
3a18
3a18
3a19
3a1a
3a1b
3a1b
3a1c
3a1d
3a1e
3a1f
3a1f
3a20
3a21
3a22
3a22
3a23
3a24
3a25
3a25
3a26
3a27
3a28
3a29
3a29
3a2a
3a2b
3a2c
3a2c
3a2d
3a2e
3a2f
3a30
3a30
3a31
3a32
3a33
3a33
3a34
3a35
3a36
3a36
3a37
3a38
3a39
3a3a
3a3a
3a3b
3a3c
3a3d
3a3d
3a3e
3a3f
3a40
3a41
3a41
3a42
3a43
3a44
3a44
3a45
3a46
3a47
3a47
3a48
3a49
3a4a
3a4b
3a4b
3a4c
3a4d
3a4e
3a4e
3a4f
3a50
3a51
3a52
3a52
3a53
3a54
3a55
3a55
3a56
3a57
3a58
3a58
3a59
3a5a
3a5b
3a5c
3a5c
3a5d
3a5e
3a5f
3a5f
3a60
3a61
3a62
3a63
3a63
3a64
3a65
3a66
3a66
3a67
3a68
3a69
3a69
3a6a
3a6b
3a6c
3a6d
3a6d
3a6e
3a6f
3a70
3a70
3a71
3a72
3a73
3a74
3a74
3a75
3a76
3a77
3a77
3a78
3a79
3a7a
3a7a
3a7b
3a7c
3a7d
3a7e
3a7e
3a7f
3a80
3a81
3a81
3a82
3a83
3a84
3a85
3a85
3a86
3a87
3a88
3a88
3a89
3a8a
3a8b
3a8c
3a8c
3a8d
3a8e
3a8f
3a8f
3a90
3a91
3a92
3a92
3a93
3a94
3a95
3a96
3a96
3a97
3a98
3a99
3a99
3a9a
3a9b
3a9c
3a9d
3a9d
3a9e
3a9f
3aa0
3aa0
3aa1
3aa2
3aa3
3aa4
3aa4
3aa5
3aa6
3aa7
3aa7
3aa8
3aa9
3aaa
3aaa
3aab
3aac
3aad
3aae
3aae
3aaf
3ab0
3ab1
3ab1
3ab2
3ab3
3ab4
3ab5
3ab5
3ab6
3ab7
3ab8
3ab8
3ab9
3aba
3abb
3abc
3abc
3abd
3abe
3abf
3abf
3ac0
3ac1
3ac2
3ac2
3ac3
3ac4
3ac5
3ac6
3ac6
3ac7
3ac8
3ac9
3ac9
3aca
3acb
3acc
3acd
3acd
3ace
3acf
3ad0
3ad0
3ad1
3ad2
3ad3
3ad4
3ad4
3ad5
3ad6
3ad7
3ad7
3ad8
3ad9
3ada
3adb
3adb
3adc
3add
3ade
3ade
3adf
3ae0
3ae1
3ae1
3ae2
3ae3
3ae4
3ae5
3ae5
3ae6
3ae7
3ae8
3ae8
3ae9
3aea
3aeb
3aec
3aec
3aed
3aee
3aef
3aef
3af0
3af1
3af2
3af3
3af3
3af4
3af5
3af6
3af6
3af7
3af8
3af9
3afa
3afa
3afb
3afc
3afd
3afd
3afe
3aff
3b00
3b01
3b01
3b02
3b03
3b04
3b04
3b05
3b06
3b07
3b07
3b08
3b09
3b0a
3b0b
3b0b
3b0c
3b0d
3b0e
3b0e
3b0f
3b10
3b11
3b12
3b12
3b13
3b14
3b15
3b15
3b16
3b17
3b18
3b19
3b19
3b1a
3b1b
3b1c
3b1c
3b1d
3b1e
3b1f
3b20
3b20
3b21
3b22
3b23
3b23
3b24
3b25
3b26
3b27
3b27
3b28
3b29
3b2a
3b2a
3b2b
3b2c
3b2d
3b2e
3b2e
3b2f
3b30
3b31
3b31
3b32
3b33
3b34
3b35
3b35
3b36
3b37
3b38
3b38
3b39
3b3a
3b3b
3b3b
3b3c
3b3d
3b3e
3b3f
3b3f
3b40
3b41
3b42
3b42
3b43
3b44
3b45
3b46
3b46
3b47
3b48
3b49
3b49
3b4a
3b4b
3b4c
3b4d
3b4d
3b4e
3b4f
3b50
3b50
3b51
3b52
3b53
3b54
3b54
3b55
3b56
3b57
3b57
3b58
3b59
3b5a
3b5b
3b5b
3b5c
3b5d
3b5e
3b5e
3b5f
3b60
3b61
3b62
3b62
3b63
3b64
3b65
3b65
3b66
3b67
3b68
3b69
3b69
3b6a
3b6b
3b6c
3b6c
3b6d
3b6e
3b6f
3b70
3b70
3b71
3b72
3b73
3b73
3b74
3b75
3b76
3b77
3b77
3b78
3b79
3b7a
3b7a
3b7b
3b7c
3b7d
3b7e
3b7e
3b7f
3b80
3b81
3b81
3b82
3b83
3b84
3b85
3b85
3b86
3b87
3b88
3b88
3b89
3b8a
3b8b
3b8c
3b8c
3b8d
3b8e
3b8f
3b8f
3b90
3b91
3b92
3b93
3b93
3b94
3b95
3b96
3b96
3b97
3b98
3b99
3b9a
3b9a
3b9b
3b9c
3b9d
3b9d
3b9e
3b9f
3ba0
3ba1
3ba1
3ba2
3ba3
3ba4
3ba4
3ba5
3ba6
3ba7
3ba8
3ba8
3ba9
3baa
3bab
3bab
3bac
3bad
3bae
3baf
3baf
3bb0
3bb1
3bb2
3bb2
3bb3
3bb4
3bb5
3bb6
3bb6
3bb7
3bb8
3bb9
3bb9
3bba
3bbb
3bbc
3bbd
3bbd
3bbe
3bbf
3bc0
3bc0
3bc1
3bc2
3bc3
3bc4
3bc4
3bc5
3bc6
3bc7
3bc7
3bc8
3bc9
3bca
3bcb
3bcb
3bcc
3bcd
3bce
3bce
3bcf
3bd0
3bd1
3bd2
3bd2
3bd3
3bd4
3bd5
3bd5
3bd6
3bd7
3bd8
3bd9
3bd9
3bda
3bdb
3bdc
3bdc
3bdd
3bde
3bdf
3be0
3be0
3be1
3be2
3be3
3be3
3be4
3be5
3be6
3be7
3be7
3be8
3be9
3bea
3bea
3beb
3bec
3bed
3bee
3bee
3bef
3bf0
3bf1
3bf1
3bf2
3bf3
3bf4
3bf5
3bf5
3bf6
3bf7
3bf8
3bf9
3bf9
3bfa
3bfb
3bfc
3bfc
3bfd
3bfe
3bff
3c00
3c00
3c01
3c02
3c03
3c03
3c04
3c05
3c06
3c07
3c07
3c08
3c09
3c0a
3c0a
3c0b
3c0c
3c0d
3c0e
3c0e
3c0f
3c10
3c11
3c11
3c12
3c13
3c14
3c15
3c15
3c16
3c17
3c18
3c18
3c19
3c1a
3c1b
3c1c
3c1c
3c1d
3c1e
3c1f
3c1f
3c20
3c21
3c22
3c23
3c23
3c24
3c25
3c26
3c26
3c27
3c28
3c29
3c2a
3c2a
3c2b
3c2c
3c2d
3c2d
3c2e
3c2f
3c30
3c31
3c31
3c32
3c33
3c34
3c35
3c35
3c36
3c37
3c38
3c38
3c39
3c3a
3c3b
3c3c
3c3c
3c3d
3c3e
3c3f
3c3f
3c40
3c41
3c42
3c43
3c43
3c44
3c45
3c46
3c46
3c47
3c48
3c49
3c4a
3c4a
3c4b
3c4c
3c4d
3c4d
3c4e
3c4f
3c50
3c51
3c51
3c52
3c53
3c54
3c54
3c55
3c56
3c57
3c58
3c58
3c59
3c5a
3c5b
3c5c
3c5c
3c5d
3c5e
3c5f
3c5f
3c60
3c61
3c62
3c63
3c63
3c64
3c65
3c66
3c66
3c67
3c68
3c69
3c6a
3c6a
3c6b
3c6c
3c6d
3c6d
3c6e
3c6f
3c70
3c71
3c71
3c72
3c73
3c74
3c74
3c75
3c76
3c77
3c78
3c78
3c79
3c7a
3c7b
3c7c
3c7c
3c7d
3c7e
3c7f
3c7f
3c80
3c81
3c82
3c83
3c83
3c84
3c85
3c86
3c86
3c87
3c88
3c89
3c8a
3c8a
3c8b
3c8c
3c8d
3c8d
3c8e
3c8f
3c90
3c91
3c91
3c92
3c93
3c94
3c94
3c95
3c96
3c97
3c98
3c98
3c99
3c9a
3c9b
3c9c
3c9c
3c9d
3c9e
3c9f
3c9f
3ca0
3ca1
3ca2
3ca3
3ca3
3ca4
3ca5
3ca6
3ca6
3ca7
3ca8
3ca9
3caa
3caa
3cab
3cac
3cad
3cad
3cae
3caf
3cb0
3cb1
3cb1
3cb2
3cb3
3cb4
3cb5
3cb5
3cb6
3cb7
3cb8
3cb8
3cb9
3cba
3cbb
3cbc
3cbc
3cbd
3cbe
3cbf
3cbf
3cc0
3cc1
3cc2
3cc3
3cc3
3cc4
3cc5
3cc6
3cc6
3cc7
3cc8
3cc9
3cca
3cca
3ccb
3ccc
3ccd
3cce
3cce
3ccf
3cd0
3cd1
3cd1
3cd2
3cd3
3cd4
3cd5
3cd5
3cd6
3cd7
3cd8
3cd8
3cd9
3cda
3cdb
3cdc
3cdc
3cdd
3cde
3cdf
3cdf
3ce0
3ce1
3ce2
3ce3
3ce3
3ce4
3ce5
3ce6
3ce7
3ce7
3ce8
3ce9
3cea
3cea
3ceb
3cec
3ced
3cee
3cee
3cef
3cf0
3cf1
3cf1
3cf2
3cf3
3cf4
3cf5
3cf5
3cf6
3cf7
3cf8
3cf8
3cf9
3cfa
3cfb
3cfc
3cfc
3cfd
3cfe
3cff
3d00
3d00
3d01
3d02
3d03
3d03
3d04
3d05
3d06
3d07
3d07
3d08
3d09
3d0a
3d0a
3d0b
3d0c
3d0d
3d0e
3d0e
3d0f
3d10
3d11
3d12
3d12
3d13
3d14
3d15
3d15
3d16
3d17
3d18
3d19
3d19
3d1a
3d1b
3d1c
3d1c
3d1d
3d1e
3d1f
3d20
3d20
3d21
3d22
3d23
3d24
3d24
3d25
3d26
3d27
3d27
3d28
3d29
3d2a
3d2b
3d2b
3d2c
3d2d
3d2e
3d2e
3d2f
3d30
3d31
3d32
3d32
3d33
3d34
3d35
3d35
3d36
3d37
3d38
3d39
3d39
3d3a
3d3b
3d3c
3d3d
3d3d
3d3e
3d3f
3d40
3d40
3d41
3d42
3d43
3d44
3d44
3d45
3d46
3d47
3d47
3d48
3d49
3d4a
3d4b
3d4b
3d4c
3d4d
3d4e
3d4f
3d4f
3d50
3d51
3d52
3d52
3d53
3d54
3d55
3d56
3d56
3d57
3d58
3d59
3d59
3d5a
3d5b
3d5c
3d5d
3d5d
3d5e
3d5f
3d60
3d61
3d61
3d62
3d63
3d64
3d64
3d65
3d66
3d67
3d68
3d68
3d69
3d6a
3d6b
3d6b
3d6c
3d6d
3d6e
3d6f
3d6f
3d70
3d71
3d72
3d73
3d73
3d74
3d75
3d76
3d76
3d77
3d78
3d79
3d7a
3d7a
3d7b
3d7c
3d7d
3d7d
3d7e
3d7f
3d80
3d81
3d81
3d82
3d83
3d84
3d85
3d85
3d86
3d87
3d88
3d88
3d89
3d8a
3d8b
3d8c
3d8c
3d8d
3d8e
3d8f
3d90
3d90
3d91
3d92
3d93
3d93
3d94
3d95
3d96
3d97
3d97
3d98
3d99
3d9a
3d9a
3d9b
3d9c
3d9d
3d9e
3d9e
3d9f
3da0
3da1
3da2
3da2
3da3
3da4
3da5
3da5
3da6
3da7
3da8
3da9
3da9
3daa
3dab
3dac
3dac
3dad
3dae
3daf
3db0
3db0
3db1
3db2
3db3
3db4
3db4
3db5
3db6
3db7
3db7
3db8
3db9
3dba
3dbb
3dbb
3dbc
3dbd
3dbe
3dbe
3dbf
3dc0
3dc1
3dc2
3dc2
3dc3
3dc4
3dc5
3dc6
3dc6
3dc7
3dc8
3dc9
3dc9
3dca
3dcb
3dcc
3dcd
3dcd
3dce
3dcf
3dd0
3dd1
3dd1
3dd2
3dd3
3dd4
3dd4
3dd5
3dd6
3dd7
3dd8
3dd8
3dd9
3dda
3ddb
3ddb
3ddc
3ddd
3dde
3ddf
3ddf
3de0
3de1
3de2
3de3
3de3
3de4
3de5
3de6
3de6
3de7
3de8
3de9
3dea
3dea
3deb
3dec
3ded
3dee
3dee
3def
3df0
3df1
3df1
3df2
3df3
3df4
3df5
3df5
3df6
3df7
3df8
3df8
3df9
3dfa
3dfb
3dfc
3dfc
3dfd
3dfe
3dff
3e00
3e00
3e01
3e02
3e03
3e03
3e04
3e05
3e06
3e07
3e07
3e08
3e09
3e0a
3e0b
3e0b
3e0c
3e0d
3e0e
3e0e
3e0f
3e10
3e11
3e12
3e12
3e13
3e14
3e15
3e15
3e16
3e17
3e18
3e19
3e19
3e1a
3e1b
3e1c
3e1d
3e1d
3e1e
3e1f
3e20
3e20
3e21
3e22
3e23
3e24
3e24
3e25
3e26
3e27
3e28
3e28
3e29
3e2a
3e2b
3e2b
3e2c
3e2d
3e2e
3e2f
3e2f
3e30
3e31
3e32
3e32
3e33
3e34
3e35
3e36
3e36
3e37
3e38
3e39
3e3a
3e3a
3e3b
3e3c
3e3d
3e3d
3e3e
3e3f
3e40
3e41
3e41
3e42
3e43
3e44
3e45
3e45
3e46
3e47
3e48
3e48
3e49
3e4a
3e4b
3e4c
3e4c
3e4d
3e4e
3e4f
3e4f
3e50
3e51
3e52
3e53
3e53
3e54
3e55
3e56
3e57
3e57
3e58
3e59
3e5a
3e5a
3e5b
3e5c
3e5d
3e5e
3e5e
3e5f
3e60
3e61
3e62
3e62
3e63
3e64
3e65
3e65
3e66
3e67
3e68
3e69
3e69
3e6a
3e6b
3e6c
3e6d
3e6d
3e6e
3e6f
3e70
3e70
3e71
3e72
3e73
3e74
3e74
3e75
3e76
3e77
3e77
3e78
3e79
3e7a
3e7b
3e7b
3e7c
3e7d
3e7e
3e7f
3e7f
3e80
3e81
3e82
3e82
3e83
3e84
3e85
3e86
3e86
3e87
3e88
3e89
3e8a
3e8a
3e8b
3e8c
3e8d
3e8d
3e8e
3e8f
3e90
3e91
3e91
3e92
3e93
3e94
3e95
3e95
3e96
3e97
3e98
3e98
3e99
3e9a
3e9b
3e9c
3e9c
3e9d
3e9e
3e9f
3ea0
3ea0
3ea1
3ea2
3ea3
3ea3
3ea4
3ea5
3ea6
3ea7
3ea7
3ea8
3ea9
3eaa
3eaa
3eab
3eac
3ead
3eae
3eae
3eaf
3eb0
3eb1
3eb2
3eb2
3eb3
3eb4
3eb5
3eb5
3eb6
3eb7
3eb8
3eb9
3eb9
3eba
3ebb
3ebc
3ebd
3ebd
3ebe
3ebf
3ec0
3ec0
3ec1
3ec2
3ec3
3ec4
3ec4
3ec5
3ec6
3ec7
3ec8
3ec8
3ec9
3eca
3ecb
3ecb
3ecc
3ecd
3ece
3ecf
3ecf
3ed0
3ed1
3ed2
3ed3
3ed3
3ed4
3ed5
3ed6
3ed6
3ed7
3ed8
3ed9
3eda
3eda
3edb
3edc
3edd
3edd
3ede
3edf
3ee0
3ee1
3ee1
3ee2
3ee3
3ee4
3ee5
3ee5
3ee6
3ee7
3ee8
3ee8
3ee9
3eea
3eeb
3eec
3eec
3eed
3eee
3eef
3ef0
3ef0
3ef1
3ef2
3ef3
3ef3
3ef4
3ef5
3ef6
3ef7
3ef7
3ef8
3ef9
3efa
3efb
3efb
3efc
3efd
3efe
3efe
3eff
3f00
3f01
3f02
3f02
3f03
3f04
3f05
3f06
3f06
3f07
3f08
3f09
3f09
3f0a
3f0b
3f0c
3f0d
3f0d
3f0e
3f0f
3f10
3f11
3f11
3f12
3f13
3f14
3f14
3f15
3f16
3f17
3f18
3f18
3f19
3f1a
3f1b
3f1c
3f1c
3f1d
3f1e
3f1f
3f1f
3f20
3f21
3f22
3f23
3f23
3f24
3f25
3f26
3f26
3f27
3f28
3f29
3f2a
3f2a
3f2b
3f2c
3f2d
3f2e
3f2e
3f2f
3f30
3f31
3f31
3f32
3f33
3f34
3f35
3f35
3f36
3f37
3f38
3f39
3f39
3f3a
3f3b
3f3c
3f3c
3f3d
3f3e
3f3f
3f40
3f40
3f41
3f42
3f43
3f44
3f44
3f45
3f46
3f47
3f47
3f48
3f49
3f4a
3f4b
3f4b
3f4c
3f4d
3f4e
3f4f
3f4f
3f50
3f51
3f52
3f52
3f53
3f54
3f55
3f56
3f56
3f57
3f58
3f59
3f5a
3f5a
3f5b
3f5c
3f5d
3f5d
3f5e
3f5f
3f60
3f61
3f61
3f62
3f63
3f64
3f65
3f65
3f66
3f67
3f68
3f68
3f69
3f6a
3f6b
3f6c
3f6c
3f6d
3f6e
3f6f
3f70
3f70
3f71
3f72
3f73
3f73
3f74
3f75
3f76
3f77
3f77
3f78
3f79
3f7a
3f7b
3f7b
3f7c
3f7d
3f7e
3f7e
3f7f
3f80
3f81
3f82
3f82
3f83
3f84
3f85
3f85
3f86
3f87
3f88
3f89
3f89
3f8a
3f8b
3f8c
3f8d
3f8d
3f8e
3f8f
3f90
3f90
3f91
3f92
3f93
3f94
3f94
3f95
3f96
3f97
3f98
3f98
3f99
3f9a
3f9b
3f9b
3f9c
3f9d
3f9e
3f9f
3f9f
3fa0
3fa1
3fa2
3fa3
3fa3
3fa4
3fa5
3fa6
3fa6
3fa7
3fa8
3fa9
3faa
3faa
3fab
3fac
3fad
3fae
3fae
3faf
3fb0
3fb1
3fb1
3fb2
3fb3
3fb4
3fb5
3fb5
3fb6
3fb7
3fb8
3fb9
3fb9
3fba
3fbb
3fbc
3fbc
3fbd
3fbe
3fbf
3fc0
3fc0
3fc1
3fc2
3fc3
3fc4
3fc4
3fc5
3fc6
3fc7
3fc7
3fc8
3fc9
3fca
3fcb
3fcb
3fcc
3fcd
3fce
3fcf
3fcf
3fd0
3fd1
3fd2
3fd2
3fd3
3fd4
3fd5
3fd6
3fd6
3fd7
3fd8
3fd9
3fda
3fda
3fdb
3fdc
3fdd
3fdd
3fde
3fdf
3fe0
3fe1
3fe1
3fe2
3fe3
3fe4
3fe5
3fe5
3fe6
3fe7
3fe8
3fe8
3fe9
3fea
3feb
3fec
3fec
3fed
3fee
3fef
3ff0
3ff0
3ff1
3ff2
3ff3
3ff3
3ff4
3ff5
3ff6
3ff7
3ff7
3ff8
3ff9
3ffa
3ffb
3ffb
3ffc
3ffd
3ffe
3ffe
3fff
